SQLCli Release 0.0.83
SQL> connect admin/123456
Database connected.
SQL> start DBLink-oracle.sql
SQL> --    Description: 测试DBlink中的oracle数据库
   > --    Date:         2020-06-11
   > --    Author:       丁婷
SQL> set echo on
SQL> drop database link ORACLE_LINK_001 if exists cascade;
0 rows affected
SQL> create database link ORACLE_LINK_001 connect to 'testlink1' 
   > identified by '123456' using 'jdbc:oracle:thin:@192.168.1.72:1521:xe';
0 rows affected
SQL> select * from ORACLE_LINK_001.t_oracle;
+-----+----------+
| ID  | NAME     |
+-----+----------+
| 1.0 | ZHANGSAN |
+-----+----------+
1 row selected.
SQL> select * from ORACLE_LINK_001.EMP;
+--------+--------+-----------+--------+---------------------+--------+--------+--------+
| EMPNO  | ENAME  | JOB       | MGR    | HIREDATE            | SAL    | COMM   | DEPTNO |
+--------+--------+-----------+--------+---------------------+--------+--------+--------+
| 7369.0 | SMITH  | CLERK     | 7902.0 | 1980-12-17 00:00:00 | 800.0  | <null> | 20.0   |
| 7499.0 | ALLEN  | SALESMAN  | 7698.0 | 1981-02-20 00:00:00 | 1600.0 | 300.0  | 30.0   |
| 7521.0 | WARD   | SALESMAN  | 7698.0 | 1981-02-02 00:00:00 | 1250.0 | 500.0  | 30.0   |
| 7566.0 | JONES  | MANAGER   | 7839.0 | 1981-04-02 00:00:00 | 2975.0 | <null> | 20.0   |
| 7654.0 | MARTIN | SALESMAN  | 7698.0 | 1981-09-28 00:00:00 | 1250.0 | 1400.0 | 30.0   |
| 7698.0 | BLAKE  | MANAGER   | 7839.0 | 1981-05-01 00:00:00 | 2850.0 | <null> | 30.0   |
| 7782.0 | CLARK  | MANAGER   | 7839.0 | 1981-06-09 00:00:00 | 2450.0 | <null> | 10.0   |
| 7839.0 | KING   | PRESIDENT | <null> | 1981-11-17 00:00:00 | 5000.0 | <null> | 10.0   |
| 7844.0 | TURNER | SALESMAN  | 7698.0 | 1981-09-08 00:00:00 | 1500.0 | 0.0    | 30.0   |
| 7900.0 | JAMES  | CLERK     | 7698.0 | 1981-12-03 00:00:00 | 950.0  | <null> | 30.0   |
| 7902.0 | FORD   | ANALYST   | 7566.0 | 1981-12-03 00:00:00 | 3000.0 | <null> | 20.0   |
| 7934.0 | MILLER | CLERK     | 7782.0 | 1982-01-23 00:00:00 | 1300.0 | <null> | 10.0   |
+--------+--------+-----------+--------+---------------------+--------+--------+--------+
12 rows selected.
SQL> drop table ORACLE_LINK_001.T_DBLink_ORACLE_001 if exists cascade;
0 rows affected
SQL> create table ORACLE_LINK_001.T_DBLink_ORACLE_001 (
   > tint INT,
   > tchar char(20),
   > tvarchar varchar(20),
   > tdecimal decimal(5,3),
   > tfloat float(2),
   > tdate date,
   > ttimestamp timestamp,
   > tclob Clob,
   > tBlob Blob
   > );
0 rows affected
SQL> insert into ORACLE_LINK_001.T_DBLink_ORACLE_001 values 
   > (1,'tchar1','tvarchar',12.345,45.678,date '2018-03-09',timestamp '2018-03-29 20:21:22','44444','1001000110010111011001101100110111110000010101111101111111001011011001100100'),
   > (2,'tchar2','tvarchar',12.345,45.678,date '2018-03-09',timestamp '2018-03-29 20:21:22','44444','1001000110010111011001101100110111110000010101111101111111001011011001100100'),
   > (3,'tchar3','tvarchar',12.345,45.678,date '2018-03-09',timestamp '2018-03-29 20:21:22','44444','1001000110010111011001101100110111110000010101111101111111001011011001100100'),
   > (4,'tchar4','tvarchar',12.345,45.678,date '2018-03-09',timestamp '2018-03-29 20:21:22','44444','1001000110010111011001101100110111110000010101111101111111001011011001100100');
4 rows affected
SQL> 
SQL> --测试增加字段
SQL> alter table ORACLE_LINK_001.T_DBLink_ORACLE_001 add column c4 int;
0 rows affected
SQL> select data_type from information_schema.columns where table_schema = 'ORACLE_LINK_001' and table_name = 'T_DBLINK_ORACLE_001' and column_name = 'C4';
+-----------+
| DATA_TYPE |
+-----------+
| INTEGER   |
+-----------+
1 row selected.
SQL> 
SQL> --测试删除字段
SQL> alter table ORACLE_LINK_001.T_DBLink_ORACLE_001 drop column c4;
0 rows affected
SQL> select count(*) from information_schema.columns where table_schema = 'ORACLE_LINK_001' and table_name = 'T_DBLINK_ORACLE_001';
+----+
| C1 |
+----+
| 9  |
+----+
1 row selected.
SQL> 
SQL> --测试更新某一字段
SQL> UPDATE ORACLE_LINK_001.T_DBLink_ORACLE_001 SET tfloat=123.111 where tint>1;
3 rows affected
SQL> 
SQL> --删除某一行数据
SQL> delete from ORACLE_LINK_001.T_DBLink_ORACLE_001 where tint > 2;
2 rows affected
SQL> 
SQL> --使用聚合函数查询数据行数
SQL> select count(*) from  ORACLE_LINK_001.T_DBLink_ORACLE_001;
+----+
| C1 |
+----+
| 2  |
+----+
1 row selected.
SQL> 
SQL> --查询数据
SQL> select tchar,tdecimal,tdate from ORACLE_LINK_001.T_DBLink_ORACLE_001 order by tINT;
+----------------------+----------+----------+
| TCHAR                | TDECIMAL | TDATE    |
+----------------------+----------+----------+
| tchar1               | 12.345   | 2018-3-9 |
| tchar2               | 12.345   | 2018-3-9 |
+----------------------+----------+----------+
2 rows selected.
SQL> 
SQL> 
SQL> 
SQL> --加载其他用户的表
SQL> drop table ORACLE_LINK_001.T_DBLink_ORACLE_001 if exists cascade;
0 rows affected
SQL> drop database link ORACLE_LINK_001 if exists cascade;
0 rows affected
SQL> create database link ORACLE_LINK_001 connect to 'testlink1' identified by '123456' using 'jdbc:oracle:thin:@192.168.1.72:1521:xe' properties('otherUsers':'testlink2');
0 rows affected
SQL> SELECT * FROM ORACLE_LINK_001.TBLLINK3;
+-----------+
| ID        |
+-----------+
| 1234567.0 |
+-----------+
1 row selected.
SQL> drop database link ORACLE_LINK_001 if exists cascade;
0 rows affected
SQL> exit
Disconnected.
