SQLCli Release 0.0.83
SQL> start oracle_setup.sql
SQL> set echo on
SQL> connect testlink1/123456@jdbc:oracle:thin://192.168.1.72:1521:xe
Database connected.
SQL> drop table t_oracle;
0 rows affected
SQL> drop table EMP;
0 rows affected
SQL> create table t_oracle(ID INT,NAME VARCHAR(50));
0 rows affected
SQL> INSERT INTO T_ORACLE VALUES (1,'ZHANGSAN');
1 row affected
SQL> select * from T_ORACLE;
+-----+----------+
| ID  | NAME     |
+-----+----------+
| 1.0 | ZHANGSAN |
+-----+----------+
1 row selected.
SQL> CREATE TABLE EMP (
   > EMPNO NUMBER(10,1),
   > ENAME VARCHAR(20),
   > JOB VARCHAR(20),
   > MGR NUMBER(10,2),
   > HIREDATE DATE,
   > SAL NUMBER(5,1),
   > COMM NUMBER,
   > DEPTNO NUMBER);
0 rows affected
SQL> INSERT INTO EMP VALUES (7369,'SMITH','CLERK',7902,to_date('1980-12-17','yyyy-mm-dd'),800,NULL,20);
1 row affected
SQL> INSERT INTO EMP VALUES (7499,'ALLEN','SALESMAN',7698,to_date('1981-2-20','yyyy-mm-dd'),1600,300,30);
1 row affected
SQL> INSERT INTO EMP VALUES (7521,'WARD','SALESMAN',7698,to_date('1981-2-2','yyyy-mm-dd'),1250,500,30);
1 row affected
SQL> INSERT INTO EMP VALUES (7566,'JONES','MANAGER',7839,to_date('1981-4-2','yyyy-mm-dd'),2975,NULL,20);
1 row affected
SQL> INSERT INTO EMP VALUES (7654,'MARTIN','SALESMAN',7698,to_date('1981-9-28','yyyy-mm-dd'),1250,1400,30);
1 row affected
SQL> INSERT INTO EMP VALUES (7698,'BLAKE','MANAGER',7839,to_date('1981-5-1','yyyy-mm-dd'),2850,NULL,30);
1 row affected
SQL> INSERT INTO EMP VALUES (7782,'CLARK','MANAGER',7839,to_date('1981-6-9','yyyy-mm-dd'),2450,NULL,10);
1 row affected
SQL> INSERT INTO EMP VALUES (7839,'KING','PRESIDENT',NULL,to_date('1981-11-17','yyyy-mm-dd'),5000,NULL,10);
1 row affected
SQL> INSERT INTO EMP VALUES (7844,'TURNER','SALESMAN',7698,to_date('1981-9-8','yyyy-mm-dd'),1500,0,30);
1 row affected
SQL> INSERT INTO EMP VALUES (7900,'JAMES','CLERK',7698,to_date('1981-12-3','yyyy-mm-dd'),950,NULL,30);
1 row affected
SQL> INSERT INTO EMP VALUES (7902,'FORD','ANALYST',7566,to_date('1981-12-3','yyyy-mm-dd'),3000,NULL,20);
1 row affected
SQL> INSERT INTO EMP VALUES (7934,'MILLER','CLERK',7782,to_date('1982-1-23','yyyy-mm-dd'),1300,NULL,10);
1 row affected
SQL> SELECT * FROM emp order by EMPNO;
+--------+--------+-----------+--------+---------------------+--------+--------+--------+
| EMPNO  | ENAME  | JOB       | MGR    | HIREDATE            | SAL    | COMM   | DEPTNO |
+--------+--------+-----------+--------+---------------------+--------+--------+--------+
| 7369.0 | SMITH  | CLERK     | 7902.0 | 1980-12-17 00:00:00 | 800.0  | <null> | 20.0   |
| 7499.0 | ALLEN  | SALESMAN  | 7698.0 | 1981-02-20 00:00:00 | 1600.0 | 300.0  | 30.0   |
| 7521.0 | WARD   | SALESMAN  | 7698.0 | 1981-02-02 00:00:00 | 1250.0 | 500.0  | 30.0   |
| 7566.0 | JONES  | MANAGER   | 7839.0 | 1981-04-02 00:00:00 | 2975.0 | <null> | 20.0   |
| 7654.0 | MARTIN | SALESMAN  | 7698.0 | 1981-09-28 00:00:00 | 1250.0 | 1400.0 | 30.0   |
| 7698.0 | BLAKE  | MANAGER   | 7839.0 | 1981-05-01 00:00:00 | 2850.0 | <null> | 30.0   |
| 7782.0 | CLARK  | MANAGER   | 7839.0 | 1981-06-09 00:00:00 | 2450.0 | <null> | 10.0   |
| 7839.0 | KING   | PRESIDENT | <null> | 1981-11-17 00:00:00 | 5000.0 | <null> | 10.0   |
| 7844.0 | TURNER | SALESMAN  | 7698.0 | 1981-09-08 00:00:00 | 1500.0 | 0.0    | 30.0   |
| 7900.0 | JAMES  | CLERK     | 7698.0 | 1981-12-03 00:00:00 | 950.0  | <null> | 30.0   |
| 7902.0 | FORD   | ANALYST   | 7566.0 | 1981-12-03 00:00:00 | 3000.0 | <null> | 20.0   |
| 7934.0 | MILLER | CLERK     | 7782.0 | 1982-01-23 00:00:00 | 1300.0 | <null> | 10.0   |
+--------+--------+-----------+--------+---------------------+--------+--------+--------+
12 rows selected.
SQL> exit
Disconnected.
