SQLCli Release 0.0.59
SQL> connect admin/123456
Database connected.
SQL> start GroupBy.sql
SQL> -- Description：
   > --             LDB专项测试
   > --             1.group by 全部类型
   > --             2.insert 到其他表
   > --             3.直接返回结果
   > -- Date：2020-05-09
   > -- Author：李爱敏
SQL> SET ECHO ON
SQL> SET TIMING ON
Running time elapsed:      0.00 Seconds
SQL> 
SQL> -- GROUP BY语法
   > -- 穷举所有数据类型进行group by查询
SQL> SELECT TSMALLINT FROM P1000 GROUP BY TSMALLINT ORDER BY TSMALLINT LIMIT 10;
+-----------+
| TSMALLINT |
+-----------+
| 16        |
| 30        |
| 38        |
| 70        |
| 75        |
| 86        |
| 111       |
| 112       |
| 186       |
| 232       |
+-----------+
10 rows selected.
Running time elapsed:      1.51 Seconds
SQL> -- 把查询出的数据insert到T_TYPE_SMALLINT表中
SQL> DROP TABLE T_TYPE_SMALLINT IF EXISTS;
0 rows affected
Running time elapsed:      0.19 Seconds
SQL> CREATE TABLE T_TYPE_SMALLINT AS (SELECT TSMALLINT FROM P1000 GROUP BY TSMALLINT) WITH DATA;
0 rows affected
Running time elapsed:      7.36 Seconds
SQL> -- 查看返回结果
SQL> SELECT * FROM T_TYPE_SMALLINT ORDER BY TSMALLINT LIMIT 10;
+-----------+
| TSMALLINT |
+-----------+
| 16        |
| 30        |
| 38        |
| 70        |
| 75        |
| 86        |
| 111       |
| 112       |
| 186       |
| 232       |
+-----------+
10 rows selected.
Running time elapsed:      0.73 Seconds
SQL> SELECT TINTEGER FROM P1000 GROUP BY TINTEGER ORDER BY TINTEGER LIMIT 10;
+----------+
| TINTEGER |
+----------+
| 2777     |
| 3358     |
| 4990     |
| 8244     |
| 24674    |
| 36068    |
| 36565    |
| 39351    |
| 40111    |
| 43988    |
+----------+
10 rows selected.
Running time elapsed:      2.02 Seconds
SQL> -- 把查询出的数据insert到T_TYPE_INTEGER表中
SQL> DROP TABLE T_TYPE_INTEGER IF EXISTS;
0 rows affected
Running time elapsed:      0.19 Seconds
SQL> CREATE TABLE T_TYPE_INTEGER AS (SELECT TINTEGER FROM P1000 GROUP BY TINTEGER) WITH DATA;
0 rows affected
Running time elapsed:      7.97 Seconds
SQL> -- 查看返回结果
SQL> SELECT * FROM T_TYPE_INTEGER ORDER BY TINTEGER LIMIT 10;
+----------+
| TINTEGER |
+----------+
| 2777     |
| 3358     |
| 4990     |
| 8244     |
| 24674    |
| 36068    |
| 36565    |
| 39351    |
| 40111    |
| 43988    |
+----------+
10 rows selected.
Running time elapsed:      1.01 Seconds
SQL> SELECT TBIGINT FROM P1000 GROUP BY TBIGINT ORDER BY TBIGINT LIMIT 10;
+-----------+
| TBIGINT   |
+-----------+
| 27770954  |
| 33582059  |
| 49909414  |
| 82449639  |
| 246745776 |
| 360689167 |
| 365656026 |
| 393510421 |
| 401113184 |
| 439883390 |
+-----------+
10 rows selected.
Running time elapsed:      1.58 Seconds
SQL> -- 把查询出的数据insert到T_TYPE_BIGINT表中
SQL> DROP TABLE T_TYPE_BIGINT IF EXISTS;
0 rows affected
Running time elapsed:      0.21 Seconds
SQL> CREATE TABLE T_TYPE_BIGINT AS (SELECT TBIGINT FROM P1000 GROUP BY TBIGINT)  WITH DATA;
0 rows affected
Running time elapsed:      9.89 Seconds
SQL> -- 查看返回结果
SQL> SELECT * FROM T_TYPE_BIGINT ORDER BY TBIGINT LIMIT 10;
+-----------+
| TBIGINT   |
+-----------+
| 27770954  |
| 33582059  |
| 49909414  |
| 82449639  |
| 246745776 |
| 360689167 |
| 365656026 |
| 393510421 |
| 401113184 |
| 439883390 |
+-----------+
10 rows selected.
Running time elapsed:      0.93 Seconds
SQL> SELECT TREAL FROM P1000 GROUP BY TREAL ORDER BY TREAL LIMIT 10;
+-------+
| TREAL |
+-------+
| 16    |
| 16.02 |
| 16.03 |
| 16.04 |
| 16.05 |
| 16.07 |
| 16.08 |
| 16.11 |
| 16.12 |
| 16.13 |
+-------+
10 rows selected.
Running time elapsed:      2.45 Seconds
SQL> -- 把查询出的数据insert到T_TYPE_REAL表中
SQL> DROP TABLE T_TYPE_REAL IF EXISTS;
0 rows affected
Running time elapsed:      0.20 Seconds
SQL> CREATE TABLE T_TYPE_REAL AS (SELECT TREAL FROM P1000 GROUP BY TREAL) WITH DATA;
0 rows affected
Running time elapsed:      8.38 Seconds
SQL> -- 查看返回结果
SQL> SELECT * FROM T_TYPE_REAL ORDER BY TREAL LIMIT 10;
+-------+
| TREAL |
+-------+
| 16    |
| 16.02 |
| 16.03 |
| 16.04 |
| 16.05 |
| 16.07 |
| 16.08 |
| 16.11 |
| 16.12 |
| 16.13 |
+-------+
10 rows selected.
Running time elapsed:      0.93 Seconds
SQL> SELECT TDOUBLE FROM P1000 GROUP BY TDOUBLE ORDER BY TDOUBLE LIMIT 10;
+---------+
| TDOUBLE |
+---------+
| 16      |
| 16.02   |
| 16.03   |
| 16.04   |
| 16.05   |
| 16.07   |
| 16.08   |
| 16.11   |
| 16.12   |
| 16.13   |
+---------+
10 rows selected.
Running time elapsed:      3.12 Seconds
SQL> -- 把查询出的数据insert到T_TYPE_DOUBLE表中
SQL> DROP TABLE T_TYPE_DOUBLE IF EXISTS;
0 rows affected
Running time elapsed:      0.15 Seconds
SQL> CREATE TABLE T_TYPE_DOUBLE AS (SELECT TDOUBLE FROM P1000 GROUP BY TDOUBLE) WITH DATA;
0 rows affected
Running time elapsed:      8.11 Seconds
SQL> -- 查看返回结果
SQL> SELECT * FROM T_TYPE_DOUBLE ORDER BY TDOUBLE LIMIT 10;
+---------+
| TDOUBLE |
+---------+
| 16      |
| 16.02   |
| 16.03   |
| 16.04   |
| 16.05   |
| 16.07   |
| 16.08   |
| 16.11   |
| 16.12   |
| 16.13   |
+---------+
10 rows selected.
Running time elapsed:      0.83 Seconds
SQL> SELECT TFLOAT FROM P1000 GROUP BY TFLOAT ORDER BY TFLOAT LIMIT 10;
+--------+
| TFLOAT |
+--------+
| 16     |
| 16.02  |
| 16.03  |
| 16.04  |
| 16.05  |
| 16.07  |
| 16.08  |
| 16.11  |
| 16.12  |
| 16.13  |
+--------+
10 rows selected.
Running time elapsed:      2.07 Seconds
SQL> -- 把查询出的数据insert到T_TYPE_FLOAT表中
SQL> DROP TABLE T_TYPE_FLOAT IF EXISTS;
0 rows affected
Running time elapsed:      0.35 Seconds
SQL> CREATE TABLE T_TYPE_FLOAT AS (SELECT TFLOAT FROM P1000 GROUP BY TFLOAT) WITH DATA;
0 rows affected
Running time elapsed:      7.82 Seconds
SQL> -- 查看返回结果
SQL> SELECT * FROM T_TYPE_FLOAT ORDER BY TFLOAT LIMIT 10;
+--------+
| TFLOAT |
+--------+
| 16     |
| 16.02  |
| 16.03  |
| 16.04  |
| 16.05  |
| 16.07  |
| 16.08  |
| 16.11  |
| 16.12  |
| 16.13  |
+--------+
10 rows selected.
Running time elapsed:      0.85 Seconds
SQL> SELECT TDECIMAL FROM P1000 GROUP BY TDECIMAL ORDER BY TDECIMAL LIMIT 10;
+----------+
| TDECIMAL |
+----------+
| 16.0     |
| 16.02    |
| 16.03    |
| 16.04    |
| 16.05    |
| 16.07    |
| 16.08    |
| 16.11    |
| 16.12    |
| 16.13    |
+----------+
10 rows selected.
Running time elapsed:      1.62 Seconds
SQL> -- 把查询出的数据insert到T_TYPE_DECIMAL表中
SQL> DROP TABLE T_TYPE_DECIMAL IF EXISTS;
0 rows affected
Running time elapsed:      0.19 Seconds
SQL> CREATE TABLE T_TYPE_DECIMAL AS (SELECT TDECIMAL FROM P1000 GROUP BY TDECIMAL) WITH DATA;
0 rows affected
Running time elapsed:      8.35 Seconds
SQL> -- 查看返回结果
SQL> SELECT * FROM T_TYPE_DECIMAL ORDER BY TDECIMAL LIMIT 10;
+----------+
| TDECIMAL |
+----------+
| 16.0     |
| 16.02    |
| 16.03    |
| 16.04    |
| 16.05    |
| 16.07    |
| 16.08    |
| 16.11    |
| 16.12    |
| 16.13    |
+----------+
10 rows selected.
Running time elapsed:      0.82 Seconds
SQL> SELECT TNUMERIC FROM P1000 GROUP BY TNUMERIC ORDER BY TNUMERIC LIMIT 10;
+----------+
| TNUMERIC |
+----------+
| 16.0016  |
| 16.003   |
| 16.0038  |
| 16.007   |
| 16.0075  |
| 16.0086  |
| 16.0111  |
| 16.0112  |
| 16.0186  |
| 16.0232  |
+----------+
10 rows selected.
Running time elapsed:      1.84 Seconds
SQL> -- 把查询出的数据insert到T_TYPE_NUMERIC表中
SQL> DROP TABLE T_TYPE_NUMERIC IF EXISTS;
0 rows affected
Running time elapsed:      0.19 Seconds
SQL> CREATE TABLE T_TYPE_NUMERIC AS (SELECT TNUMERIC FROM P1000 GROUP BY TNUMERIC) WITH DATA;
0 rows affected
Running time elapsed:      9.79 Seconds
SQL> -- 查看返回结果
SQL> SELECT * FROM T_TYPE_NUMERIC ORDER BY TNUMERIC LIMIT 10;
+----------+
| TNUMERIC |
+----------+
| 16.0016  |
| 16.003   |
| 16.0038  |
| 16.007   |
| 16.0075  |
| 16.0086  |
| 16.0111  |
| 16.0112  |
| 16.0186  |
| 16.0232  |
+----------+
10 rows selected.
Running time elapsed:      0.81 Seconds
SQL> SELECT TDATE FROM P1000 GROUP BY TDATE ORDER BY TDATE LIMIT 10;
+-----------+
| TDATE     |
+-----------+
| 1979-1-1  |
| 1979-1-2  |
| 1979-1-3  |
| 1979-1-4  |
| 1979-1-5  |
| 1979-1-6  |
| 1979-1-7  |
| 1979-1-8  |
| 1979-1-9  |
| 1979-1-10 |
+-----------+
10 rows selected.
Running time elapsed:      1.53 Seconds
SQL> -- 把查询出的数据insert到T_TYPE_DATE表中
SQL> DROP TABLE T_TYPE_DATE IF EXISTS;
0 rows affected
Running time elapsed:      0.20 Seconds
SQL> CREATE TABLE T_TYPE_DATE AS (SELECT TDATE FROM P1000 GROUP BY TDATE) WITH DATA;
0 rows affected
Running time elapsed:      8.14 Seconds
SQL> SELECT * FROM T_TYPE_DATE ORDER BY TDATE LIMIT 10;
+-----------+
| TDATE     |
+-----------+
| 1979-1-1  |
| 1979-1-2  |
| 1979-1-3  |
| 1979-1-4  |
| 1979-1-5  |
| 1979-1-6  |
| 1979-1-7  |
| 1979-1-8  |
| 1979-1-9  |
| 1979-1-10 |
+-----------+
10 rows selected.
Running time elapsed:      0.85 Seconds
SQL> SELECT TTIMESTAMP FROM P1000 GROUP BY TTIMESTAMP ORDER BY TTIMESTAMP LIMIT 10;
+---------------------+
| TTIMESTAMP          |
+---------------------+
| 1979-01-01 00:00:31 |
| 1979-01-01 00:02:27 |
| 1979-01-01 00:08:21 |
| 1979-01-01 00:10:29 |
| 1979-01-01 00:13:48 |
| 1979-01-01 00:17:18 |
| 1979-01-01 00:25:36 |
| 1979-01-01 00:25:59 |
| 1979-01-01 00:26:26 |
| 1979-01-01 00:30:20 |
+---------------------+
10 rows selected.
Running time elapsed:      2.01 Seconds
SQL> -- 把查询出的数据insert到T_TYPE_TIMESTAMP表中
SQL> DROP TABLE T_TYPE_TIMESTAMP IF EXISTS;
0 rows affected
Running time elapsed:      0.19 Seconds
SQL> CREATE TABLE T_TYPE_TIMESTAMP AS (SELECT TTIMESTAMP FROM P1000 GROUP BY TTIMESTAMP) WITH DATA;
0 rows affected
Running time elapsed:      8.46 Seconds
SQL> -- 查看返回结果
SQL> SELECT * FROM T_TYPE_TIMESTAMP ORDER BY TTIMESTAMP LIMIT 10;
+---------------------+
| TTIMESTAMP          |
+---------------------+
| 1979-01-01 00:00:31 |
| 1979-01-01 00:02:27 |
| 1979-01-01 00:08:21 |
| 1979-01-01 00:10:29 |
| 1979-01-01 00:13:48 |
| 1979-01-01 00:17:18 |
| 1979-01-01 00:25:36 |
| 1979-01-01 00:25:59 |
| 1979-01-01 00:26:26 |
| 1979-01-01 00:30:20 |
+---------------------+
10 rows selected.
Running time elapsed:      0.95 Seconds
SQL> SELECT TBOOL FROM P1000 GROUP BY TBOOL ORDER BY TBOOL LIMIT 10;
+-------+
| TBOOL |
+-------+
| False |
| True  |
+-------+
2 rows selected.
Running time elapsed:      1.21 Seconds
SQL> -- 把查询出的数据insert到T_TYPE_BOOL表中
SQL> DROP TABLE T_TYPE_BOOL IF EXISTS;
0 rows affected
Running time elapsed:      0.19 Seconds
SQL> CREATE TABLE T_TYPE_BOOL AS (SELECT TBOOL FROM P1000 GROUP BY TBOOL) WITH DATA;
0 rows affected
Running time elapsed:      2.57 Seconds
SQL> -- 查看返回结果
SQL> SELECT * FROM T_TYPE_BOOL ORDER BY TBOOL LIMIT 10;
+-------+
| TBOOL |
+-------+
| False |
| True  |
+-------+
2 rows selected.
Running time elapsed:      0.50 Seconds
SQL> SELECT TCHAR FROM P1000 GROUP BY TCHAR ORDER BY TCHAR LIMIT 10;
+-----------------------------------------------------------------------------------------------------------------------------------------------------------------------------------------------------------------------------------------------------------------+
| TCHAR                                                                                                                                                                                                                                                           |
+-----------------------------------------------------------------------------------------------------------------------------------------------------------------------------------------------------------------------------------------------------------------+
| 00Yp4DMxZ9hPOVwsqXazo141sCXqxnluJF7YH2NRveJZx3XJbd                                                                                                                                                                                                              |
| 01fenKRX0xnAlT5KcHsM3FogARg6T1UnLEsvrgtNsm5Xce2oEY                                                                                                                                                                                                              |
| 0211FEbiYdJUGnFxH91Xnrhcn3tAqnXAF3P3cbeDCYCEN63Kqh                                                                                                                                                                                                              |
| 02MzKlKczsTbzNdEhEqr1vim4uyCHtzS9G1vf6H9wsv8XpqeeE                                                                                                                                                                                                              |
| 03K4tOHEje2KLkocP5iGfgZFWCEM1y7X7sDwCZcd6yhY5j1yH4                                                                                                                                                                                                              |
| 04cW1XDXbpVzcjGcgwdUxIHKjbac0smxGrG6fMsA3OEGN7SDbl                                                                                                                                                                                                              |
| 05DReCgk1YlG515yiRPdf12XgNHVXRMtjoTe7dwPRIJuj1A4e5                                                                                                                                                                                                              |
| 0618kq7yjlFM3fRzgFGZyswvLrYudK1snuGTuZXmPUsoM7CHTm                                                                                                                                                                                                              |
| 06Xzyij776CSPxIbVKCEDjiLIgDqlgywPfBXD4FM5L1xCRu5FI                                                                                                                                                                                                              |
| 06gf53PWtrpKOVHqToc6gKTo9Gq5z54Mi9aMvGDcxlKyOZ6IK5                                                                                                                                                                                                              |
+-----------------------------------------------------------------------------------------------------------------------------------------------------------------------------------------------------------------------------------------------------------------+
10 rows selected.
Running time elapsed:      2.14 Seconds
SQL> -- 把查询出的数据insert到T_TYPE_CHAR表中
SQL> DROP TABLE T_TYPE_CHAR IF EXISTS;
0 rows affected
Running time elapsed:      0.15 Seconds
SQL> CREATE TABLE T_TYPE_CHAR AS (SELECT TCHAR FROM P1000 GROUP BY TCHAR) WITH DATA;
0 rows affected
Running time elapsed:      7.82 Seconds
SQL> -- 查看返回结果
SQL> SELECT * FROM T_TYPE_CHAR ORDER BY TCHAR LIMIT 10;
+-----------------------------------------------------------------------------------------------------------------------------------------------------------------------------------------------------------------------------------------------------------------+
| TCHAR                                                                                                                                                                                                                                                           |
+-----------------------------------------------------------------------------------------------------------------------------------------------------------------------------------------------------------------------------------------------------------------+
| 00Yp4DMxZ9hPOVwsqXazo141sCXqxnluJF7YH2NRveJZx3XJbd                                                                                                                                                                                                              |
| 01fenKRX0xnAlT5KcHsM3FogARg6T1UnLEsvrgtNsm5Xce2oEY                                                                                                                                                                                                              |
| 0211FEbiYdJUGnFxH91Xnrhcn3tAqnXAF3P3cbeDCYCEN63Kqh                                                                                                                                                                                                              |
| 02MzKlKczsTbzNdEhEqr1vim4uyCHtzS9G1vf6H9wsv8XpqeeE                                                                                                                                                                                                              |
| 03K4tOHEje2KLkocP5iGfgZFWCEM1y7X7sDwCZcd6yhY5j1yH4                                                                                                                                                                                                              |
| 04cW1XDXbpVzcjGcgwdUxIHKjbac0smxGrG6fMsA3OEGN7SDbl                                                                                                                                                                                                              |
| 05DReCgk1YlG515yiRPdf12XgNHVXRMtjoTe7dwPRIJuj1A4e5                                                                                                                                                                                                              |
| 0618kq7yjlFM3fRzgFGZyswvLrYudK1snuGTuZXmPUsoM7CHTm                                                                                                                                                                                                              |
| 06Xzyij776CSPxIbVKCEDjiLIgDqlgywPfBXD4FM5L1xCRu5FI                                                                                                                                                                                                              |
| 06gf53PWtrpKOVHqToc6gKTo9Gq5z54Mi9aMvGDcxlKyOZ6IK5                                                                                                                                                                                                              |
+-----------------------------------------------------------------------------------------------------------------------------------------------------------------------------------------------------------------------------------------------------------------+
10 rows selected.
Running time elapsed:      0.86 Seconds
SQL> SELECT TVARCHAR FROM P1000 GROUP BY TVARCHAR ORDER BY TVARCHAR LIMIT 10;
+------------------------------------------------------------------------------------------------------+
| TVARCHAR                                                                                             |
+------------------------------------------------------------------------------------------------------+
| 00Yp4DMxZ9hPOVwsqXazo141sCXqxnluJF7YH2NRveJZx3XJbdcdKUGWvVLD9YjfYlb2xrcTY8dTr00Ldbx9iAo2UreComC7je2g |
| 01fenKRX0xnAlT5KcHsM3FogARg6T1UnLEsvrgtNsm5Xce2oEYDsZYRRxET579FCaXdtYz4uzKPdBCzo3LRc6G6olGhDzkpze7J0 |
| 0211FEbiYdJUGnFxH91Xnrhcn3tAqnXAF3P3cbeDCYCEN63KqhBHucNjzzzl0SxBk2YlD4YKvWDgfETgfB1KjZwVxhXWylD7nO89 |
| 02MzKlKczsTbzNdEhEqr1vim4uyCHtzS9G1vf6H9wsv8XpqeeEzTxks6Gy7rXDAhYzndgrch9bVRsD9748tdWMUR8UdSiNL2HE1T |
| 03K4tOHEje2KLkocP5iGfgZFWCEM1y7X7sDwCZcd6yhY5j1yH4LlRhRHZHAysZY77hqzb4NzjM03TNZJVPzqmiIwE2LxfVFGsA4N |
| 04cW1XDXbpVzcjGcgwdUxIHKjbac0smxGrG6fMsA3OEGN7SDblJ9k4MxFOHzH5mvAlVROEdDdN9hHZY2icRfRdGSJfVs4qCu06G1 |
| 05DReCgk1YlG515yiRPdf12XgNHVXRMtjoTe7dwPRIJuj1A4e5q4l1yqUxxwGnPUvq6aHeUXIoUHm9vJiA7Z7vnwWUKPVwIZ07Si |
| 0618kq7yjlFM3fRzgFGZyswvLrYudK1snuGTuZXmPUsoM7CHTmg0UOLBsxUJybSvUAz94gUVKRH7CorhtNeqNTgxMvlGUSVV7skF |
| 06Xzyij776CSPxIbVKCEDjiLIgDqlgywPfBXD4FM5L1xCRu5FIt4IYGcI31FjkBgfdXB7g4VddNCLsHJ96BMBxKRoV0RxRCevRUq |
| 06gf53PWtrpKOVHqToc6gKTo9Gq5z54Mi9aMvGDcxlKyOZ6IK5TXR48KpyquIAIeZe25WuZFaRMENDBV8PFDLRpHK9UyHsxFo1Tw |
+------------------------------------------------------------------------------------------------------+
10 rows selected.
Running time elapsed:      2.37 Seconds
SQL> -- 把查询出的数据insert到T_TYPE_VARCHAR表中
SQL> DROP TABLE T_TYPE_VARCHAR IF EXISTS;
0 rows affected
Running time elapsed:      0.20 Seconds
SQL> CREATE TABLE T_TYPE_VARCHAR AS (SELECT TVARCHAR FROM P1000 GROUP BY TVARCHAR) WITH DATA;
0 rows affected
Running time elapsed:      7.71 Seconds
SQL> -- 查看返回结果
SQL> SELECT * FROM T_TYPE_VARCHAR ORDER BY TVARCHAR LIMIT 10;
+------------------------------------------------------------------------------------------------------+
| TVARCHAR                                                                                             |
+------------------------------------------------------------------------------------------------------+
| 00Yp4DMxZ9hPOVwsqXazo141sCXqxnluJF7YH2NRveJZx3XJbdcdKUGWvVLD9YjfYlb2xrcTY8dTr00Ldbx9iAo2UreComC7je2g |
| 01fenKRX0xnAlT5KcHsM3FogARg6T1UnLEsvrgtNsm5Xce2oEYDsZYRRxET579FCaXdtYz4uzKPdBCzo3LRc6G6olGhDzkpze7J0 |
| 0211FEbiYdJUGnFxH91Xnrhcn3tAqnXAF3P3cbeDCYCEN63KqhBHucNjzzzl0SxBk2YlD4YKvWDgfETgfB1KjZwVxhXWylD7nO89 |
| 02MzKlKczsTbzNdEhEqr1vim4uyCHtzS9G1vf6H9wsv8XpqeeEzTxks6Gy7rXDAhYzndgrch9bVRsD9748tdWMUR8UdSiNL2HE1T |
| 03K4tOHEje2KLkocP5iGfgZFWCEM1y7X7sDwCZcd6yhY5j1yH4LlRhRHZHAysZY77hqzb4NzjM03TNZJVPzqmiIwE2LxfVFGsA4N |
| 04cW1XDXbpVzcjGcgwdUxIHKjbac0smxGrG6fMsA3OEGN7SDblJ9k4MxFOHzH5mvAlVROEdDdN9hHZY2icRfRdGSJfVs4qCu06G1 |
| 05DReCgk1YlG515yiRPdf12XgNHVXRMtjoTe7dwPRIJuj1A4e5q4l1yqUxxwGnPUvq6aHeUXIoUHm9vJiA7Z7vnwWUKPVwIZ07Si |
| 0618kq7yjlFM3fRzgFGZyswvLrYudK1snuGTuZXmPUsoM7CHTmg0UOLBsxUJybSvUAz94gUVKRH7CorhtNeqNTgxMvlGUSVV7skF |
| 06Xzyij776CSPxIbVKCEDjiLIgDqlgywPfBXD4FM5L1xCRu5FIt4IYGcI31FjkBgfdXB7g4VddNCLsHJ96BMBxKRoV0RxRCevRUq |
| 06gf53PWtrpKOVHqToc6gKTo9Gq5z54Mi9aMvGDcxlKyOZ6IK5TXR48KpyquIAIeZe25WuZFaRMENDBV8PFDLRpHK9UyHsxFo1Tw |
+------------------------------------------------------------------------------------------------------+
10 rows selected.
Running time elapsed:      0.85 Seconds
SQL> 
SQL> 
SQL> -- 不同数据类型组合进行group by查询
   > -- 3种整型数据类型组合
SQL> SELECT TSMALLINT,TINTEGER,TBIGINT FROM P1000 GROUP BY TSMALLINT, TINTEGER,TBIGINT ORDER BY TSMALLINT LIMIT 10;
+-----------+----------+--------------+
| TSMALLINT | TINTEGER | TBIGINT      |
+-----------+----------+--------------+
| 16        | 9952645  | 417085820329 |
| 16        | 20206332 | 625992347448 |
| 16        | 79134616 | 400804771201 |
| 16        | 42368061 | 664804639421 |
| 16        | 66634277 | 51454837986  |
| 16        | 25133701 | 530097622031 |
| 16        | 83709817 | 813920288365 |
| 16        | 97026019 | 712632663518 |
| 16        | 63740950 | 78912371714  |
| 16        | 7222977  | 325085297156 |
+-----------+----------+--------------+
10 rows selected.
Running time elapsed:      1.81 Seconds
SQL> -- 把查询出的数据insert到T_TYPE_INTS表中
SQL> DROP TABLE T_TYPE_INTS IF EXISTS;
0 rows affected
Running time elapsed:      0.20 Seconds
SQL> CREATE TABLE T_TYPE_INTS AS (SELECT TSMALLINT,TINTEGER,TBIGINT FROM P1000 GROUP BY TSMALLINT, TINTEGER,TBIGINT) WITH DATA;
0 rows affected
Running time elapsed:      8.42 Seconds
SQL> -- 查看返回结果
SQL> SELECT * FROM T_TYPE_INTS ORDER BY TSMALLINT LIMIT 10;
+-----------+----------+--------------+
| TSMALLINT | TINTEGER | TBIGINT      |
+-----------+----------+--------------+
| 16        | 56700568 | 288443892034 |
| 16        | 35898811 | 605910099267 |
| 16        | 83212892 | 188777945235 |
| 16        | 45280645 | 483114379443 |
| 16        | 20660819 | 238282372057 |
| 16        | 86608664 | 360205222698 |
| 16        | 3825201  | 307733132963 |
| 16        | 25206088 | 777240745289 |
| 16        | 50087500 | 333340995482 |
| 16        | 57508382 | 209847422347 |
+-----------+----------+--------------+
10 rows selected.
Running time elapsed:      1.00 Seconds
SQL> 
SQL> -- 5种浮点型数据类型组合
SQL> SELECT TREAL,TDOUBLE,TFLOAT,TDECIMAL,TNUMERIC FROM P1000 GROUP BY TREAL, TDOUBLE, TFLOAT, TDECIMAL, TNUMERIC ORDER BY TREAL,TDOUBLE,TFLOAT LIMIT 10;
+-------+---------+---------+----------+-----------+
| TREAL | TDOUBLE | TFLOAT  | TDECIMAL | TNUMERIC  |
+-------+---------+---------+----------+-----------+
| 16    | 75.53   | 9583.11 | 8130.61  | 5464.3584 |
| 16    | 407.57  | 1108.13 | 6729.75  | 375.3299  |
| 16    | 489.21  | 9140.73 | 9508.08  | 2529.8773 |
| 16    | 519.07  | 1871.99 | 2463.79  | 9367.9279 |
| 16    | 646.57  | 3815.67 | 8639.02  | 8288.4953 |
| 16    | 647.13  | 7154.53 | 6068.99  | 3797.2422 |
| 16    | 695.02  | 5559.33 | 3882.2   | 4768.8532 |
| 16    | 778.27  | 5509.41 | 8522.44  | 9361.9051 |
| 16    | 876.82  | 7574.84 | 5529.11  | 186.5201  |
| 16    | 927.11  | 2202.16 | 2282.82  | 948.4616  |
+-------+---------+---------+----------+-----------+
10 rows selected.
Running time elapsed:      2.41 Seconds
SQL> -- 把查询出的数据insert到T_TYPE_FLOATS表中
SQL> DROP TABLE T_TYPE_FLOATS IF EXISTS;
0 rows affected
Running time elapsed:      0.20 Seconds
SQL> CREATE TABLE T_TYPE_FLOATS AS (SELECT TREAL,TDOUBLE,TFLOAT,TDECIMAL,TNUMERIC FROM P1000 GROUP BY TREAL, TDOUBLE, TFLOAT, TDECIMAL, TNUMERIC) WITH DATA;
0 rows affected
Running time elapsed:      8.17 Seconds
SQL> -- 查看返回结果
SQL> SELECT * FROM T_TYPE_FLOATS ORDER BY TREAL,TDOUBLE,TFLOAT LIMIT 10;
+-------+---------+---------+----------+-----------+
| TREAL | TDOUBLE | TFLOAT  | TDECIMAL | TNUMERIC  |
+-------+---------+---------+----------+-----------+
| 16    | 75.53   | 9583.11 | 8130.61  | 5464.3584 |
| 16    | 407.57  | 1108.13 | 6729.75  | 375.3299  |
| 16    | 489.21  | 9140.73 | 9508.08  | 2529.8773 |
| 16    | 519.07  | 1871.99 | 2463.79  | 9367.9279 |
| 16    | 646.57  | 3815.67 | 8639.02  | 8288.4953 |
| 16    | 647.13  | 7154.53 | 6068.99  | 3797.2422 |
| 16    | 695.02  | 5559.33 | 3882.2   | 4768.8532 |
| 16    | 778.27  | 5509.41 | 8522.44  | 9361.9051 |
| 16    | 876.82  | 7574.84 | 5529.11  | 186.5201  |
| 16    | 927.11  | 2202.16 | 2282.82  | 948.4616  |
+-------+---------+---------+----------+-----------+
10 rows selected.
Running time elapsed:      1.02 Seconds
SQL> 
SQL> -- 2种字符型数据类型组合
SQL> SELECT TCHAR,TVARCHAR FROM P1000 GROUP BY TCHAR, TVARCHAR ORDER BY TCHAR LIMIT 10;
+-----------------------------------------------------------------------------------------------------------------------------------------------------------------------------------------------------------------------------------------------------------------+------------------------------------------------------------------------------------------------------+
| TCHAR                                                                                                                                                                                                                                                           | TVARCHAR                                                                                             |
+-----------------------------------------------------------------------------------------------------------------------------------------------------------------------------------------------------------------------------------------------------------------+------------------------------------------------------------------------------------------------------+
| 00Yp4DMxZ9hPOVwsqXazo141sCXqxnluJF7YH2NRveJZx3XJbd                                                                                                                                                                                                              | gCwtEZHJ1IGJFCVWaMpkajS2MsXymhotJ561A4BD0s4FFxBpDOdAEHG3WGsNVC3IHW9MknDCkSmzwncuoiEbzU6TpryrMTMWegvH |
| 00Yp4DMxZ9hPOVwsqXazo141sCXqxnluJF7YH2NRveJZx3XJbd                                                                                                                                                                                                              | 6kOTR9CNSpWsELmSioiGGXPZtu4ZJGM1IRvzGLisuM0BhbYpUXu4vvGCzd8LKa2Rl4Sp6eHbkzCCIV2WnmfNaDgLgVKFp1KXeCkY |
| 00Yp4DMxZ9hPOVwsqXazo141sCXqxnluJF7YH2NRveJZx3XJbd                                                                                                                                                                                                              | 5PfdGhgwK4TdBL1gJH8ddXfAD0i0TqT9lgHsGaPFCptb287RsoUu5aOBhrvnx3Z3UsKLji9Xo4HihhxZFMKvZripTAGorCqCWy8v |
| 00Yp4DMxZ9hPOVwsqXazo141sCXqxnluJF7YH2NRveJZx3XJbd                                                                                                                                                                                                              | GaL7lPAGnPlJ2nXqSXLH9D9N6tPfTakqhGa5NFlIRDWxsvqqRD8UYyFmFBIWKUsDWuYXFFcC3WEDUgGcp9c1qSgUCvbtgFtRTGFG |
| 00Yp4DMxZ9hPOVwsqXazo141sCXqxnluJF7YH2NRveJZx3XJbd                                                                                                                                                                                                              | wDlaHRNnCuEHhhBcRx932FiuzMDU4RTROIwGZinnt4yVmWudcVTpd7XTHo68glLgzSHf0MURWTRSD4VjRcDaiH289MVvzUZrOuVv |
| 00Yp4DMxZ9hPOVwsqXazo141sCXqxnluJF7YH2NRveJZx3XJbd                                                                                                                                                                                                              | hzWYfd52RyLew9DwVhmRhJfkZod4wVo2FAEAEI0Ku2IcJ0hi4uGjR1bO5VKLkhh58BfuhNGkVPlFcTw8z1q94t54gfMVzwg1KSo2 |
| 00Yp4DMxZ9hPOVwsqXazo141sCXqxnluJF7YH2NRveJZx3XJbd                                                                                                                                                                                                              | AMuF35cPe7idWUeHoLdBWgtUB8c8HWwgIHeO8DOLk8WrdxjeC8gEo6IBAVEIgykPWlbz9y7JcoazNYvZtw4fb5yjjPnvigV1IBUk |
| 00Yp4DMxZ9hPOVwsqXazo141sCXqxnluJF7YH2NRveJZx3XJbd                                                                                                                                                                                                              | MNJ5ZHxXC3ts79SVIGTCW0CuNRndWXJVDeFYmNEoHF9iNZYhdiII1aY86lTIcVoNSS2pfbKHcmSE0JdptAhI3B9qejV0vdR2Mvdn |
| 00Yp4DMxZ9hPOVwsqXazo141sCXqxnluJF7YH2NRveJZx3XJbd                                                                                                                                                                                                              | kOtZJLJ46W0yDl7owBbZPnzy1AlW3OYNOrPijCDOgWUjDs4pgK6a5eHINBFYfVfcrR7khNmMNTsU79k52krHUF7tf53Vb90tJ3xq |
| 00Yp4DMxZ9hPOVwsqXazo141sCXqxnluJF7YH2NRveJZx3XJbd                                                                                                                                                                                                              | xGU5IObT2NularuBzCVqRb9tHm8VLl5O6C2W6sU1mBksqsrRluU5TTIGanMv0Rif2qVpB8MVwFnRYuJ80BIGg9wkzDBCdUb0se0y |
+-----------------------------------------------------------------------------------------------------------------------------------------------------------------------------------------------------------------------------------------------------------------+------------------------------------------------------------------------------------------------------+
10 rows selected.
Running time elapsed:      2.34 Seconds
SQL> -- 把查询出的数据insert到T_TYPE_CHARS表中
SQL> DROP TABLE T_TYPE_CHARS IF EXISTS;
0 rows affected
Running time elapsed:      0.19 Seconds
SQL> CREATE TABLE T_TYPE_CHARS AS (SELECT TCHAR,TVARCHAR FROM P1000 GROUP BY TCHAR, TVARCHAR) WITH DATA;
0 rows affected
Running time elapsed:     14.08 Seconds
SQL> -- 查看返回结果
SQL> SELECT * FROM T_TYPE_CHARS ORDER BY TCHAR LIMIT 10;
+-----------------------------------------------------------------------------------------------------------------------------------------------------------------------------------------------------------------------------------------------------------------+------------------------------------------------------------------------------------------------------+
| TCHAR                                                                                                                                                                                                                                                           | TVARCHAR                                                                                             |
+-----------------------------------------------------------------------------------------------------------------------------------------------------------------------------------------------------------------------------------------------------------------+------------------------------------------------------------------------------------------------------+
| 00Yp4DMxZ9hPOVwsqXazo141sCXqxnluJF7YH2NRveJZx3XJbd                                                                                                                                                                                                              | 9TAHabWo9YDJ4dJWPI7WYJ9KsUFFhUdDwYqywzVe3TIEB1CVxMdKU6pfMRkzDRwGPk2LkVI1DoTxpIhOWvfj1gFPzuN8AXTqxkZ9 |
| 00Yp4DMxZ9hPOVwsqXazo141sCXqxnluJF7YH2NRveJZx3XJbd                                                                                                                                                                                                              | Mi2CsHPYqKBeJC8CRTxwTpUpDKW9iJvjfFyLKfAHEoFHaqwX4P0eLpRCYxOf9gSctNNGkNdK10905ThmCT0t0XFoZp6RmMHKEHMe |
| 00Yp4DMxZ9hPOVwsqXazo141sCXqxnluJF7YH2NRveJZx3XJbd                                                                                                                                                                                                              | wb3SrVOjZpLetu28ourz4Rw8v5lDlm1yogOE4cigHBSYDt3MqjEDwErrIdz124ed5WwjFcVEWiPTmcX01tYglCfJ5S0qur0YgcCO |
| 00Yp4DMxZ9hPOVwsqXazo141sCXqxnluJF7YH2NRveJZx3XJbd                                                                                                                                                                                                              | 7UlbW6HJFE1KOVhZhRCvLvVrSy0KaNjyO1qhDJi467pO5uSjzE0dh8vdkXBcRF42JL1dF6zk2r0Ay3R8cUXrOBRZTNEHxCj7E3Fr |
| 00Yp4DMxZ9hPOVwsqXazo141sCXqxnluJF7YH2NRveJZx3XJbd                                                                                                                                                                                                              | D72FqSekBvOUz20rHiGyNRsHiwRt5woFzTqGeFiIEIGo0AiaCYeDN8nT8BMclJZC1TWRMOJ85t2FCyv0RNoIzKhpnkORBYyHDxRb |
| 00Yp4DMxZ9hPOVwsqXazo141sCXqxnluJF7YH2NRveJZx3XJbd                                                                                                                                                                                                              | VDWgf3E477d0fVERbjLR2g95Z5EDmwnZRaIqZ2dF7JGVZsD9mcU3VHIfd6GzKngHeaMBgeDRpgD3oyL6GlAICAZuFWfNjqgxYNcA |
| 00Yp4DMxZ9hPOVwsqXazo141sCXqxnluJF7YH2NRveJZx3XJbd                                                                                                                                                                                                              | uWj7p9xAzk2Oyo2iGNLXhhsMmDcmLm5vvSbtsjMVVzkvC5fNet9wRUMFuvqAepRWn3Vwx0EMtRuFIWHpoDVu4kl9FcTgTbYXRaxZ |
| 00Yp4DMxZ9hPOVwsqXazo141sCXqxnluJF7YH2NRveJZx3XJbd                                                                                                                                                                                                              | Pxoi45PYVYCf4aNZxGMfAe8xkVPRHxBkzVXGfpLuaHMDRIpsBFaraaytrFs90mrWa9mAOMDObZ1q7jsGfh5ELwmMewfKwpIroOyz |
| 00Yp4DMxZ9hPOVwsqXazo141sCXqxnluJF7YH2NRveJZx3XJbd                                                                                                                                                                                                              | ZkUIa6GYEhARzS9blkwIGFxFnYJGYqTaYxcR0uLkPGFPnYAyTYUL0IJH1ldML6j8BzmErLlynIwteI0hdFFVORSsLkGH2apltExd |
| 00Yp4DMxZ9hPOVwsqXazo141sCXqxnluJF7YH2NRveJZx3XJbd                                                                                                                                                                                                              | RuSK01jz9sgcj6MCPjT4hZvkbBmf1rngXq5Xiqm29NpY8wIW98CMff70CEbOUyD6GmmyOsH7M5ZItyC5BJKlC5TmFL1sbFGRbxep |
+-----------------------------------------------------------------------------------------------------------------------------------------------------------------------------------------------------------------------------------------------------------------+------------------------------------------------------------------------------------------------------+
10 rows selected.
Running time elapsed:      1.31 Seconds
SQL> 
SQL> -- 2种日期类型数据类型组合
SQL> SELECT TDATE,TTIMESTAMP FROM P1000 GROUP BY TDATE,TTIMESTAMP ORDER BY TTIMESTAMP LIMIT 10;
+------------+---------------------+
| TDATE      | TTIMESTAMP          |
+------------+---------------------+
| 2002-2-18  | 1979-01-01 00:00:31 |
| 1990-8-2   | 1979-01-01 00:02:27 |
| 2038-11-7  | 1979-01-01 00:08:21 |
| 2042-12-7  | 1979-01-01 00:10:29 |
| 2008-12-25 | 1979-01-01 00:13:48 |
| 1987-8-2   | 1979-01-01 00:17:18 |
| 1992-12-18 | 1979-01-01 00:25:36 |
| 2039-12-21 | 1979-01-01 00:25:59 |
| 2040-2-26  | 1979-01-01 00:26:26 |
| 2033-9-25  | 1979-01-01 00:30:20 |
+------------+---------------------+
10 rows selected.
Running time elapsed:      1.95 Seconds
SQL> -- 把查询出的数据insert到T_TYPE_DATES表中
SQL> DROP TABLE T_TYPE_DATES IF EXISTS;
0 rows affected
Running time elapsed:      0.19 Seconds
SQL> CREATE TABLE T_TYPE_DATES AS (SELECT TDATE,TTIMESTAMP FROM P1000 GROUP BY TDATE,TTIMESTAMP) WITH DATA;
0 rows affected
Running time elapsed:      9.72 Seconds
SQL> -- 查看返回结果
SQL> SELECT * FROM T_TYPE_DATES ORDER BY TTIMESTAMP LIMIT 10;
+------------+---------------------+
| TDATE      | TTIMESTAMP          |
+------------+---------------------+
| 2002-2-18  | 1979-01-01 00:00:31 |
| 1990-8-2   | 1979-01-01 00:02:27 |
| 2038-11-7  | 1979-01-01 00:08:21 |
| 2042-12-7  | 1979-01-01 00:10:29 |
| 2008-12-25 | 1979-01-01 00:13:48 |
| 1987-8-2   | 1979-01-01 00:17:18 |
| 1992-12-18 | 1979-01-01 00:25:36 |
| 2039-12-21 | 1979-01-01 00:25:59 |
| 2040-2-26  | 1979-01-01 00:26:26 |
| 2033-9-25  | 1979-01-01 00:30:20 |
+------------+---------------------+
10 rows selected.
Running time elapsed:      0.97 Seconds
SQL> 
SQL> -- 整型，浮点型，字符型，日期型4种数据类型组合
SQL> SELECT TBIGINT,TDOUBLE,TCHAR,TDATE FROM P1000 GROUP BY TBIGINT, TDOUBLE, TCHAR,TDATE ORDER BY TBIGINT,TDOUBLE,TCHAR LIMIT 10;
+----------+---------+-----------------------------------------------------------------------------------------------------------------------------------------------------------------------------------------------------------------------------------------------------------------+------------+
| TBIGINT  | TDOUBLE | TCHAR                                                                                                                                                                                                                                                           | TDATE      |
+----------+---------+-----------------------------------------------------------------------------------------------------------------------------------------------------------------------------------------------------------------------------------------------------------------+------------+
| 27770954 | 16.02   | Lrt059AHPtP5XapR0Yi7Ti7gpy8YxmHg8tUO5jKERjFRJeCkF5                                                                                                                                                                                                              | 2024-3-31  |
| 27770954 | 16.25   | ABF33nte6i19WSTzxzR4OFMz1e1559mxLfdA9RHXFW3izgfYIR                                                                                                                                                                                                              | 2025-7-13  |
| 27770954 | 16.5    | ulM2SJIXj6yUvFkT7Bg7RTXBWKf5FAOfaJUYlpjkha7JCKNCph                                                                                                                                                                                                              | 2022-5-26  |
| 27770954 | 38.62   | fYUwDYmHYRPMv2A9vy0zi8blL03AxppIMI7EnDEdqhxVUefbyh                                                                                                                                                                                                              | 2010-4-16  |
| 27770954 | 38.95   | vPRfy5LdoxeYisxayXd6sWcm8L5TUzVtFtBHN410qN8G5TLleW                                                                                                                                                                                                              | 2025-11-22 |
| 27770954 | 86.67   | TuADGAWJywneZJwxuPGi4oSRuKdcE1kImyAytAKRSmw9AMIzyr                                                                                                                                                                                                              | 2018-6-28  |
| 27770954 | 111.6   | bNtoOFb63T18EuWbWEiZL4GvpV0y6P5Zn8eFfayqlEmjyocA2W                                                                                                                                                                                                              | 1989-3-1   |
| 27770954 | 111.67  | kmLcVzcAE4aE7o7639xRbyBqNC4mYALD8R76vzFvFkHMO2CueR                                                                                                                                                                                                              | 2013-9-27  |
| 27770954 | 112.7   | TuXek6Rmg4RpW2tIekfB7WsD3gwzwhCpNeHhbOZaFstiBUKBF8                                                                                                                                                                                                              | 1998-5-29  |
| 27770954 | 186.03  | mCiD1pLk2HRIu58LqMRKzTM704lSvGANdKIwsVx7sHPFD12VIW                                                                                                                                                                                                              | 1988-1-20  |
+----------+---------+-----------------------------------------------------------------------------------------------------------------------------------------------------------------------------------------------------------------------------------------------------------------+------------+
10 rows selected.
Running time elapsed:      2.54 Seconds
SQL> -- 把查询出的数据insert到T_TYPE_ARRAY4表中
SQL> DROP TABLE T_TYPE_ARRAY4 IF EXISTS;
0 rows affected
Running time elapsed:      0.16 Seconds
SQL> CREATE TABLE T_TYPE_ARRAY4 AS (SELECT TBIGINT,TDOUBLE,TCHAR,TDATE FROM P1000 GROUP BY TBIGINT, TDOUBLE, TCHAR,TDATE) WITH DATA;
0 rows affected
Running time elapsed:     11.49 Seconds
SQL> -- 查看返回结果
SQL> SELECT * FROM T_TYPE_ARRAY4 ORDER BY TBIGINT,TDOUBLE,TCHAR LIMIT 10;
+----------+---------+-----------------------------------------------------------------------------------------------------------------------------------------------------------------------------------------------------------------------------------------------------------------+------------+
| TBIGINT  | TDOUBLE | TCHAR                                                                                                                                                                                                                                                           | TDATE      |
+----------+---------+-----------------------------------------------------------------------------------------------------------------------------------------------------------------------------------------------------------------------------------------------------------------+------------+
| 27770954 | 16.02   | Lrt059AHPtP5XapR0Yi7Ti7gpy8YxmHg8tUO5jKERjFRJeCkF5                                                                                                                                                                                                              | 2024-3-31  |
| 27770954 | 16.25   | ABF33nte6i19WSTzxzR4OFMz1e1559mxLfdA9RHXFW3izgfYIR                                                                                                                                                                                                              | 2025-7-13  |
| 27770954 | 16.5    | ulM2SJIXj6yUvFkT7Bg7RTXBWKf5FAOfaJUYlpjkha7JCKNCph                                                                                                                                                                                                              | 2022-5-26  |
| 27770954 | 38.62   | fYUwDYmHYRPMv2A9vy0zi8blL03AxppIMI7EnDEdqhxVUefbyh                                                                                                                                                                                                              | 2010-4-16  |
| 27770954 | 38.95   | vPRfy5LdoxeYisxayXd6sWcm8L5TUzVtFtBHN410qN8G5TLleW                                                                                                                                                                                                              | 2025-11-22 |
| 27770954 | 86.67   | TuADGAWJywneZJwxuPGi4oSRuKdcE1kImyAytAKRSmw9AMIzyr                                                                                                                                                                                                              | 2018-6-28  |
| 27770954 | 111.6   | bNtoOFb63T18EuWbWEiZL4GvpV0y6P5Zn8eFfayqlEmjyocA2W                                                                                                                                                                                                              | 1989-3-1   |
| 27770954 | 111.67  | kmLcVzcAE4aE7o7639xRbyBqNC4mYALD8R76vzFvFkHMO2CueR                                                                                                                                                                                                              | 2013-9-27  |
| 27770954 | 112.7   | TuXek6Rmg4RpW2tIekfB7WsD3gwzwhCpNeHhbOZaFstiBUKBF8                                                                                                                                                                                                              | 1998-5-29  |
| 27770954 | 186.03  | mCiD1pLk2HRIu58LqMRKzTM704lSvGANdKIwsVx7sHPFD12VIW                                                                                                                                                                                                              | 1988-1-20  |
+----------+---------+-----------------------------------------------------------------------------------------------------------------------------------------------------------------------------------------------------------------------------------------------------------------+------------+
10 rows selected.
Running time elapsed:      1.14 Seconds
SQL> 
SQL> -- 整型，浮点型2种数据类型组合
SQL> SELECT TSMALLINT,TREAL FROM P1000 GROUP BY TSMALLINT, TREAL ORDER BY TSMALLINT LIMIT 10;
+-----------+---------+
| TSMALLINT | TREAL   |
+-----------+---------+
| 16        | 8911.15 |
| 16        | 1677.75 |
| 16        | 1971.25 |
| 16        | 7574.04 |
| 16        | 6491.43 |
| 16        | 8883.86 |
| 16        | 3240.62 |
| 16        | 2697.4  |
| 16        | 3823.5  |
| 16        | 7681.93 |
+-----------+---------+
10 rows selected.
Running time elapsed:      1.69 Seconds
SQL> -- 把查询出的数据insert到T_TYPE_ARRAY21表中
SQL> DROP TABLE T_TYPE_ARRAY21 IF EXISTS;
0 rows affected
Running time elapsed:      0.20 Seconds
SQL> CREATE TABLE T_TYPE_ARRAY21 AS (SELECT TSMALLINT,TREAL FROM P1000 GROUP BY TSMALLINT, TREAL) WITH DATA;
0 rows affected
Running time elapsed:      8.62 Seconds
SQL> -- 查看返回结果
SQL> SELECT * FROM T_TYPE_ARRAY21 ORDER BY TSMALLINT LIMIT 10;
+-----------+---------+
| TSMALLINT | TREAL   |
+-----------+---------+
| 16        | 1852.57 |
| 16        | 6708.5  |
| 16        | 497.9   |
| 16        | 112.96  |
| 16        | 2788.99 |
| 16        | 7079.49 |
| 16        | 3123.05 |
| 16        | 1319.61 |
| 16        | 3038.44 |
| 16        | 6501.99 |
+-----------+---------+
10 rows selected.
Running time elapsed:      0.92 Seconds
SQL> 
SQL> -- 整型，字符型2种数据类型组合
SQL> SELECT TINTEGER,TVARCHAR FROM P1000 GROUP BY TINTEGER, TVARCHAR ORDER BY TINTEGER LIMIT 10;
+----------+------------------------------------------------------------------------------------------------------+
| TINTEGER | TVARCHAR                                                                                             |
+----------+------------------------------------------------------------------------------------------------------+
| 2777     | qAuu1SbcYdXPKA8HXCjx2lRUzW9p24mLMLNKPx0CpPzt4WIEPHpRYvffORZDs9AdlhNqSSRGpVy7Ci73bJi0fZA89wRyVGB4TiGI |
| 2777     | VvKzFt97jWZ9px7iGqRZCdcJrUDF3Tafe5H1wiAht6ojRr4SjTPRYh5aCCi5lIwL894ajhMnWDBv064wD1owWpHKF5mTlfR4oe1J |
| 2777     | A1cBctrMpMFXjBBAFljHsc4tPsWN0giVi4GvwigyKHuBN4FuFkYL52B7yqNqi3c8aZGjF9r0VOZJ9zKTkFjjJDaSnEVHXfJBXnZX |
| 2777     | ixoHRwMAHeSWHFOoPM8yqR4iiGIb8r5P7rGNXnCUmILHMt8vmPoi2swN8P7mR2ATY5AjrdIukmHxA6FOvHZR1jjM3JHA4M2hW1JH |
| 2777     | XevPIUIP0kGD2astrzAfyb2TvD5ExtFKSlJNi6tfm2Kmg4DfsMifFVAr37jEB9RxT5LPGloIRkijdyo0LITAXpfVLA0lLSCVjStD |
| 2777     | iB685RICWBxGHPI6kkbxUbADbbb78kINFjdsFXckwdxThxRGJ4MYzkCfAeH5bn2byaUCZPthVMJmPlSv9NZ1cUkoleJ0RyrpuWPv |
| 2777     | zgMg0ITbjWoAF2jStLokjRAK92yehkpuJshA2imWYSdJMaUVPvC5LTRN6Vfzs9mCt9jhDSX7h3A4OM0DHlhylvSxAe3A8AmllRtB |
| 2777     | seTM3r0WqcTJh3fowLly0jwvaT2F1uUMzpMnKCNH40NJMnUhSzdWI2tfBvNl7A377OMDRUYYJ8dhU6cKWLhOHI7JKxfiqfS4qUCd |
| 2777     | eFeODaid5KmtqmUUjJgVbDZMdB110caIXFqN4E6y2EFAE0hdyDSK2FSRgi1mkqOqc5FcHARN66iij6kMCsncojotahFJhzfYpFiD |
| 2777     | FWDJ7xwgXRVNmS1eyCmUhetikONmS3qzLkxpqmWO7OY4mrY82WXZ5Iu3FutbxR5jsk1ZIxTFaWkZ7AsS6geAf0k2YedwGmAACsw6 |
+----------+------------------------------------------------------------------------------------------------------+
10 rows selected.
Running time elapsed:      2.07 Seconds
SQL> -- 把查询出的数据insert到T_TYPE_ARRAY22表中
SQL> DROP TABLE T_TYPE_ARRAY22 IF EXISTS;
0 rows affected
Running time elapsed:      0.19 Seconds
SQL> CREATE TABLE T_TYPE_ARRAY22 AS (SELECT TINTEGER,TVARCHAR FROM P1000 GROUP BY TINTEGER, TVARCHAR) WITH DATA;
0 rows affected
Running time elapsed:     12.34 Seconds
SQL> -- 查看返回结果
SQL> SELECT * FROM T_TYPE_ARRAY22 ORDER BY TINTEGER LIMIT 10;
+----------+------------------------------------------------------------------------------------------------------+
| TINTEGER | TVARCHAR                                                                                             |
+----------+------------------------------------------------------------------------------------------------------+
| 2777     | WC0GwfYIrLileEivT8itGzx19RzpNMrkvRmAeh8FyazWe8IgzozphbgOohuXaBHW1Y3msbwNFA9BeHnxx1SXpWuZ2stRw5yJYBoO |
| 2777     | cbASg1RLkexvvhAJNMrPxMi42h5x3rZ50ucldLgN4e12uLbRcJe3gSZyRDZqV10ad7lpiiAHaSRBuvMgLPiI0bx3xAcRSe5u9eBa |
| 2777     | yEVTEDDDRc9lH194WvYvR64yI9OmObucaqfAnya9aIObZhk1tF2Al43GhCxd40Vginvs1WvrDHv81Fp17OxlKv9dcz4zRvoKhChv |
| 2777     | FkarfeReV2Gilnc1yRJt5WHseY3OFS3BDfxvgOi6ukl2D60yvG0RHfWXlgYIzXWsVoJvlHgzCRNEbvK7aJINoZVHIjrnmiNL22F7 |
| 2777     | OD7j8DCEn02HUtjJcHYhe02ctL2TynBFRYahwORHouedHRXfNCdiVt9acHEu9XsJRUwwC8k3unAkCAbppOXkH5zugX0spoOKnnUO |
| 2777     | SLyC4aEFryUlB9PJ0yGBBM5yUY1ODqRBjGvFP2UfZBtFVNZi90JEMU7MI3ml17DDZG32rRKBzswKv7AWtf8P74afDOViVkwohRhi |
| 2777     | vS4ikkVfzImNAA290uxVkHARs6aqJJPk2w8L44trK1O5M889jMdL82maAOtmfrkvDX0IzslGrttaJgdCBwKltDgE81gr3Zce0Vdk |
| 2777     | bwaZvWDwgzkOiTrpCn3SSYmS3n9OlLAjlzdi0nsTacmVtZObKLgmIik23ZPtyOsL32qWmlY8IIBP23XJhuzKVIcZe18GHwk8cuMr |
| 2777     | Fl0ytg9GrGtknsWbiU0NF5XgvcoRTIxp4lypGhuLlRFlGLvDJIl7rZ2GipNPFrmwHFNeMhbHGWnZsws7rWDYDoNy7Yg8bjMmJ3jm |
| 2777     | eolRNUcM6jP2R9jfGm3w39jcaThFSi12bxd1Z5qN9Gnupzk9feMM3mTuYaqdYc6YGb2sajlxgPJeZf8DrRR8NR2uslNJc4lvPOYO |
+----------+------------------------------------------------------------------------------------------------------+
10 rows selected.
Running time elapsed:      1.11 Seconds
SQL> 
SQL> -- 整型，日期型2种数据类型组合
SQL> SELECT TBIGINT,TDATE FROM P1000 GROUP BY TBIGINT, TDATE ORDER BY TBIGINT,TDATE LIMIT 10;
+----------+-----------+
| TBIGINT  | TDATE     |
+----------+-----------+
| 27770954 | 1979-1-12 |
| 27770954 | 1979-1-19 |
| 27770954 | 1979-2-17 |
| 27770954 | 1979-2-20 |
| 27770954 | 1979-2-22 |
| 27770954 | 1979-2-23 |
| 27770954 | 1979-4-9  |
| 27770954 | 1979-6-11 |
| 27770954 | 1979-6-14 |
| 27770954 | 1979-6-17 |
+----------+-----------+
10 rows selected.
Running time elapsed:      1.90 Seconds
SQL> -- 把查询出的数据insert到T_TYPE_ARRAY23表中
SQL> DROP TABLE T_TYPE_ARRAY23 IF EXISTS;
0 rows affected
Running time elapsed:      0.20 Seconds
SQL> CREATE TABLE T_TYPE_ARRAY23 AS (SELECT TBIGINT,TDATE FROM P1000 GROUP BY TBIGINT, TDATE) WITH DATA;
0 rows affected
Running time elapsed:      9.72 Seconds
SQL> -- 查看返回结果
SQL> SELECT * FROM T_TYPE_ARRAY23 ORDER BY TBIGINT,TDATE LIMIT 10;
+----------+-----------+
| TBIGINT  | TDATE     |
+----------+-----------+
| 27770954 | 1979-1-12 |
| 27770954 | 1979-1-19 |
| 27770954 | 1979-2-17 |
| 27770954 | 1979-2-20 |
| 27770954 | 1979-2-22 |
| 27770954 | 1979-2-23 |
| 27770954 | 1979-4-9  |
| 27770954 | 1979-6-11 |
| 27770954 | 1979-6-14 |
| 27770954 | 1979-6-17 |
+----------+-----------+
10 rows selected.
Running time elapsed:      0.97 Seconds
SQL> 
SQL> -- 整型，浮点型，字符型3种数据类型组合
SQL> SELECT TSMALLINT,TREAL,TCHAR FROM P1000 GROUP BY TSMALLINT, TREAL, TCHAR ORDER BY TSMALLINT LIMIT 10;
+-----------+---------+-----------------------------------------------------------------------------------------------------------------------------------------------------------------------------------------------------------------------------------------------------------------+
| TSMALLINT | TREAL   | TCHAR                                                                                                                                                                                                                                                           |
+-----------+---------+-----------------------------------------------------------------------------------------------------------------------------------------------------------------------------------------------------------------------------------------------------------------+
| 16        | 467.02  | G95trmOZg1MIOuxFgGS5anXujK8LorLoVxUC2AG8sgXSBXZlLL                                                                                                                                                                                                              |
| 16        | 3660.96 | zGy82xvUMCOftTHFa7tqZUkOnrEhay4lhZiDtDOJDhJC2JizLC                                                                                                                                                                                                              |
| 16        | 3514.84 | vn63DPzHabMsACM9oWJKCFusU2RmCFBfx1XeackmgGOeYHLktM                                                                                                                                                                                                              |
| 16        | 1065.25 | pRJhYuHT6JGzJRZ0hkgMkxj39ORmhLmr3Ak8MuXfFtxhlyumKW                                                                                                                                                                                                              |
| 16        | 4033.51 | 11hALX3fbzXEMaIRGD1bNLREEDE8qcHtIDETW5PuHxS0Cm93Si                                                                                                                                                                                                              |
| 16        | 489.02  | cieGH34cARERBwAeBTeWa4cYao6iskzLBVAb2KVIyDWPAneipW                                                                                                                                                                                                              |
| 16        | 5961.16 | 5pbb8uf0claNdZ0H2h4h8xG8p6EkK552NHNqaTEJ6cuucydIdj                                                                                                                                                                                                              |
| 16        | 519.02  | NLeux0dj7WpF96Sm2HFc4TeYb3gPWCtvRuj8nEXWmsFNzqviRq                                                                                                                                                                                                              |
| 16        | 3478.05 | iJD1XmMoN32SdJ7Dw9CaeH0IFWHSyxVDMl2Hc9zZFxm4Ga0Ee4                                                                                                                                                                                                              |
| 16        | 5098.25 | k29GGApRfNP3anpThy5jkYnPHCZwNmsZTsMsVoL9kr0vgXBcwk                                                                                                                                                                                                              |
+-----------+---------+-----------------------------------------------------------------------------------------------------------------------------------------------------------------------------------------------------------------------------------------------------------------+
10 rows selected.
Running time elapsed:      2.45 Seconds
SQL> -- 把查询出的数据insert到T_TYPE_ARRAY31表中
SQL> DROP TABLE T_TYPE_ARRAY31 IF EXISTS;
0 rows affected
Running time elapsed:      0.19 Seconds
SQL> CREATE TABLE T_TYPE_ARRAY31 AS (SELECT TSMALLINT,TREAL,TCHAR FROM P1000 GROUP BY TSMALLINT, TREAL, TCHAR) WITH DATA;
0 rows affected
Running time elapsed:     12.82 Seconds
SQL> -- 查看返回结果
SQL> SELECT * FROM T_TYPE_ARRAY31 ORDER BY TSMALLINT LIMIT 10;
+-----------+---------+-----------------------------------------------------------------------------------------------------------------------------------------------------------------------------------------------------------------------------------------------------------------+
| TSMALLINT | TREAL   | TCHAR                                                                                                                                                                                                                                                           |
+-----------+---------+-----------------------------------------------------------------------------------------------------------------------------------------------------------------------------------------------------------------------------------------------------------------+
| 16        | 3457.51 | yk7ROnHBz7G6uiRXMps2Bq1ve1KDCZEVsf5yVxBaTAW7fRyxRb                                                                                                                                                                                                              |
| 16        | 9508.75 | bgKvjD3HGzfrVN4hCzye7Xk823sb7uRF3BgIkZa2wpdlgt2Ncl                                                                                                                                                                                                              |
| 16        | 5203.04 | y9RIUONzjdJebE60ZPADlVHXSPbIukMVPSRA9hKKrPci1C9dql                                                                                                                                                                                                              |
| 16        | 6640.44 | GNibGkSt44EddzCCgWe3qNnmtvGRZaNVFwDrEmfB6v7RyNy3D1                                                                                                                                                                                                              |
| 16        | 311.7   | aB4Z3Za9gx6UCZedDKGBYPHdFF6BUo2TIc77Vu2kYEzEJ11qKY                                                                                                                                                                                                              |
| 16        | 595.99  | SGmtGDEPzZO39RAmRG86HsT2M001nj0z9vrUEihmSu30RYP9gU                                                                                                                                                                                                              |
| 16        | 6620.33 | 3ZpzdOvivWBIrxocHcDHD3oIhU8D5MGHFG2qKCRNqPUwVnl9jl                                                                                                                                                                                                              |
| 16        | 2700.13 | fYxWvhiX8Rj3gUkl4Lm6zXhe9XAh1YBKPGDDcLzByPfZlLYDab                                                                                                                                                                                                              |
| 16        | 2656.14 | qKAOnpIhUDGOAc68tN9R3fYD9SjD3lnahNM8Rl7U4D3b4NEGoI                                                                                                                                                                                                              |
| 16        | 4002.27 | j4CdSBhbMCoL9FCTAJsDSoRDF0D4WCn1RVvH9R5RMd4Fl9DgNX                                                                                                                                                                                                              |
+-----------+---------+-----------------------------------------------------------------------------------------------------------------------------------------------------------------------------------------------------------------------------------------------------------------+
10 rows selected.
Running time elapsed:      1.25 Seconds
SQL> 
SQL> -- 整型，浮点型，日期型3种数据类型组合
SQL> SELECT TSMALLINT,TREAL,TDATE FROM P1000 GROUP BY TSMALLINT, TREAL, TDATE ORDER BY TSMALLINT,TREAL,TDATE LIMIT 10;
+-----------+-------+------------+
| TSMALLINT | TREAL | TDATE      |
+-----------+-------+------------+
| 16        | 16.16 | 1980-8-21  |
| 16        | 16.16 | 2045-7-9   |
| 16        | 16.44 | 2000-10-25 |
| 16        | 16.46 | 2049-11-11 |
| 16        | 16.53 | 2049-11-28 |
| 16        | 16.75 | 2016-8-22  |
| 16        | 16.82 | 2035-7-1   |
| 16        | 16.86 | 2021-3-31  |
| 16        | 30.02 | 1985-4-2   |
| 16        | 30.05 | 2008-9-6   |
+-----------+-------+------------+
10 rows selected.
Running time elapsed:      2.25 Seconds
SQL> -- 把查询出的数据insert到T_TYPE_ARRAY32表中
SQL> DROP TABLE T_TYPE_ARRAY32 IF EXISTS;
0 rows affected
Running time elapsed:      0.20 Seconds
SQL> CREATE TABLE T_TYPE_ARRAY32 AS (SELECT TSMALLINT,TREAL,TDATE FROM P1000 GROUP BY TSMALLINT, TREAL, TDATE) WITH DATA;
0 rows affected
Running time elapsed:     10.07 Seconds
SQL> -- 查看返回结果
SQL> SELECT * FROM T_TYPE_ARRAY32 ORDER BY TSMALLINT,TREAL,TDATE LIMIT 10;
+-----------+-------+------------+
| TSMALLINT | TREAL | TDATE      |
+-----------+-------+------------+
| 16        | 16.16 | 1980-8-21  |
| 16        | 16.16 | 2045-7-9   |
| 16        | 16.44 | 2000-10-25 |
| 16        | 16.46 | 2049-11-11 |
| 16        | 16.53 | 2049-11-28 |
| 16        | 16.75 | 2016-8-22  |
| 16        | 16.82 | 2035-7-1   |
| 16        | 16.86 | 2021-3-31  |
| 16        | 30.02 | 1985-4-2   |
| 16        | 30.05 | 2008-9-6   |
+-----------+-------+------------+
10 rows selected.
Running time elapsed:      1.05 Seconds
SQL> 
SQL> -- 浮点型，字符型，日期型3种数据类型组合
SQL> SELECT TREAL,TCHAR,TDATE FROM P1000 GROUP BY TREAL,TCHAR, TDATE ORDER BY TDATE LIMIT 10;
+---------+-----------------------------------------------------------------------------------------------------------------------------------------------------------------------------------------------------------------------------------------------------------------+----------+
| TREAL   | TCHAR                                                                                                                                                                                                                                                           | TDATE    |
+---------+-----------------------------------------------------------------------------------------------------------------------------------------------------------------------------------------------------------------------------------------------------------------+----------+
| 6034.14 | lirR6hYhPRFEEWPjBuC2F829Gtfk6o4eHxK3SrUJWIzjEscwkF                                                                                                                                                                                                              | 1979-1-1 |
| 8422.58 | RHVrKlRxsaYzVIRjwGztW0DsbFnnlalkTjoVNSZ3f7HVWqAdYV                                                                                                                                                                                                              | 1979-1-1 |
| 4780.84 | A3u973JlIv2ZZaLrBhHheZHZfmspeEqWOnuizMbGfLARBGjaus                                                                                                                                                                                                              | 1979-1-1 |
| 467.25  | sfXndrIF0gySlNU9Ch7BhNsGUxiYH0wsWkSg2OOz15FNtCrGTq                                                                                                                                                                                                              | 1979-1-1 |
| 8833.99 | wJDT8UtJAXgkLVKbOiD5DX2DtGh2qKR8KHHu4aYjd7Z3mbE0o5                                                                                                                                                                                                              | 1979-1-1 |
| 6707.93 | 4MrqDXbK45K7uvrzDdYzPp6fSvgJbd9hxlOBXW2UjjU3L93wkA                                                                                                                                                                                                              | 1979-1-1 |
| 1232.29 | Rfo6xFR0UL4sEKbv2NIuBmyEDPpdGLG9bw14VIgsynOmOeLGFf                                                                                                                                                                                                              | 1979-1-1 |
| 4700.02 | ThFWP45FHZH5BjwDgvz5lnPgT41Rl9B9whYTP4AUUDGUFgLA0v                                                                                                                                                                                                              | 1979-1-1 |
| 6720.79 | 6HEv5sbEphxfvKw8hTsk1N7LrRApg2FjXzF2HrFE0DosO3HVWI                                                                                                                                                                                                              | 1979-1-1 |
| 409.85  | RsWCBTymrVT06SkTYCBJzGiYy2J4u29cI9ka0sEVEtB4ADCzSD                                                                                                                                                                                                              | 1979-1-1 |
+---------+-----------------------------------------------------------------------------------------------------------------------------------------------------------------------------------------------------------------------------------------------------------------+----------+
10 rows selected.
Running time elapsed:      2.09 Seconds
SQL> -- 把查询出的数据insert到T_TYPE_ARRAY33表中
SQL> DROP TABLE T_TYPE_ARRAY33 IF EXISTS;
0 rows affected
Running time elapsed:      0.19 Seconds
SQL> CREATE TABLE T_TYPE_ARRAY33 AS (SELECT TREAL,TCHAR,TDATE FROM P1000 GROUP BY TREAL,TCHAR, TDATE) WITH DATA;
0 rows affected
Running time elapsed:     10.69 Seconds
SQL> -- 查看返回结果
SQL> SELECT * FROM T_TYPE_ARRAY33 ORDER BY TDATE LIMIT 10;
+---------+-----------------------------------------------------------------------------------------------------------------------------------------------------------------------------------------------------------------------------------------------------------------+----------+
| TREAL   | TCHAR                                                                                                                                                                                                                                                           | TDATE    |
+---------+-----------------------------------------------------------------------------------------------------------------------------------------------------------------------------------------------------------------------------------------------------------------+----------+
| 9042.67 | 9T12183yRR1gNlME91qBNop8HOG82hn84OIjhgPh8j5wFa4srf                                                                                                                                                                                                              | 1979-1-1 |
| 8306.21 | jojMoDVDRZGnHaciWH9lFSNXBZKRID3UPFgAtnycX2TdVC6isf                                                                                                                                                                                                              | 1979-1-1 |
| 5496.05 | Bo6Oaz0vrmpB8ZW08xZur0dUuDynBZzI1jdROEyGoJT21paodV                                                                                                                                                                                                              | 1979-1-1 |
| 1971.6  | KYEwvoszAFX4oRfi2d1x6TFHA9ugzR8capVGSvFYf407ygzU0h                                                                                                                                                                                                              | 1979-1-1 |
| 8066.48 | 4NTUADHAjb9ODs4HKX9vDANYeoRZAyLywZFM7AluuRSWWoM4Vs                                                                                                                                                                                                              | 1979-1-1 |
| 9049.93 | y6FlNKkGWyF5Oya1Y7dmb0tseo1RMUjJ8s9t7n48bu1tcRO4ri                                                                                                                                                                                                              | 1979-1-1 |
| 3169.27 | U6b6xYbUpA7bC6LBjNPbofyR2uFC4GDBbZUZTwprXsdL8l8lDG                                                                                                                                                                                                              | 1979-1-1 |
| 7654.25 | 9OcMl3RtXFUbE1Z91EyRyBTUZKYWTJfA8RcrbvrfN9g1qMY0im                                                                                                                                                                                                              | 1979-1-1 |
| 8130.08 | asoaDCFy0f4gkPR6Edf6czUWWUNV9YzmylWCntjgbU5CRFwzvZ                                                                                                                                                                                                              | 1979-1-1 |
| 1167.46 | gqA5vs4FpWRpqh30Bc1xkrD4xTP2ZYvqDz4pMZvP1guABGbUom                                                                                                                                                                                                              | 1979-1-1 |
+---------+-----------------------------------------------------------------------------------------------------------------------------------------------------------------------------------------------------------------------------------------------------------------+----------+
10 rows selected.
Running time elapsed:      1.11 Seconds
SQL> 
SQL> -- 因为布尔型的数据在数据库表里只有一种数据：True，timestamp类型的数据在数据库表里没有重复数据，所以选取余下的11种类型的数据进行组合查询
SQL> SELECT TSMALLINT,TINTEGER,TBIGINT,TREAL,TDOUBLE,TFLOAT,TDECIMAL,TNUMERIC,TDATE,TCHAR,TVARCHAR FROM P1000
   > GROUP BY TSMALLINT, TINTEGER, TBIGINT, TREAL, TDOUBLE, TFLOAT, TDECIMAL, TNUMERIC, TDATE, TCHAR, TVARCHAR
   > ORDER BY TSMALLINT ,TINTEGER,TBIGINT LIMIT 10;
+-----------+----------+--------------+---------+---------+---------+----------+-----------+-----------+-----------------------------------------------------------------------------------------------------------------------------------------------------------------------------------------------------------------------------------------------------------------+------------------------------------------------------------------------------------------------------+
| TSMALLINT | TINTEGER | TBIGINT      | TREAL   | TDOUBLE | TFLOAT  | TDECIMAL | TNUMERIC  | TDATE     | TCHAR                                                                                                                                                                                                                                                           | TVARCHAR                                                                                             |
+-----------+----------+--------------+---------+---------+---------+----------+-----------+-----------+-----------------------------------------------------------------------------------------------------------------------------------------------------------------------------------------------------------------------------------------------------------------+------------------------------------------------------------------------------------------------------+
| 16        | 2777     | 132594720252 | 6499.96 | 4541.4  | 1560.44 | 8539.4   | 9049.3497 | 2039-7-1  | rqoTvX93zwwbJSFWRISYLFPJPAnuhNoW3qB6LRkG8VRBFk7KVW                                                                                                                                                                                                              | luYyGGxHFUDiREGg8wrX7z7zAIo9kMIpW1524zJsI9LVPJgTCaPekwREUb7h6GVVEYPeIFyLgPDmn17PGBAeVxiMoroohbiMoRpB |
| 16        | 4990     | 193636974007 | 6729.5  | 2777.5  | 3073.85 | 2499.61  | 8195.47   | 2027-4-25 | CUehtCTV8bMsVmycprepkFFpuaivFVDchCviKI9ZkAkUSfLUzD                                                                                                                                                                                                              | TBkgjJHCLuOVn01nHPBkDnuxz0OJTbsVAkAgxLiYKFkvARgzrteisUFEkRFEGnsGztkAgWSeRWuMACaiDWHvMnIX6KtdZAfv6raA |
| 16        | 4990     | 947466609911 | 6740.11 | 9390.07 | 7616.82 | 5894.02  | 1716.5906 | 2040-12-2 | OsiA5rVlbIr7a2MqBFl3meywujevKFA6dOadYKz8cCxEvV0feI                                                                                                                                                                                                              | qsnBMx1OapA2Gy6JSNVqLHdiZbRBV0bsM0RP59803G6qN1SzZZm1j7UHZywqB3lsm774ceJ8jUPFmo7wnDTOc2SBrtF0GRnW8B9u |
| 16        | 36068    | 863723665551 | 3689.49 | 9113.67 | 3493.5  | 1725.87  | 4354.0519 | 2045-9-28 | LSu9dJZTHhjIOZdMFssp1l3H6txw7JpXaaKM6zXbq6e3bAELVS                                                                                                                                                                                                              | 4bOoe3TtyxlTglVlRVWYKC7APilGWl5vKeJ37vxNSeHuVGMauBB6XxGCmToGxYif7FMv6RrupiDJjbpab1Y4rF5gRO7sozRpTe4j |
| 16        | 36068    | 903899013508 | 2176.05 | 5996.82 | 3056.08 | 5540.46  | 7792.0112 | 1984-4-16 | HG0GLNqFdCNRRc01zn6YHBbD7m0ZPRAhmYEC9MYIaM3jnNaAp9                                                                                                                                                                                                              | YAPYJgXXedB9rtuw2Mxe3rxWfYKzwvXLmgb3sxCtmbPC0eBt55X8C7BE6lxAGnIvoUWnsGxRxkF4LVcJ3ZDtKi6gwZ0eOD8aFjte |
| 16        | 36565    | 706634624539 | 4748.99 | 8417.02 | 4565.58 | 2303.64  | 2186.3931 | 2047-5-30 | UKAhXf7il9IdcqW6M5baTESg10OLFS2JDpYcylkwJaHGRPLHBB                                                                                                                                                                                                              | tkGWgd59R1GGuXXFm1dNC9ZuYwYdskuOt6BAW188ErtVcl0q2R0gwChHDFqjAmGOtv7RbRV6FuFenpnL8MYWE3s3ttFP4Yv8IlYX |
| 16        | 40111    | 823194049533 | 1115.04 | 9520.67 | 6269.02 | 2690.75  | 3701.3628 | 2032-2-10 | lDW7wLTgAHH35oLiIWOdjLdXZuZLmcsj4gRo82tupjzabOFnm8                                                                                                                                                                                                              | ZOtV6E5UO4GS0oWHthC3Ds3dDOMMPHB2MsKIDsS6GRfESNYzEZGuD0ViOcVkFI9O4x3CDRqCHaMrRXM3gDUuYcMcgCRFa6bPMhPZ |
| 16        | 78784    | 442883665312 | 6182.75 | 5464.02 | 9005.51 | 1420.3   | 3882.2946 | 1984-4-26 | yppEb7A8Mij2y0DYkdwuR5Pl6yRUVRCdFf9ELeA1UflwrTgRs3                                                                                                                                                                                                              | kGJX7bnoq96dwr3C6KwAXOTZbSL8BXuac2zKjX9WuFl3s3Wx38hNHzRTOEcmXqEz0ZozfYBYund6B6wEJMUaJEDRUchWgE6TjRRt |
| 16        | 78784    | 558126882701 | 6993.69 | 6036.11 | 2003.12 | 5201.9   | 685.5066  | 1982-4-9  | FgwRRzxzlK6yy2544NxZhKFRDgCEmVREKV7KKqrOWotZrbBZxc                                                                                                                                                                                                              | G9h3luGZLTHJTNjR4bFGLWRJMPWlc5u2OGAaAMm7dUpqnMAhwmysh7EHzWFhlFZHT6CcN9c7lsilHiEFBLhIq5Up5zZvoO5maPqi |
| 16        | 80728    | 906569997380 | 2029.84 | 9257.54 | 9144.62 | 7762.51  | 882.1202  | 2030-3-17 | XmMWNojUxBxhDAzaLk7kN9sqrd7HUACns2pzz42a9682tceRxm                                                                                                                                                                                                              | aBl7uxR4MSBc22aZejZSxkk4F18OEnH2MmfrFFvlDxnd6V4ov6RgVYGnM6qgeylFlF7iOH7NgGrxN1z7aDnBhwiB99l1uhblADcZ |
+-----------+----------+--------------+---------+---------+---------+----------+-----------+-----------+-----------------------------------------------------------------------------------------------------------------------------------------------------------------------------------------------------------------------------------------------------------------+------------------------------------------------------------------------------------------------------+
10 rows selected.
Running time elapsed:      3.49 Seconds
SQL> -- 把查询出的数据insert到T_TYPE_ALL表中
SQL> DROP TABLE T_TYPE_ALL IF EXISTS;
0 rows affected
Running time elapsed:      0.20 Seconds
SQL> CREATE TABLE T_TYPE_ALL AS (SELECT TSMALLINT,TINTEGER,TBIGINT,TREAL,TDOUBLE,TFLOAT,TDECIMAL,TNUMERIC,TDATE,TCHAR,TVARCHAR FROM P1000 GROUP BY TSMALLINT, TINTEGER, TBIGINT, TREAL, TDOUBLE, TFLOAT, TDECIMAL, TNUMERIC, TDATE, TCHAR, TVARCHAR) WITH DATA;
0 rows affected
Running time elapsed:     13.06 Seconds
SQL> -- 查看返回结果
SQL> SELECT * FROM T_TYPE_ALL ORDER BY TSMALLINT,TINTEGER,TBIGINT LIMIT 10;
+-----------+----------+--------------+---------+---------+---------+----------+-----------+-----------+-----------------------------------------------------------------------------------------------------------------------------------------------------------------------------------------------------------------------------------------------------------------+------------------------------------------------------------------------------------------------------+
| TSMALLINT | TINTEGER | TBIGINT      | TREAL   | TDOUBLE | TFLOAT  | TDECIMAL | TNUMERIC  | TDATE     | TCHAR                                                                                                                                                                                                                                                           | TVARCHAR                                                                                             |
+-----------+----------+--------------+---------+---------+---------+----------+-----------+-----------+-----------------------------------------------------------------------------------------------------------------------------------------------------------------------------------------------------------------------------------------------------------------+------------------------------------------------------------------------------------------------------+
| 16        | 2777     | 132594720252 | 6499.96 | 4541.4  | 1560.44 | 8539.4   | 9049.3497 | 2039-7-1  | rqoTvX93zwwbJSFWRISYLFPJPAnuhNoW3qB6LRkG8VRBFk7KVW                                                                                                                                                                                                              | luYyGGxHFUDiREGg8wrX7z7zAIo9kMIpW1524zJsI9LVPJgTCaPekwREUb7h6GVVEYPeIFyLgPDmn17PGBAeVxiMoroohbiMoRpB |
| 16        | 4990     | 193636974007 | 6729.5  | 2777.5  | 3073.85 | 2499.61  | 8195.47   | 2027-4-25 | CUehtCTV8bMsVmycprepkFFpuaivFVDchCviKI9ZkAkUSfLUzD                                                                                                                                                                                                              | TBkgjJHCLuOVn01nHPBkDnuxz0OJTbsVAkAgxLiYKFkvARgzrteisUFEkRFEGnsGztkAgWSeRWuMACaiDWHvMnIX6KtdZAfv6raA |
| 16        | 4990     | 947466609911 | 6740.11 | 9390.07 | 7616.82 | 5894.02  | 1716.5906 | 2040-12-2 | OsiA5rVlbIr7a2MqBFl3meywujevKFA6dOadYKz8cCxEvV0feI                                                                                                                                                                                                              | qsnBMx1OapA2Gy6JSNVqLHdiZbRBV0bsM0RP59803G6qN1SzZZm1j7UHZywqB3lsm774ceJ8jUPFmo7wnDTOc2SBrtF0GRnW8B9u |
| 16        | 36068    | 863723665551 | 3689.49 | 9113.67 | 3493.5  | 1725.87  | 4354.0519 | 2045-9-28 | LSu9dJZTHhjIOZdMFssp1l3H6txw7JpXaaKM6zXbq6e3bAELVS                                                                                                                                                                                                              | 4bOoe3TtyxlTglVlRVWYKC7APilGWl5vKeJ37vxNSeHuVGMauBB6XxGCmToGxYif7FMv6RrupiDJjbpab1Y4rF5gRO7sozRpTe4j |
| 16        | 36068    | 903899013508 | 2176.05 | 5996.82 | 3056.08 | 5540.46  | 7792.0112 | 1984-4-16 | HG0GLNqFdCNRRc01zn6YHBbD7m0ZPRAhmYEC9MYIaM3jnNaAp9                                                                                                                                                                                                              | YAPYJgXXedB9rtuw2Mxe3rxWfYKzwvXLmgb3sxCtmbPC0eBt55X8C7BE6lxAGnIvoUWnsGxRxkF4LVcJ3ZDtKi6gwZ0eOD8aFjte |
| 16        | 36565    | 706634624539 | 4748.99 | 8417.02 | 4565.58 | 2303.64  | 2186.3931 | 2047-5-30 | UKAhXf7il9IdcqW6M5baTESg10OLFS2JDpYcylkwJaHGRPLHBB                                                                                                                                                                                                              | tkGWgd59R1GGuXXFm1dNC9ZuYwYdskuOt6BAW188ErtVcl0q2R0gwChHDFqjAmGOtv7RbRV6FuFenpnL8MYWE3s3ttFP4Yv8IlYX |
| 16        | 40111    | 823194049533 | 1115.04 | 9520.67 | 6269.02 | 2690.75  | 3701.3628 | 2032-2-10 | lDW7wLTgAHH35oLiIWOdjLdXZuZLmcsj4gRo82tupjzabOFnm8                                                                                                                                                                                                              | ZOtV6E5UO4GS0oWHthC3Ds3dDOMMPHB2MsKIDsS6GRfESNYzEZGuD0ViOcVkFI9O4x3CDRqCHaMrRXM3gDUuYcMcgCRFa6bPMhPZ |
| 16        | 78784    | 442883665312 | 6182.75 | 5464.02 | 9005.51 | 1420.3   | 3882.2946 | 1984-4-26 | yppEb7A8Mij2y0DYkdwuR5Pl6yRUVRCdFf9ELeA1UflwrTgRs3                                                                                                                                                                                                              | kGJX7bnoq96dwr3C6KwAXOTZbSL8BXuac2zKjX9WuFl3s3Wx38hNHzRTOEcmXqEz0ZozfYBYund6B6wEJMUaJEDRUchWgE6TjRRt |
| 16        | 78784    | 558126882701 | 6993.69 | 6036.11 | 2003.12 | 5201.9   | 685.5066  | 1982-4-9  | FgwRRzxzlK6yy2544NxZhKFRDgCEmVREKV7KKqrOWotZrbBZxc                                                                                                                                                                                                              | G9h3luGZLTHJTNjR4bFGLWRJMPWlc5u2OGAaAMm7dUpqnMAhwmysh7EHzWFhlFZHT6CcN9c7lsilHiEFBLhIq5Up5zZvoO5maPqi |
| 16        | 80728    | 906569997380 | 2029.84 | 9257.54 | 9144.62 | 7762.51  | 882.1202  | 2030-3-17 | XmMWNojUxBxhDAzaLk7kN9sqrd7HUACns2pzz42a9682tceRxm                                                                                                                                                                                                              | aBl7uxR4MSBc22aZejZSxkk4F18OEnH2MmfrFFvlDxnd6V4ov6RgVYGnM6qgeylFlF7iOH7NgGrxN1z7aDnBhwiB99l1uhblADcZ |
+-----------+----------+--------------+---------+---------+---------+----------+-----------+-----------+-----------------------------------------------------------------------------------------------------------------------------------------------------------------------------------------------------------------------------------------------------------------+------------------------------------------------------------------------------------------------------+
10 rows selected.
Running time elapsed:      1.51 Seconds
SQL> 
SQL> 
SQL> -- drop创建的表
SQL> DROP TABLE T_TYPE_SMALLINT IF EXISTS;
0 rows affected
Running time elapsed:      0.31 Seconds
SQL> DROP TABLE T_TYPE_INTEGER IF EXISTS;
0 rows affected
Running time elapsed:      0.30 Seconds
SQL> DROP TABLE T_TYPE_BIGINT IF EXISTS;
0 rows affected
Running time elapsed:      0.22 Seconds
SQL> DROP TABLE T_TYPE_REAL IF EXISTS;
0 rows affected
Running time elapsed:      0.33 Seconds
SQL> DROP TABLE T_TYPE_DOUBLE IF EXISTS;
0 rows affected
Running time elapsed:      0.37 Seconds
SQL> DROP TABLE T_TYPE_FLOAT IF EXISTS;
0 rows affected
Running time elapsed:      0.39 Seconds
SQL> DROP TABLE T_TYPE_DECIMAL IF EXISTS;
0 rows affected
Running time elapsed:      0.40 Seconds
SQL> DROP TABLE T_TYPE_NUMERIC IF EXISTS;
0 rows affected
Running time elapsed:      0.36 Seconds
SQL> DROP TABLE T_TYPE_DATE IF EXISTS;
0 rows affected
Running time elapsed:      0.39 Seconds
SQL> DROP TABLE T_TYPE_TIMESTAMP IF EXISTS;
0 rows affected
Running time elapsed:      0.35 Seconds
SQL> DROP TABLE T_TYPE_BOOL IF EXISTS;
0 rows affected
Running time elapsed:      0.35 Seconds
SQL> DROP TABLE T_TYPE_CHAR IF EXISTS;
0 rows affected
Running time elapsed:      0.31 Seconds
SQL> DROP TABLE T_TYPE_VARCHAR IF EXISTS;
0 rows affected
Running time elapsed:      0.30 Seconds
SQL> DROP TABLE T_TYPE_INTS IF EXISTS;
0 rows affected
Running time elapsed:      0.36 Seconds
SQL> DROP TABLE T_TYPE_FLOATS IF EXISTS;
0 rows affected
Running time elapsed:      0.35 Seconds
SQL> DROP TABLE T_TYPE_CHARS IF EXISTS;
0 rows affected
Running time elapsed:      0.38 Seconds
SQL> DROP TABLE T_TYPE_DATES IF EXISTS;
0 rows affected
Running time elapsed:      0.30 Seconds
SQL> DROP TABLE T_TYPE_ARRAY4 IF EXISTS;
0 rows affected
Running time elapsed:      0.42 Seconds
SQL> DROP TABLE T_TYPE_ARRAY21 IF EXISTS;
0 rows affected
Running time elapsed:      0.66 Seconds
SQL> DROP TABLE T_TYPE_ARRAY22 IF EXISTS;
0 rows affected
Running time elapsed:      0.31 Seconds
SQL> DROP TABLE T_TYPE_ARRAY23 IF EXISTS;
0 rows affected
Running time elapsed:      0.30 Seconds
SQL> DROP TABLE T_TYPE_ARRAY31 IF EXISTS;
0 rows affected
Running time elapsed:      0.35 Seconds
SQL> DROP TABLE T_TYPE_ARRAY32 IF EXISTS;
0 rows affected
Running time elapsed:      0.35 Seconds
SQL> DROP TABLE T_TYPE_ARRAY33 IF EXISTS;
0 rows affected
Running time elapsed:      0.31 Seconds
SQL> DROP TABLE T_TYPE_ALL IF EXISTS;
0 rows affected
Running time elapsed:      0.37 Seconds
Running time elapsed:    332.49 Seconds
SQL> exit
Disconnected.
