SQLCli Release 0.0.55
SQL> connect admin/123456
Database connected.
SQL> start GroupBy.sql
SQL> -- Description：
   > --             LDB专项测试
   > --             1.group by 全部类型
   > --             2.insert 到其他表
   > --             3.直接返回结果
   > -- Date：2020-05-09
   > -- Author：李爱敏
SQL> SET ECHO ON
SQL> SET TIMING ON
Running time elapsed:      0.00 Seconds
SQL> 
SQL> -- GROUP BY语法
   > -- 穷举所有数据类型进行group by查询
SQL> SELECT TSMALLINT FROM P1000 GROUP BY TSMALLINT ORDER BY TSMALLINT LIMIT 10;
+-----------+
| TSMALLINT |
+-----------+
| 16        |
| 30        |
| 38        |
| 70        |
| 75        |
| 86        |
| 111       |
| 112       |
| 186       |
| 232       |
+-----------+
10 rows selected.
Running time elapsed:      4.27 Seconds
SQL> -- 把查询出的数据insert到T_TYPE_SMALLINT表中
SQL> DROP TABLE T_TYPE_SMALLINT IF EXISTS;
0 rows affected
Running time elapsed:      0.09 Seconds
SQL> CREATE TABLE T_TYPE_SMALLINT AS (SELECT TSMALLINT FROM P1000 GROUP BY TSMALLINT) WITH DATA;
0 rows affected
Running time elapsed:     21.49 Seconds
SQL> -- 查看返回结果
SQL> SELECT * FROM T_TYPE_SMALLINT ORDER BY TSMALLINT LIMIT 10;
+-----------+
| TSMALLINT |
+-----------+
| 16        |
| 30        |
| 38        |
| 70        |
| 75        |
| 86        |
| 111       |
| 112       |
| 186       |
| 232       |
+-----------+
10 rows selected.
Running time elapsed:      7.46 Seconds
SQL> SELECT TINTEGER FROM P1000 GROUP BY TINTEGER ORDER BY TINTEGER LIMIT 10;
+----------+
| TINTEGER |
+----------+
| 2777     |
| 3358     |
| 4990     |
| 8244     |
| 24674    |
| 36068    |
| 36565    |
| 39351    |
| 40111    |
| 43988    |
+----------+
10 rows selected.
Running time elapsed:      4.46 Seconds
SQL> -- 把查询出的数据insert到T_TYPE_INTEGER表中
SQL> DROP TABLE T_TYPE_INTEGER IF EXISTS;
0 rows affected
Running time elapsed:      0.18 Seconds
SQL> CREATE TABLE T_TYPE_INTEGER AS (SELECT TINTEGER FROM P1000 GROUP BY TINTEGER) WITH DATA;
0 rows affected
Running time elapsed:     29.94 Seconds
SQL> -- 查看返回结果
SQL> SELECT * FROM T_TYPE_INTEGER ORDER BY TINTEGER LIMIT 10;
+----------+
| TINTEGER |
+----------+
| 2777     |
| 3358     |
| 4990     |
| 8244     |
| 24674    |
| 36068    |
| 36565    |
| 39351    |
| 40111    |
| 43988    |
+----------+
10 rows selected.
Running time elapsed:      3.28 Seconds
SQL> SELECT TBIGINT FROM P1000 GROUP BY TBIGINT ORDER BY TBIGINT LIMIT 10;
+-----------+
| TBIGINT   |
+-----------+
| 27770954  |
| 33582059  |
| 49909414  |
| 82449639  |
| 246745776 |
| 360689167 |
| 365656026 |
| 393510421 |
| 401113184 |
| 439883390 |
+-----------+
10 rows selected.
Running time elapsed:      3.73 Seconds
SQL> -- 把查询出的数据insert到T_TYPE_BIGINT表中
SQL> DROP TABLE T_TYPE_BIGINT IF EXISTS;
0 rows affected
Running time elapsed:      0.26 Seconds
SQL> CREATE TABLE T_TYPE_BIGINT AS (SELECT TBIGINT FROM P1000 GROUP BY TBIGINT)  WITH DATA;
0 rows affected
Running time elapsed:     23.74 Seconds
SQL> -- 查看返回结果
SQL> SELECT * FROM T_TYPE_BIGINT ORDER BY TBIGINT LIMIT 10;
+-----------+
| TBIGINT   |
+-----------+
| 27770954  |
| 33582059  |
| 49909414  |
| 82449639  |
| 246745776 |
| 360689167 |
| 365656026 |
| 393510421 |
| 401113184 |
| 439883390 |
+-----------+
10 rows selected.
Running time elapsed:      4.06 Seconds
SQL> SELECT TREAL FROM P1000 GROUP BY TREAL ORDER BY TREAL LIMIT 10;
+-------+
| TREAL |
+-------+
| 16.0  |
| 16.02 |
| 16.03 |
| 16.04 |
| 16.05 |
| 16.07 |
| 16.08 |
| 16.11 |
| 16.12 |
| 16.13 |
+-------+
10 rows selected.
Running time elapsed:     10.26 Seconds
SQL> -- 把查询出的数据insert到T_TYPE_REAL表中
SQL> DROP TABLE T_TYPE_REAL IF EXISTS;
0 rows affected
Running time elapsed:      0.22 Seconds
SQL> CREATE TABLE T_TYPE_REAL AS (SELECT TREAL FROM P1000 GROUP BY TREAL) WITH DATA;
0 rows affected
Running time elapsed:     38.15 Seconds
SQL> -- 查看返回结果
SQL> SELECT * FROM T_TYPE_REAL ORDER BY TREAL LIMIT 10;
+-------+
| TREAL |
+-------+
| 16.0  |
| 16.02 |
| 16.03 |
| 16.04 |
| 16.05 |
| 16.07 |
| 16.08 |
| 16.11 |
| 16.12 |
| 16.13 |
+-------+
10 rows selected.
Running time elapsed:      6.25 Seconds
SQL> SELECT TDOUBLE FROM P1000 GROUP BY TDOUBLE ORDER BY TDOUBLE LIMIT 10;
+---------+
| TDOUBLE |
+---------+
| 16.0    |
| 16.02   |
| 16.03   |
| 16.04   |
| 16.05   |
| 16.07   |
| 16.08   |
| 16.11   |
| 16.12   |
| 16.13   |
+---------+
10 rows selected.
Running time elapsed:      4.75 Seconds
SQL> -- 把查询出的数据insert到T_TYPE_DOUBLE表中
SQL> DROP TABLE T_TYPE_DOUBLE IF EXISTS;
0 rows affected
Running time elapsed:      0.24 Seconds
SQL> CREATE TABLE T_TYPE_DOUBLE AS (SELECT TDOUBLE FROM P1000 GROUP BY TDOUBLE) WITH DATA;
0 rows affected
Running time elapsed:     32.59 Seconds
SQL> -- 查看返回结果
SQL> SELECT * FROM T_TYPE_DOUBLE ORDER BY TDOUBLE LIMIT 10;
+---------+
| TDOUBLE |
+---------+
| 16.0    |
| 16.02   |
| 16.03   |
| 16.04   |
| 16.05   |
| 16.07   |
| 16.08   |
| 16.11   |
| 16.12   |
| 16.13   |
+---------+
10 rows selected.
Running time elapsed:      6.41 Seconds
SQL> SELECT TFLOAT FROM P1000 GROUP BY TFLOAT ORDER BY TFLOAT LIMIT 10;
+--------------------+
| TFLOAT             |
+--------------------+
| 16.0               |
| 16.020000457763672 |
| 16.030000686645508 |
| 16.040000915527344 |
| 16.049999237060547 |
| 16.06999969482422  |
| 16.079999923706055 |
| 16.110000610351562 |
| 16.1200008392334   |
| 16.1299991607666   |
+--------------------+
10 rows selected.
Running time elapsed:      7.17 Seconds
SQL> -- 把查询出的数据insert到T_TYPE_FLOAT表中
SQL> DROP TABLE T_TYPE_FLOAT IF EXISTS;
0 rows affected
Running time elapsed:      0.44 Seconds
SQL> CREATE TABLE T_TYPE_FLOAT AS (SELECT TFLOAT FROM P1000 GROUP BY TFLOAT) WITH DATA;
0 rows affected
Running time elapsed:     24.77 Seconds
SQL> -- 查看返回结果
SQL> SELECT * FROM T_TYPE_FLOAT ORDER BY TFLOAT LIMIT 10;
+--------------------+
| TFLOAT             |
+--------------------+
| 16.0               |
| 16.020000457763672 |
| 16.030000686645508 |
| 16.040000915527344 |
| 16.049999237060547 |
| 16.06999969482422  |
| 16.079999923706055 |
| 16.110000610351562 |
| 16.1200008392334   |
| 16.1299991607666   |
+--------------------+
10 rows selected.
Running time elapsed:      7.80 Seconds
SQL> SELECT TDECIMAL FROM P1000 GROUP BY TDECIMAL ORDER BY TDECIMAL LIMIT 10;
+----------+
| TDECIMAL |
+----------+
| 16.0     |
| 16.02    |
| 16.03    |
| 16.04    |
| 16.05    |
| 16.07    |
| 16.08    |
| 16.11    |
| 16.12    |
| 16.13    |
+----------+
10 rows selected.
Running time elapsed:      3.49 Seconds
SQL> -- 把查询出的数据insert到T_TYPE_DECIMAL表中
SQL> DROP TABLE T_TYPE_DECIMAL IF EXISTS;
0 rows affected
Running time elapsed:      0.20 Seconds
SQL> CREATE TABLE T_TYPE_DECIMAL AS (SELECT TDECIMAL FROM P1000 GROUP BY TDECIMAL) WITH DATA;
0 rows affected
Running time elapsed:     28.51 Seconds
SQL> -- 查看返回结果
SQL> SELECT * FROM T_TYPE_DECIMAL ORDER BY TDECIMAL LIMIT 10;
+----------+
| TDECIMAL |
+----------+
| 16.0     |
| 16.02    |
| 16.03    |
| 16.04    |
| 16.05    |
| 16.07    |
| 16.08    |
| 16.11    |
| 16.12    |
| 16.13    |
+----------+
10 rows selected.
Running time elapsed:      4.26 Seconds
SQL> SELECT TNUMERIC FROM P1000 GROUP BY TNUMERIC ORDER BY TNUMERIC LIMIT 10;
+----------+
| TNUMERIC |
+----------+
| 16.0016  |
| 16.003   |
| 16.0038  |
| 16.007   |
| 16.0075  |
| 16.0086  |
| 16.0111  |
| 16.0112  |
| 16.0186  |
| 16.0232  |
+----------+
10 rows selected.
Running time elapsed:      4.51 Seconds
SQL> -- 把查询出的数据insert到T_TYPE_NUMERIC表中
SQL> DROP TABLE T_TYPE_NUMERIC IF EXISTS;
0 rows affected
Running time elapsed:      0.30 Seconds
SQL> CREATE TABLE T_TYPE_NUMERIC AS (SELECT TNUMERIC FROM P1000 GROUP BY TNUMERIC) WITH DATA;
0 rows affected
Running time elapsed:     65.86 Seconds
SQL> -- 查看返回结果
SQL> SELECT * FROM T_TYPE_NUMERIC ORDER BY TNUMERIC LIMIT 10;
+----------+
| TNUMERIC |
+----------+
| 16.0016  |
| 16.003   |
| 16.0038  |
| 16.007   |
| 16.0075  |
| 16.0086  |
| 16.0111  |
| 16.0112  |
| 16.0186  |
| 16.0232  |
+----------+
10 rows selected.
Running time elapsed:      3.82 Seconds
SQL> SELECT TDATE FROM P1000 GROUP BY TDATE ORDER BY TDATE LIMIT 10;
+-----------+
| TDATE     |
+-----------+
| 1979-1-1  |
| 1979-1-2  |
| 1979-1-3  |
| 1979-1-4  |
| 1979-1-5  |
| 1979-1-6  |
| 1979-1-7  |
| 1979-1-8  |
| 1979-1-9  |
| 1979-1-10 |
+-----------+
10 rows selected.
Running time elapsed:      8.21 Seconds
SQL> -- 把查询出的数据insert到T_TYPE_DATE表中
SQL> DROP TABLE T_TYPE_DATE IF EXISTS;
0 rows affected
Running time elapsed:      0.00 Seconds
SQL> CREATE TABLE T_TYPE_DATE AS (SELECT TDATE FROM P1000 GROUP BY TDATE) WITH DATA;
0 rows affected
Running time elapsed:     44.43 Seconds
SQL> SELECT * FROM T_TYPE_DATE ORDER BY TDATE LIMIT 10;
+-----------+
| TDATE     |
+-----------+
| 1979-1-1  |
| 1979-1-2  |
| 1979-1-3  |
| 1979-1-4  |
| 1979-1-5  |
| 1979-1-6  |
| 1979-1-7  |
| 1979-1-8  |
| 1979-1-9  |
| 1979-1-10 |
+-----------+
10 rows selected.
Running time elapsed:      4.23 Seconds
SQL> SELECT TTIMESTAMP FROM P1000 GROUP BY TTIMESTAMP ORDER BY TTIMESTAMP LIMIT 10;
+---------------------+
| TTIMESTAMP          |
+---------------------+
| 1979-01-01 00:00:31 |
| 1979-01-01 00:02:27 |
| 1979-01-01 00:08:21 |
| 1979-01-01 00:10:29 |
| 1979-01-01 00:13:48 |
| 1979-01-01 00:17:18 |
| 1979-01-01 00:25:36 |
| 1979-01-01 00:25:59 |
| 1979-01-01 00:26:26 |
| 1979-01-01 00:30:20 |
+---------------------+
10 rows selected.
Running time elapsed:      4.84 Seconds
SQL> -- 把查询出的数据insert到T_TYPE_TIMESTAMP表中
SQL> DROP TABLE T_TYPE_TIMESTAMP IF EXISTS;
0 rows affected
Running time elapsed:      0.00 Seconds
SQL> CREATE TABLE T_TYPE_TIMESTAMP AS (SELECT TTIMESTAMP FROM P1000 GROUP BY TTIMESTAMP) WITH DATA;
0 rows affected
Running time elapsed:     47.34 Seconds
SQL> -- 查看返回结果
SQL> SELECT * FROM T_TYPE_TIMESTAMP ORDER BY TTIMESTAMP LIMIT 10;
+---------------------+
| TTIMESTAMP          |
+---------------------+
| 1979-01-01 00:00:31 |
| 1979-01-01 00:02:27 |
| 1979-01-01 00:08:21 |
| 1979-01-01 00:10:29 |
| 1979-01-01 00:13:48 |
| 1979-01-01 00:17:18 |
| 1979-01-01 00:25:36 |
| 1979-01-01 00:25:59 |
| 1979-01-01 00:26:26 |
| 1979-01-01 00:30:20 |
+---------------------+
10 rows selected.
Running time elapsed:      5.12 Seconds
SQL> SELECT TBOOL FROM P1000 GROUP BY TBOOL ORDER BY TBOOL LIMIT 10;
+-------+
| TBOOL |
+-------+
| False |
| True  |
+-------+
2 rows selected.
Running time elapsed:      3.37 Seconds
SQL> -- 把查询出的数据insert到T_TYPE_BOOL表中
SQL> DROP TABLE T_TYPE_BOOL IF EXISTS;
0 rows affected
Running time elapsed:      0.13 Seconds
SQL> CREATE TABLE T_TYPE_BOOL AS (SELECT TBOOL FROM P1000 GROUP BY TBOOL) WITH DATA;
0 rows affected
Running time elapsed:     13.66 Seconds
SQL> -- 查看返回结果
SQL> SELECT * FROM T_TYPE_BOOL ORDER BY TBOOL LIMIT 10;
+-------+
| TBOOL |
+-------+
| False |
| True  |
+-------+
2 rows selected.
Running time elapsed:      0.71 Seconds
SQL> SELECT TCHAR FROM P1000 GROUP BY TCHAR ORDER BY TCHAR LIMIT 10;
+-----------------------------------------------------------------------------------------------------------------------------------------------------------------------------------------------------------------------------------------------------------------+
| TCHAR                                                                                                                                                                                                                                                           |
+-----------------------------------------------------------------------------------------------------------------------------------------------------------------------------------------------------------------------------------------------------------------+
| 00Yp4DMxZ9hPOVwsqXazo141sCXqxnluJF7YH2NRveJZx3XJbd                                                                                                                                                                                                              |
| 01fenKRX0xnAlT5KcHsM3FogARg6T1UnLEsvrgtNsm5Xce2oEY                                                                                                                                                                                                              |
| 0211FEbiYdJUGnFxH91Xnrhcn3tAqnXAF3P3cbeDCYCEN63Kqh                                                                                                                                                                                                              |
| 02MzKlKczsTbzNdEhEqr1vim4uyCHtzS9G1vf6H9wsv8XpqeeE                                                                                                                                                                                                              |
| 03K4tOHEje2KLkocP5iGfgZFWCEM1y7X7sDwCZcd6yhY5j1yH4                                                                                                                                                                                                              |
| 04cW1XDXbpVzcjGcgwdUxIHKjbac0smxGrG6fMsA3OEGN7SDbl                                                                                                                                                                                                              |
| 05DReCgk1YlG515yiRPdf12XgNHVXRMtjoTe7dwPRIJuj1A4e5                                                                                                                                                                                                              |
| 0618kq7yjlFM3fRzgFGZyswvLrYudK1snuGTuZXmPUsoM7CHTm                                                                                                                                                                                                              |
| 06Xzyij776CSPxIbVKCEDjiLIgDqlgywPfBXD4FM5L1xCRu5FI                                                                                                                                                                                                              |
| 06gf53PWtrpKOVHqToc6gKTo9Gq5z54Mi9aMvGDcxlKyOZ6IK5                                                                                                                                                                                                              |
+-----------------------------------------------------------------------------------------------------------------------------------------------------------------------------------------------------------------------------------------------------------------+
10 rows selected.
Running time elapsed:      4.71 Seconds
SQL> -- 把查询出的数据insert到T_TYPE_CHAR表中
SQL> DROP TABLE T_TYPE_CHAR IF EXISTS;
0 rows affected
Running time elapsed:      0.00 Seconds
SQL> CREATE TABLE T_TYPE_CHAR AS (SELECT TCHAR FROM P1000 GROUP BY TCHAR) WITH DATA;
0 rows affected
Running time elapsed:     28.69 Seconds
SQL> -- 查看返回结果
SQL> SELECT * FROM T_TYPE_CHAR ORDER BY TCHAR LIMIT 10;
+-----------------------------------------------------------------------------------------------------------------------------------------------------------------------------------------------------------------------------------------------------------------+
| TCHAR                                                                                                                                                                                                                                                           |
+-----------------------------------------------------------------------------------------------------------------------------------------------------------------------------------------------------------------------------------------------------------------+
| 00Yp4DMxZ9hPOVwsqXazo141sCXqxnluJF7YH2NRveJZx3XJbd                                                                                                                                                                                                              |
| 01fenKRX0xnAlT5KcHsM3FogARg6T1UnLEsvrgtNsm5Xce2oEY                                                                                                                                                                                                              |
| 0211FEbiYdJUGnFxH91Xnrhcn3tAqnXAF3P3cbeDCYCEN63Kqh                                                                                                                                                                                                              |
| 02MzKlKczsTbzNdEhEqr1vim4uyCHtzS9G1vf6H9wsv8XpqeeE                                                                                                                                                                                                              |
| 03K4tOHEje2KLkocP5iGfgZFWCEM1y7X7sDwCZcd6yhY5j1yH4                                                                                                                                                                                                              |
| 04cW1XDXbpVzcjGcgwdUxIHKjbac0smxGrG6fMsA3OEGN7SDbl                                                                                                                                                                                                              |
| 05DReCgk1YlG515yiRPdf12XgNHVXRMtjoTe7dwPRIJuj1A4e5                                                                                                                                                                                                              |
| 0618kq7yjlFM3fRzgFGZyswvLrYudK1snuGTuZXmPUsoM7CHTm                                                                                                                                                                                                              |
| 06Xzyij776CSPxIbVKCEDjiLIgDqlgywPfBXD4FM5L1xCRu5FI                                                                                                                                                                                                              |
| 06gf53PWtrpKOVHqToc6gKTo9Gq5z54Mi9aMvGDcxlKyOZ6IK5                                                                                                                                                                                                              |
+-----------------------------------------------------------------------------------------------------------------------------------------------------------------------------------------------------------------------------------------------------------------+
10 rows selected.
Running time elapsed:     12.02 Seconds
SQL> SELECT TVARCHAR FROM P1000 GROUP BY TVARCHAR ORDER BY TVARCHAR LIMIT 10;
+------------------------------------------------------------------------------------------------------+
| TVARCHAR                                                                                             |
+------------------------------------------------------------------------------------------------------+
| 00Yp4DMxZ9hPOVwsqXazo141sCXqxnluJF7YH2NRveJZx3XJbdcdKUGWvVLD9YjfYlb2xrcTY8dTr00Ldbx9iAo2UreComC7je2g |
| 01fenKRX0xnAlT5KcHsM3FogARg6T1UnLEsvrgtNsm5Xce2oEYDsZYRRxET579FCaXdtYz4uzKPdBCzo3LRc6G6olGhDzkpze7J0 |
| 0211FEbiYdJUGnFxH91Xnrhcn3tAqnXAF3P3cbeDCYCEN63KqhBHucNjzzzl0SxBk2YlD4YKvWDgfETgfB1KjZwVxhXWylD7nO89 |
| 02MzKlKczsTbzNdEhEqr1vim4uyCHtzS9G1vf6H9wsv8XpqeeEzTxks6Gy7rXDAhYzndgrch9bVRsD9748tdWMUR8UdSiNL2HE1T |
| 03K4tOHEje2KLkocP5iGfgZFWCEM1y7X7sDwCZcd6yhY5j1yH4LlRhRHZHAysZY77hqzb4NzjM03TNZJVPzqmiIwE2LxfVFGsA4N |
| 04cW1XDXbpVzcjGcgwdUxIHKjbac0smxGrG6fMsA3OEGN7SDblJ9k4MxFOHzH5mvAlVROEdDdN9hHZY2icRfRdGSJfVs4qCu06G1 |
| 05DReCgk1YlG515yiRPdf12XgNHVXRMtjoTe7dwPRIJuj1A4e5q4l1yqUxxwGnPUvq6aHeUXIoUHm9vJiA7Z7vnwWUKPVwIZ07Si |
| 0618kq7yjlFM3fRzgFGZyswvLrYudK1snuGTuZXmPUsoM7CHTmg0UOLBsxUJybSvUAz94gUVKRH7CorhtNeqNTgxMvlGUSVV7skF |
| 06Xzyij776CSPxIbVKCEDjiLIgDqlgywPfBXD4FM5L1xCRu5FIt4IYGcI31FjkBgfdXB7g4VddNCLsHJ96BMBxKRoV0RxRCevRUq |
| 06gf53PWtrpKOVHqToc6gKTo9Gq5z54Mi9aMvGDcxlKyOZ6IK5TXR48KpyquIAIeZe25WuZFaRMENDBV8PFDLRpHK9UyHsxFo1Tw |
+------------------------------------------------------------------------------------------------------+
10 rows selected.
Running time elapsed:      5.42 Seconds
SQL> -- 把查询出的数据insert到T_TYPE_VARCHAR表中
SQL> DROP TABLE T_TYPE_VARCHAR IF EXISTS;
0 rows affected
Running time elapsed:      0.00 Seconds
SQL> CREATE TABLE T_TYPE_VARCHAR AS (SELECT TVARCHAR FROM P1000 GROUP BY TVARCHAR) WITH DATA;
0 rows affected
Running time elapsed:     42.71 Seconds
SQL> -- 查看返回结果
SQL> SELECT * FROM T_TYPE_VARCHAR ORDER BY TVARCHAR LIMIT 10;
+------------------------------------------------------------------------------------------------------+
| TVARCHAR                                                                                             |
+------------------------------------------------------------------------------------------------------+
| 00Yp4DMxZ9hPOVwsqXazo141sCXqxnluJF7YH2NRveJZx3XJbdcdKUGWvVLD9YjfYlb2xrcTY8dTr00Ldbx9iAo2UreComC7je2g |
| 01fenKRX0xnAlT5KcHsM3FogARg6T1UnLEsvrgtNsm5Xce2oEYDsZYRRxET579FCaXdtYz4uzKPdBCzo3LRc6G6olGhDzkpze7J0 |
| 0211FEbiYdJUGnFxH91Xnrhcn3tAqnXAF3P3cbeDCYCEN63KqhBHucNjzzzl0SxBk2YlD4YKvWDgfETgfB1KjZwVxhXWylD7nO89 |
| 02MzKlKczsTbzNdEhEqr1vim4uyCHtzS9G1vf6H9wsv8XpqeeEzTxks6Gy7rXDAhYzndgrch9bVRsD9748tdWMUR8UdSiNL2HE1T |
| 03K4tOHEje2KLkocP5iGfgZFWCEM1y7X7sDwCZcd6yhY5j1yH4LlRhRHZHAysZY77hqzb4NzjM03TNZJVPzqmiIwE2LxfVFGsA4N |
| 04cW1XDXbpVzcjGcgwdUxIHKjbac0smxGrG6fMsA3OEGN7SDblJ9k4MxFOHzH5mvAlVROEdDdN9hHZY2icRfRdGSJfVs4qCu06G1 |
| 05DReCgk1YlG515yiRPdf12XgNHVXRMtjoTe7dwPRIJuj1A4e5q4l1yqUxxwGnPUvq6aHeUXIoUHm9vJiA7Z7vnwWUKPVwIZ07Si |
| 0618kq7yjlFM3fRzgFGZyswvLrYudK1snuGTuZXmPUsoM7CHTmg0UOLBsxUJybSvUAz94gUVKRH7CorhtNeqNTgxMvlGUSVV7skF |
| 06Xzyij776CSPxIbVKCEDjiLIgDqlgywPfBXD4FM5L1xCRu5FIt4IYGcI31FjkBgfdXB7g4VddNCLsHJ96BMBxKRoV0RxRCevRUq |
| 06gf53PWtrpKOVHqToc6gKTo9Gq5z54Mi9aMvGDcxlKyOZ6IK5TXR48KpyquIAIeZe25WuZFaRMENDBV8PFDLRpHK9UyHsxFo1Tw |
+------------------------------------------------------------------------------------------------------+
10 rows selected.
Running time elapsed:     10.80 Seconds
SQL> 
SQL> 
SQL> -- 不同数据类型组合进行group by查询
   > -- 3种整型数据类型组合
SQL> SELECT TSMALLINT,TINTEGER,TBIGINT FROM P1000 GROUP BY TSMALLINT, TINTEGER,TBIGINT ORDER BY TSMALLINT LIMIT 10;
+-----------+----------+--------------+
| TSMALLINT | TINTEGER | TBIGINT      |
+-----------+----------+--------------+
| 16        | 37476347 | 362920719548 |
| 16        | 48793639 | 131899174766 |
| 16        | 80218116 | 359237409014 |
| 16        | 80219779 | 557740157933 |
| 16        | 50417200 | 406004053509 |
| 16        | 45391597 | 563859226725 |
| 16        | 61781450 | 371307226542 |
| 16        | 45704228 | 452854544695 |
| 16        | 7832701  | 812687974560 |
| 16        | 26135545 | 75653462154  |
+-----------+----------+--------------+
10 rows selected.
Running time elapsed:      5.19 Seconds
SQL> -- 把查询出的数据insert到T_TYPE_INTS表中
SQL> DROP TABLE T_TYPE_INTS IF EXISTS;
0 rows affected
Running time elapsed:      0.18 Seconds
SQL> CREATE TABLE T_TYPE_INTS AS (SELECT TSMALLINT,TINTEGER,TBIGINT FROM P1000 GROUP BY TSMALLINT, TINTEGER,TBIGINT) WITH DATA;
0 rows affected
Running time elapsed:     41.95 Seconds
SQL> -- 查看返回结果
SQL> SELECT * FROM T_TYPE_INTS ORDER BY TSMALLINT LIMIT 10;
+-----------+----------+--------------+
| TSMALLINT | TINTEGER | TBIGINT      |
+-----------+----------+--------------+
| 16        | 8282110  | 289033717776 |
| 16        | 25756864 | 451060261785 |
| 16        | 31903490 | 396808483215 |
| 16        | 11248646 | 270038428730 |
| 16        | 8013074  | 767186454982 |
| 16        | 44757937 | 980353034166 |
| 16        | 31957037 | 24848722652  |
| 16        | 50802671 | 567988793674 |
| 16        | 1731707  | 529267348274 |
| 16        | 70273757 | 81219301600  |
+-----------+----------+--------------+
10 rows selected.
Running time elapsed:      6.86 Seconds
SQL> 
SQL> -- 5种浮点型数据类型组合
SQL> SELECT TREAL,TDOUBLE,TFLOAT,TDECIMAL,TNUMERIC FROM P1000 GROUP BY TREAL, TDOUBLE, TFLOAT, TDECIMAL, TNUMERIC ORDER BY TREAL LIMIT 10;
+-------+---------+-------------------+----------+-----------+
| TREAL | TDOUBLE | TFLOAT            | TDECIMAL | TNUMERIC  |
+-------+---------+-------------------+----------+-----------+
| 16.0  | 75.53   | 9583.1103515625   | 8130.61  | 5464.3584 |
| 16.0  | 1971.48 | 1560.2099609375   | 3867.02  | 4548.9339 |
| 16.0  | 3931.5  | 8773.01953125     | 6721.35  | 6613.5544 |
| 16.0  | 8288.12 | 2279.2900390625   | 5695.7   | 4051.6236 |
| 16.0  | 2029.82 | 5948.52978515625  | 7154.53  | 8552.836  |
| 16.0  | 1351.82 | 3304.610107421875 | 5894.99  | 2783.779  |
| 16.0  | 7217.07 | 2683.75           | 4402.15  | 7320.964  |
| 16.0  | 2697.35 | 5390.0498046875   | 958.53   | 9390.9051 |
| 16.0  | 1401.4  | 9137.75           | 6720.04  | 6364.0253 |
| 16.0  | 4988.19 | 8931.509765625    | 1301.46  | 1578.1104 |
+-------+---------+-------------------+----------+-----------+
10 rows selected.
Running time elapsed:      5.33 Seconds
SQL> -- 把查询出的数据insert到T_TYPE_FLOATS表中
SQL> DROP TABLE T_TYPE_FLOATS IF EXISTS;
0 rows affected
Running time elapsed:      0.00 Seconds
SQL> CREATE TABLE T_TYPE_FLOATS AS (SELECT TREAL,TDOUBLE,TFLOAT,TDECIMAL,TNUMERIC FROM P1000 GROUP BY TREAL, TDOUBLE, TFLOAT, TDECIMAL, TNUMERIC) WITH DATA;
0 rows affected
Running time elapsed:     33.37 Seconds
SQL> -- 查看返回结果
SQL> SELECT * FROM T_TYPE_FLOATS ORDER BY TREAL LIMIT 10;
+-------+---------+--------------------+----------+-----------+
| TREAL | TDOUBLE | TFLOAT             | TDECIMAL | TNUMERIC  |
+-------+---------+--------------------+----------+-----------+
| 16.0  | 3623.4  | 9333.580078125     | 8343.53  | 9046.474  |
| 16.0  | 3397.45 | 1852.1600341796875 | 3065.61  | 695.9583  |
| 16.0  | 6075.79 | 5607.1201171875    | 6902.02  | 1351.0719 |
| 16.0  | 6407.02 | 8268.8203125       | 7802.13  | 5489.0361 |
| 16.0  | 4548.53 | 4541.72998046875   | 8560.05  | 5587.9238 |
| 16.0  | 646.57  | 3815.669921875     | 8639.02  | 8288.4953 |
| 16.0  | 3514.16 | 1482.699951171875  | 8598.82  | 967.1716  |
| 16.0  | 1351.82 | 3304.610107421875  | 5894.99  | 2783.779  |
| 16.0  | 7158.04 | 5761.2001953125    | 5349.85  | 1971.3139 |
| 16.0  | 6499.58 | 253.92999267578125 | 5544.46  | 378.9361  |
+-------+---------+--------------------+----------+-----------+
10 rows selected.
Running time elapsed:      3.12 Seconds
SQL> 
SQL> -- 2种字符型数据类型组合
SQL> SELECT TCHAR,TVARCHAR FROM P1000 GROUP BY TCHAR, TVARCHAR ORDER BY TCHAR LIMIT 10;
+-----------------------------------------------------------------------------------------------------------------------------------------------------------------------------------------------------------------------------------------------------------------+------------------------------------------------------------------------------------------------------+
| TCHAR                                                                                                                                                                                                                                                           | TVARCHAR                                                                                             |
+-----------------------------------------------------------------------------------------------------------------------------------------------------------------------------------------------------------------------------------------------------------------+------------------------------------------------------------------------------------------------------+
| 00Yp4DMxZ9hPOVwsqXazo141sCXqxnluJF7YH2NRveJZx3XJbd                                                                                                                                                                                                              | MwEI39ZxSWC0AnAqcTtomHws7gM5wSxXPySAsNriPRSRflOKYjrTEuVNMNyn7AD7YcXjztBwgoAfROfO2sG08SggDhMO1DFb4Gdv |
| 00Yp4DMxZ9hPOVwsqXazo141sCXqxnluJF7YH2NRveJZx3XJbd                                                                                                                                                                                                              | 2LVhEdVggfyCwI3J742LIjq15Lqv6RrPNU7mRjIcff8OtajBRkHkPSeJlwvXE1nCJdGw6eIGn3geXhPRU6N8bYrXncmyFeEBJ6U1 |
| 00Yp4DMxZ9hPOVwsqXazo141sCXqxnluJF7YH2NRveJZx3XJbd                                                                                                                                                                                                              | 4uUWZDu2yR7o0N5tyVT4jyBaratRlRqvUueISPuH6gygGHYi8inSwB5FYxH3ZbHIkE6X3gEGhJmc2HxpbyArakR1RtsOnrb9uGHa |
| 00Yp4DMxZ9hPOVwsqXazo141sCXqxnluJF7YH2NRveJZx3XJbd                                                                                                                                                                                                              | AMuF35cPe7idWUeHoLdBWgtUB8c8HWwgIHeO8DOLk8WrdxjeC8gEo6IBAVEIgykPWlbz9y7JcoazNYvZtw4fb5yjjPnvigV1IBUk |
| 00Yp4DMxZ9hPOVwsqXazo141sCXqxnluJF7YH2NRveJZx3XJbd                                                                                                                                                                                                              | kiFV4VWHl9whtrU05RZ0WWf0YVKrDFtiBd6odJ8mB6Y8Pm5yfF9Xqi32JjKhBfWeGJC3HYrFgKieyewLWRSV399ByfZ5A0I1FB4F |
| 00Yp4DMxZ9hPOVwsqXazo141sCXqxnluJF7YH2NRveJZx3XJbd                                                                                                                                                                                                              | v5KHnNrYG3etieALsbcX6j0874hEuuGRswxvjUCljr5lE7X8DeGH4ZFX3bYiWAArctJrpAY0nmMrdEAjl6r6ArE6SFteJNnxBlwI |
| 00Yp4DMxZ9hPOVwsqXazo141sCXqxnluJF7YH2NRveJZx3XJbd                                                                                                                                                                                                              | 6kOTR9CNSpWsELmSioiGGXPZtu4ZJGM1IRvzGLisuM0BhbYpUXu4vvGCzd8LKa2Rl4Sp6eHbkzCCIV2WnmfNaDgLgVKFp1KXeCkY |
| 00Yp4DMxZ9hPOVwsqXazo141sCXqxnluJF7YH2NRveJZx3XJbd                                                                                                                                                                                                              | 8AOsyjr1U0XgRmq1dy1RTdsZhV0RgMSVoDsmi4HL4S2wnoI3eRhHw6f0x7Atu2tGb2e1U2NvqAtF3LSlA3C50NSAKanVK30Zf1ZU |
| 00Yp4DMxZ9hPOVwsqXazo141sCXqxnluJF7YH2NRveJZx3XJbd                                                                                                                                                                                                              | cNHgyDMCrzCoFcTSArKcpAU1c6LfmcRehoFHdCCIPgsVRCcnNvFi2xi6CndHfG2RIpRkAi9MZ6dcLi4X2UZHUtT8XCjMh2tuibZJ |
| 00Yp4DMxZ9hPOVwsqXazo141sCXqxnluJF7YH2NRveJZx3XJbd                                                                                                                                                                                                              | Y4NKsTewslCeomdiA8sIBzGPSHC4KdLhPEPlo1lIeRTp4G6Ybz8kmlEfVZ7OSGKIDZ9O14UuflojZuGbudKNh2LVWeVV7p6t1iYF |
+-----------------------------------------------------------------------------------------------------------------------------------------------------------------------------------------------------------------------------------------------------------------+------------------------------------------------------------------------------------------------------+
10 rows selected.
Running time elapsed:      6.36 Seconds
SQL> -- 把查询出的数据insert到T_TYPE_CHARS表中
SQL> DROP TABLE T_TYPE_CHARS IF EXISTS;
0 rows affected
Running time elapsed:      0.00 Seconds
SQL> CREATE TABLE T_TYPE_CHARS AS (SELECT TCHAR,TVARCHAR FROM P1000 GROUP BY TCHAR, TVARCHAR) WITH DATA;
0 rows affected
Running time elapsed:     65.29 Seconds
SQL> -- 查看返回结果
SQL> SELECT * FROM T_TYPE_CHARS ORDER BY TCHAR LIMIT 10;
+-----------------------------------------------------------------------------------------------------------------------------------------------------------------------------------------------------------------------------------------------------------------+------------------------------------------------------------------------------------------------------+
| TCHAR                                                                                                                                                                                                                                                           | TVARCHAR                                                                                             |
+-----------------------------------------------------------------------------------------------------------------------------------------------------------------------------------------------------------------------------------------------------------------+------------------------------------------------------------------------------------------------------+
| 00Yp4DMxZ9hPOVwsqXazo141sCXqxnluJF7YH2NRveJZx3XJbd                                                                                                                                                                                                              | 9Rc4RHXqLo1loFI6jCBhETf1C7m6gn4iRvWOgGBJkLPxZEKe59yq78jZmpPZsskRt1UUaTKcZKvB8dF9FsrRLDawviXyRsAxYbAh |
| 00Yp4DMxZ9hPOVwsqXazo141sCXqxnluJF7YH2NRveJZx3XJbd                                                                                                                                                                                                              | ygKFpBxGrviMgW4KvZ4JzrzIJsxMAoypr0Suiu1NpRV4SPozpA6Mws9j8t4sToRjbp3MCELTYmnHoVXrWfP44gGBx00xeTBZCpeA |
| 00Yp4DMxZ9hPOVwsqXazo141sCXqxnluJF7YH2NRveJZx3XJbd                                                                                                                                                                                                              | sUlqhzwFMAZz23KlauVE8ztP1ESAtaCWDBVGPAAOHVwl5aAsH1zZNNTnYcN7AKb1uaxyDURPAVSITpBp5weavRaNLJWprj81oXes |
| 00Yp4DMxZ9hPOVwsqXazo141sCXqxnluJF7YH2NRveJZx3XJbd                                                                                                                                                                                                              | w2kZmguJFiqahL0eChaUUMqlqgVdrlqxSHvn7o9gGYX9skss7mRT08zBKlKrMluqACdyZjhNNcuvbREwV0kI9BIKTgCyVT53ZxWX |
| 00Yp4DMxZ9hPOVwsqXazo141sCXqxnluJF7YH2NRveJZx3XJbd                                                                                                                                                                                                              | RRsGyfoXMNLiPN9e0bXMPFYtFvn7w4iGDxupHHfH40DnFLCgZ6VSy6eJMmpuxgZKGVLwNobSkyo4l4FkCpuc7D0F5dLRGVKP80H0 |
| 00Yp4DMxZ9hPOVwsqXazo141sCXqxnluJF7YH2NRveJZx3XJbd                                                                                                                                                                                                              | JC3R9s1K01ZikFfXMAPj0KFCJhHLkmuLfRdpcomDcWuUzUoSRAaf0A5nE2noZrksavWKBCZWxEF2jzXK760sHyRIDvTCS8rGtGuF |
| 00Yp4DMxZ9hPOVwsqXazo141sCXqxnluJF7YH2NRveJZx3XJbd                                                                                                                                                                                                              | 8KMp0C62kJsNVcNMWxCam7r0WdbMr1Lls9Eseqeui7RCsHiwvdaRU2x4MRPT31JV0oPpzZ6Dr95tiZNM0CvuwxAPqpIxxo1h8hgG |
| 00Yp4DMxZ9hPOVwsqXazo141sCXqxnluJF7YH2NRveJZx3XJbd                                                                                                                                                                                                              | yHEX9FhNHqWLjYYJ5n25jwDX6SYPraxwTl6dPPSkjwgUBuuwTMlCEiIrijsfzmE2KhjmEldcVGiYqdTqj8CedhA7RP83dYTbMH9U |
| 00Yp4DMxZ9hPOVwsqXazo141sCXqxnluJF7YH2NRveJZx3XJbd                                                                                                                                                                                                              | 47qzUlZrW6dMF4DsPGBEhFXRmSOwxR8IARzH6AEzJJZmTWJCOS2mezAPq6etNV7nyAur2tpKlon5Zt5B3DZXLU42UJDayRYDTWtP |
| 00Yp4DMxZ9hPOVwsqXazo141sCXqxnluJF7YH2NRveJZx3XJbd                                                                                                                                                                                                              | lehDJT1HYs5diEYtffS5aKOEOrj5qkpiYT9z0gSRrqKqSzNybivNjLJ5EaymsZpU7HoDGxGgUC4lWzKXnfkLRk3DMRDBZYDGfrnw |
+-----------------------------------------------------------------------------------------------------------------------------------------------------------------------------------------------------------------------------------------------------------------+------------------------------------------------------------------------------------------------------+
10 rows selected.
Running time elapsed:      5.29 Seconds
SQL> 
SQL> -- 2种日期类型数据类型组合
SQL> SELECT TDATE,TTIMESTAMP FROM P1000 GROUP BY TDATE,TTIMESTAMP ORDER BY TTIMESTAMP LIMIT 10;
+------------+---------------------+
| TDATE      | TTIMESTAMP          |
+------------+---------------------+
| 2002-2-18  | 1979-01-01 00:00:31 |
| 1990-8-2   | 1979-01-01 00:02:27 |
| 2038-11-7  | 1979-01-01 00:08:21 |
| 2042-12-7  | 1979-01-01 00:10:29 |
| 2008-12-25 | 1979-01-01 00:13:48 |
| 1987-8-2   | 1979-01-01 00:17:18 |
| 1992-12-18 | 1979-01-01 00:25:36 |
| 2039-12-21 | 1979-01-01 00:25:59 |
| 2040-2-26  | 1979-01-01 00:26:26 |
| 2033-9-25  | 1979-01-01 00:30:20 |
+------------+---------------------+
10 rows selected.
Running time elapsed:      8.13 Seconds
SQL> -- 把查询出的数据insert到T_TYPE_DATES表中
SQL> DROP TABLE T_TYPE_DATES IF EXISTS;
0 rows affected
Running time elapsed:      0.00 Seconds
SQL> CREATE TABLE T_TYPE_DATES AS (SELECT TDATE,TTIMESTAMP FROM P1000 GROUP BY TDATE,TTIMESTAMP) WITH DATA;
0 rows affected
Running time elapsed:     43.24 Seconds
SQL> -- 查看返回结果
SQL> SELECT * FROM T_TYPE_DATES ORDER BY TTIMESTAMP LIMIT 10;
+------------+---------------------+
| TDATE      | TTIMESTAMP          |
+------------+---------------------+
| 2002-2-18  | 1979-01-01 00:00:31 |
| 1990-8-2   | 1979-01-01 00:02:27 |
| 2038-11-7  | 1979-01-01 00:08:21 |
| 2042-12-7  | 1979-01-01 00:10:29 |
| 2008-12-25 | 1979-01-01 00:13:48 |
| 1987-8-2   | 1979-01-01 00:17:18 |
| 1992-12-18 | 1979-01-01 00:25:36 |
| 2039-12-21 | 1979-01-01 00:25:59 |
| 2040-2-26  | 1979-01-01 00:26:26 |
| 2033-9-25  | 1979-01-01 00:30:20 |
+------------+---------------------+
10 rows selected.
Running time elapsed:      2.68 Seconds
SQL> 
SQL> -- 整型，浮点型，字符型，日期型4种数据类型组合
SQL> SELECT TBIGINT,TDOUBLE,TCHAR,TDATE FROM P1000 GROUP BY TBIGINT, TDOUBLE, TCHAR,TDATE ORDER BY TBIGINT LIMIT 10;
+----------+---------+-----------------------------------------------------------------------------------------------------------------------------------------------------------------------------------------------------------------------------------------------------------------+------------+
| TBIGINT  | TDOUBLE | TCHAR                                                                                                                                                                                                                                                           | TDATE      |
+----------+---------+-----------------------------------------------------------------------------------------------------------------------------------------------------------------------------------------------------------------------------------------------------------------+------------+
| 27770954 | 2037.61 | XlOhgLCpbvtuFU5BvFA8OL9zXGlz3m11GG677p6ZRKbwyGbKRo                                                                                                                                                                                                              | 2036-11-29 |
| 27770954 | 4580.96 | 4deBM54JODoE6njGqrMj36jiG4AVDqpPrZNHe7ZedloJrNAGkZ                                                                                                                                                                                                              | 1994-1-3   |
| 27770954 | 2189.7  | Txn7fcwsoGMeFdiwW00MoIqcZfYKVolhZG2AObcPNGG9807S0E                                                                                                                                                                                                              | 1983-8-1   |
| 27770954 | 1661.49 | 3eaAvrs1nuEfUbH5C3HAgmMUuabP9sqfwklYIGV0xZwcWyLvap                                                                                                                                                                                                              | 2030-2-21  |
| 27770954 | 6369.07 | qwRZAWNPdSLnoXKKYJlY7Jlbl8gY2xkmH9pUXGjCy7kqMK64gX                                                                                                                                                                                                              | 2046-8-15  |
| 27770954 | 5147.02 | V911Ltv1PB02OYEvCC3VEKzov9DWUAnXp6tD5wG52SuUJMKXZB                                                                                                                                                                                                              | 1982-12-14 |
| 27770954 | 2304.95 | cbASg1RLkexvvhAJNMrPxMi42h5x3rZ50ucldLgN4e12uLbRcJ                                                                                                                                                                                                              | 2039-5-16  |
| 27770954 | 3197.58 | YtVLcbr5mtSb7DNyCVaiZmKLbqPbhY1cza5ALRfs6YaMHFTA32                                                                                                                                                                                                              | 2010-12-15 |
| 27770954 | 8041.82 | ixCom0pOnwfRjJnbeOiDFRfg19gXx3fabpf9WG96buO2THTVKX                                                                                                                                                                                                              | 2002-1-28  |
| 27770954 | 4740.67 | kmVnungsyRi93jwDjgM0dnXWqnv2kWi7nsjAqGoSbSrmRILizH                                                                                                                                                                                                              | 2039-11-28 |
+----------+---------+-----------------------------------------------------------------------------------------------------------------------------------------------------------------------------------------------------------------------------------------------------------------+------------+
10 rows selected.
Running time elapsed:      4.75 Seconds
SQL> -- 把查询出的数据insert到T_TYPE_ARRAY4表中
SQL> DROP TABLE T_TYPE_ARRAY4 IF EXISTS;
0 rows affected
Running time elapsed:      0.00 Seconds
SQL> CREATE TABLE T_TYPE_ARRAY4 AS (SELECT TBIGINT,TDOUBLE,TCHAR,TDATE FROM P1000 GROUP BY TBIGINT, TDOUBLE, TCHAR,TDATE) WITH DATA;
0 rows affected
Running time elapsed:     47.59 Seconds
SQL> -- 查看返回结果
SQL> SELECT * FROM T_TYPE_ARRAY4 ORDER BY TBIGINT LIMIT 10;
+----------+---------+-----------------------------------------------------------------------------------------------------------------------------------------------------------------------------------------------------------------------------------------------------------------+------------+
| TBIGINT  | TDOUBLE | TCHAR                                                                                                                                                                                                                                                           | TDATE      |
+----------+---------+-----------------------------------------------------------------------------------------------------------------------------------------------------------------------------------------------------------------------------------------------------------------+------------+
| 27770954 | 355.5   | FPPpG6WRMBJa6g7mhLYgoRcDc00EVjJqdllGDSK5rxSPJt2ta8                                                                                                                                                                                                              | 2020-8-20  |
| 27770954 | 2189.37 | gp4wGLEqMtx36hnzBbJmGLwzh5tdbDSH6GsfWCHb4UvXawZfP5                                                                                                                                                                                                              | 2037-5-20  |
| 27770954 | 2342.82 | ulshpP8LTb7AmUO7NCtVSJ9RXM7Ab8ICCIRx7R0loxiaDcaWCf                                                                                                                                                                                                              | 1991-10-10 |
| 27770954 | 2037.61 | XlOhgLCpbvtuFU5BvFA8OL9zXGlz3m11GG677p6ZRKbwyGbKRo                                                                                                                                                                                                              | 2036-11-29 |
| 27770954 | 2189.7  | Txn7fcwsoGMeFdiwW00MoIqcZfYKVolhZG2AObcPNGG9807S0E                                                                                                                                                                                                              | 1983-8-1   |
| 27770954 | 5147.02 | V911Ltv1PB02OYEvCC3VEKzov9DWUAnXp6tD5wG52SuUJMKXZB                                                                                                                                                                                                              | 1982-12-14 |
| 27770954 | 4580.96 | 4deBM54JODoE6njGqrMj36jiG4AVDqpPrZNHe7ZedloJrNAGkZ                                                                                                                                                                                                              | 1994-1-3   |
| 27770954 | 4484.51 | MApxCiHlDMHDKwR8541P6F9AszxYOg1Ccdzx004bARoHzKWCrd                                                                                                                                                                                                              | 1998-9-24  |
| 27770954 | 7011.44 | aiBuq3kEtREbmRaUmT72z8ZWiqGJgkzYPsWVgFmf8ROKN8dMBP                                                                                                                                                                                                              | 2014-2-21  |
| 27770954 | 3729.72 | JpiufbENHRvhFZ36C6ffPKl7Eb1X4YZpNCW3afAKGszDf37n2r                                                                                                                                                                                                              | 1992-7-27  |
+----------+---------+-----------------------------------------------------------------------------------------------------------------------------------------------------------------------------------------------------------------------------------------------------------------+------------+
10 rows selected.
Running time elapsed:      5.05 Seconds
SQL> 
SQL> -- 整型，浮点型2种数据类型组合
SQL> SELECT TSMALLINT,TREAL FROM P1000 GROUP BY TSMALLINT, TREAL ORDER BY TSMALLINT LIMIT 10;
+-----------+---------+
| TSMALLINT | TREAL   |
+-----------+---------+
| 16        | 4768.04 |
| 16        | 8417.73 |
| 16        | 9961.84 |
| 16        | 5977.29 |
| 16        | 876.42  |
| 16        | 5514.49 |
| 16        | 3882.7  |
| 16        | 6012.48 |
| 16        | 2842.51 |
| 16        | 7835.02 |
+-----------+---------+
10 rows selected.
Running time elapsed:      4.67 Seconds
SQL> -- 把查询出的数据insert到T_TYPE_ARRAY21表中
SQL> DROP TABLE T_TYPE_ARRAY21 IF EXISTS;
0 rows affected
Running time elapsed:      0.00 Seconds
SQL> CREATE TABLE T_TYPE_ARRAY21 AS (SELECT TSMALLINT,TREAL FROM P1000 GROUP BY TSMALLINT, TREAL) WITH DATA;
0 rows affected
Running time elapsed:     41.34 Seconds
SQL> -- 查看返回结果
SQL> SELECT * FROM T_TYPE_ARRAY21 ORDER BY TSMALLINT LIMIT 10;
+-----------+---------+
| TSMALLINT | TREAL   |
+-----------+---------+
| 16        | 2862.05 |
| 16        | 412.46  |
| 16        | 4735.13 |
| 16        | 8048.49 |
| 16        | 9187.14 |
| 16        | 8169.37 |
| 16        | 4882.49 |
| 16        | 9367.12 |
| 16        | 9339.25 |
| 16        | 8066.3  |
+-----------+---------+
10 rows selected.
Running time elapsed:      2.91 Seconds
SQL> 
SQL> -- 整型，字符型2种数据类型组合
SQL> SELECT TINTEGER,TVARCHAR FROM P1000 GROUP BY TINTEGER, TVARCHAR ORDER BY TINTEGER LIMIT 10;
+----------+------------------------------------------------------------------------------------------------------+
| TINTEGER | TVARCHAR                                                                                             |
+----------+------------------------------------------------------------------------------------------------------+
| 2777     | DsWntmvxlyCMZ8VDqmrA9HTpjiWwtCHm19IKHRTt5AXFUsW4IW6sVVKo9Go4cFyTcRZfRlhyMEegcbgaiXZbSowuLDD1AOH5ErFm |
| 2777     | 67xVHxwRBMBOmLEFjXLhZkqSeARy0az0hIkunp4nMtEyJ7IG3jRAzaFExvVPqbSB4F9FxzzcF808iaxftkqYBNzA5Hi7Z4IB01hz |
| 2777     | 2gXMe3bRxfci5W4qXqANvwmyvfUJwur9BHHO8DxHkzxW6Ok7TfNmi8Nlfe3u5TSIGELH6GB9ZSyfJtmzIIIOqn4Mr0JxpFc99mIO |
| 2777     | PeuD7C0do4AyA9MLMrWJXwBjt6DWp6VRi2rHFgeKfAFBRDupYRz7qBJx4XMR11w9A0TUbCsWvo2aRU7u3T1OOTFnCdNDFFoe0FDA |
| 2777     | FWDJ7xwgXRVNmS1eyCmUhetikONmS3qzLkxpqmWO7OY4mrY82WXZ5Iu3FutbxR5jsk1ZIxTFaWkZ7AsS6geAf0k2YedwGmAACsw6 |
| 2777     | T1mRyg2JSGcvopUJAb7e5GIshJ6RvvT5h2ufh8DeOFjufJF4RLS6Kls15b0qUkiRukrLxZq8cxY4e4pfP7CBPNKGwDCYiNBEHsAF |
| 2777     | 5yFcMUMhtRraEH83MtqGpmTJAOtETEWEWpS38HLCHyoXAqJhbkgSeKEaKiAsHLJDq4DmNdyIcirRvySzgF5yZYAEqalWdt9NM8zf |
| 2777     | z7lynU40Bq4TokRq7l340wAeicS5KjF4eEak4DNIak937LlJRnsVO0WG3gRv4XlA1VaS96e367KZb3yTRfHqn8A115HRG7J9jRmw |
| 2777     | kPwFVNp2phSAAHZ7zkIzhZR0JGAhtppFMjlELOHc6xmBeKMJvTnIgnFS5ZVWDIFC0qE2qwwPzzpPkj9nTu7xCGitSkAGu4mhvFH0 |
| 2777     | CK0G5d8am3xMRgPwnl7FdxUDcL3CRP78rFU270GKAcdkrSOaHVAhGq2SolldeS1n88ZFVkH0ReXE2AMFpjCZxrb5sHPZLA0OJw1A |
+----------+------------------------------------------------------------------------------------------------------+
10 rows selected.
Running time elapsed:      5.08 Seconds
SQL> -- 把查询出的数据insert到T_TYPE_ARRAY22表中
SQL> DROP TABLE T_TYPE_ARRAY22 IF EXISTS;
0 rows affected
Running time elapsed:      0.00 Seconds
SQL> CREATE TABLE T_TYPE_ARRAY22 AS (SELECT TINTEGER,TVARCHAR FROM P1000 GROUP BY TINTEGER, TVARCHAR) WITH DATA;
0 rows affected
Running time elapsed:     31.30 Seconds
SQL> -- 查看返回结果
SQL> SELECT * FROM T_TYPE_ARRAY22 ORDER BY TINTEGER LIMIT 10;
+----------+------------------------------------------------------------------------------------------------------+
| TINTEGER | TVARCHAR                                                                                             |
+----------+------------------------------------------------------------------------------------------------------+
| 2777     | yEVTEDDDRc9lH194WvYvR64yI9OmObucaqfAnya9aIObZhk1tF2Al43GhCxd40Vginvs1WvrDHv81Fp17OxlKv9dcz4zRvoKhChv |
| 2777     | IayFsMDXgkrT1CLA9lyZ33yHDTJNBWnEcOh7B3EItZ7rAS8vdHE64hleIAuxwbF4Oa56XFJ1JRX0vXzYPTyCODuPZgjt55UIkH8U |
| 2777     | cTH3H2XMHtXryY903FXgcPwNAIHc9HAZhCAwh9W4vePnwxJ9fhksTANFGAXdgadY0x9g5ejAKSwAEt9VcjbZjfP7Jrh6nS1m7G62 |
| 2777     | SLyC4aEFryUlB9PJ0yGBBM5yUY1ODqRBjGvFP2UfZBtFVNZi90JEMU7MI3ml17DDZG32rRKBzswKv7AWtf8P74afDOViVkwohRhi |
| 2777     | AMuF35cPe7idWUeHoLdBWgtUB8c8HWwgIHeO8DOLk8WrdxjeC8gEo6IBAVEIgykPWlbz9y7JcoazNYvZtw4fb5yjjPnvigV1IBUk |
| 2777     | VZdGTdxn3ohIRe0Uq9Vc7g8uRuZwRlyqvRIkEz5fYyYFkLnItI3RsEneuhJLojMRpkGnntdXDwAsELm2F5l5OBYdEmP2ZLwNdgFq |
| 2777     | cHcnljHrMc1rb2CReLwuuIhBESHbaBdnU0HAK534d1btwZGgsPOwuEsMisHbGhDGls5jEjwBgpDdmkAIjJsXXo1TrRsZdcAZZHZM |
| 2777     | 1eeiDJqoHq6OWDiq8k7h45wzGzibIDZqr368e8BDhl8BAhNNlDX7JciOE6rdbzVWFkzx0UuFNF7kAJEV4GEgwzdAGrmwCFRKxslE |
| 2777     | RKuOzzKhWR3fLjpoJWa9w29CiywhcmF7WRklwRUlFAnO4Vck8Ew8LR2XAObeNjJsBSHhiMA2JFzLKBKOIhri5nBODArxSIssSIO5 |
| 2777     | bwaZvWDwgzkOiTrpCn3SSYmS3n9OlLAjlzdi0nsTacmVtZObKLgmIik23ZPtyOsL32qWmlY8IIBP23XJhuzKVIcZe18GHwk8cuMr |
+----------+------------------------------------------------------------------------------------------------------+
10 rows selected.
Running time elapsed:      3.21 Seconds
SQL> 
SQL> -- 整型，日期型2种数据类型组合
SQL> SELECT TBIGINT,TDATE FROM P1000 GROUP BY TBIGINT, TDATE ORDER BY TBIGINT LIMIT 10;
+----------+------------+
| TBIGINT  | TDATE      |
+----------+------------+
| 27770954 | 2027-8-29  |
| 27770954 | 2014-11-29 |
| 27770954 | 2022-1-4   |
| 27770954 | 2031-4-22  |
| 27770954 | 1995-11-3  |
| 27770954 | 2015-10-23 |
| 27770954 | 2034-10-31 |
| 27770954 | 1997-9-18  |
| 27770954 | 2012-4-6   |
| 27770954 | 2037-5-20  |
+----------+------------+
10 rows selected.
Running time elapsed:      4.30 Seconds
SQL> -- 把查询出的数据insert到T_TYPE_ARRAY23表中
SQL> DROP TABLE T_TYPE_ARRAY23 IF EXISTS;
0 rows affected
Running time elapsed:      0.00 Seconds
SQL> CREATE TABLE T_TYPE_ARRAY23 AS (SELECT TBIGINT,TDATE FROM P1000 GROUP BY TBIGINT, TDATE) WITH DATA;
0 rows affected
Running time elapsed:     54.75 Seconds
SQL> -- 查看返回结果
SQL> SELECT * FROM T_TYPE_ARRAY23 ORDER BY TBIGINT LIMIT 10;
+----------+------------+
| TBIGINT  | TDATE      |
+----------+------------+
| 27770954 | 2048-1-16  |
| 27770954 | 2009-3-21  |
| 27770954 | 2008-3-23  |
| 27770954 | 2016-1-21  |
| 27770954 | 2008-5-25  |
| 27770954 | 2038-2-26  |
| 27770954 | 2042-2-22  |
| 27770954 | 2020-10-18 |
| 27770954 | 2014-8-12  |
| 27770954 | 1993-1-7   |
+----------+------------+
10 rows selected.
Running time elapsed:      2.88 Seconds
SQL> 
SQL> -- 整型，浮点型，字符型3种数据类型组合
SQL> SELECT TSMALLINT,TREAL,TCHAR FROM P1000 GROUP BY TSMALLINT, TREAL, TCHAR ORDER BY TSMALLINT LIMIT 10;
+-----------+---------+-----------------------------------------------------------------------------------------------------------------------------------------------------------------------------------------------------------------------------------------------------------------+
| TSMALLINT | TREAL   | TCHAR                                                                                                                                                                                                                                                           |
+-----------+---------+-----------------------------------------------------------------------------------------------------------------------------------------------------------------------------------------------------------------------------------------------------------------+
| 16        | 5706.13 | DZ1zyGUTUE67KM1NIOVaqrtGIfNOU0Nt7RBkCXEgsNj9alda8x                                                                                                                                                                                                              |
| 16        | 5924.05 | 0cRHnvlFPFn3OnTuAMNSLPOUuhx8RGCVxli1x9ZiPIgwYeR4FT                                                                                                                                                                                                              |
| 16        | 3546.51 | 1mGncftVUawpzlH5GmCT7EaBhO0rozFWME9IXObhTFotMnFkiN                                                                                                                                                                                                              |
| 16        | 2656.61 | Yv0hAM0EKpJfjDXwOCKBzjtITReFTlGwjkReTRz4e4mMqmFS0f                                                                                                                                                                                                              |
| 16        | 7643.08 | 6kOTR9CNSpWsELmSioiGGXPZtu4ZJGM1IRvzGLisuM0BhbYpUX                                                                                                                                                                                                              |
| 16        | 927.61  | 52sqFO1tIRbjoPwY2c5rWgKnm7MnCjAKoAHg8SO0gowY95yol0                                                                                                                                                                                                              |
| 16        | 2620.93 | LFINRTWvRG0gb6aEI93ecLyNK3FdCwuG8zkHH2ESUt4Xe6TNmR                                                                                                                                                                                                              |
| 16        | 2304.0  | nHzDVlKpDhrGmJYnY4e8Gnq5Owds3TxVELHd3Rs07A65aiuwfa                                                                                                                                                                                                              |
| 16        | 6993.13 | 1jfgttn0b1TW88JrRb1nMZVSZXHWnCvhoeUdEvaR4VMAOjIkRP                                                                                                                                                                                                              |
| 16        | 9211.73 | 43k3OmPi9FMZ6WU0zW2Bj7JIHwoTFy1SHC1tFTtvZqVajs4Iw9                                                                                                                                                                                                              |
+-----------+---------+-----------------------------------------------------------------------------------------------------------------------------------------------------------------------------------------------------------------------------------------------------------------+
10 rows selected.
Running time elapsed:      5.14 Seconds
SQL> -- 把查询出的数据insert到T_TYPE_ARRAY31表中
SQL> DROP TABLE T_TYPE_ARRAY31 IF EXISTS;
0 rows affected
Running time elapsed:      0.00 Seconds
SQL> CREATE TABLE T_TYPE_ARRAY31 AS (SELECT TSMALLINT,TREAL,TCHAR FROM P1000 GROUP BY TSMALLINT, TREAL, TCHAR) WITH DATA;
0 rows affected
Running time elapsed:     48.61 Seconds
SQL> -- 查看返回结果
SQL> SELECT * FROM T_TYPE_ARRAY31 ORDER BY TSMALLINT LIMIT 10;
+-----------+---------+-----------------------------------------------------------------------------------------------------------------------------------------------------------------------------------------------------------------------------------------------------------------+
| TSMALLINT | TREAL   | TCHAR                                                                                                                                                                                                                                                           |
+-----------+---------+-----------------------------------------------------------------------------------------------------------------------------------------------------------------------------------------------------------------------------------------------------------------+
| 16        | 2945.75 | FHm2TbPSHbMP75bbROj7vaRvoEUY5G3jE9AVz8CKjDZNOURhAt                                                                                                                                                                                                              |
| 16        | 8445.87 | bhsD3K4fK3ZGNEzgSgB1SaJOuGUjTFAw1bb72RDJIYFpACLstr                                                                                                                                                                                                              |
| 16        | 5784.86 | otbnYVADMUT33TRM2xI6E1O92yfUwsutRZKkEWrJFDcg9BCwSc                                                                                                                                                                                                              |
| 16        | 1752.2  | gHORHRVe9SoKZWYYgqZ7aJtepTaXsCd6lBwkep6b27fHhLP50I                                                                                                                                                                                                              |
| 16        | 661.27  | pCon2skHsLBklg0L4JZ0KXs69fKfhkdqynlbwcwcXzMsuj7weV                                                                                                                                                                                                              |
| 16        | 5867.16 | Tf1MnNv1qmdn8JsvFUqGjFBdTrsMnOfiD3keMY1DwzkCBUZzlg                                                                                                                                                                                                              |
| 16        | 8850.5  | Dl9DZ7MioBPREfaRPNuWGyLoRrDVVceLRNUqKh3zMuqPthRpoy                                                                                                                                                                                                              |
| 16        | 3174.15 | hmJlgn8KSF8as9H0O0zM5vmNPEPmg8XWF44RjIiqxRNh9vrFdL                                                                                                                                                                                                              |
| 16        | 570.05  | CrqmdTeiiHGMRq3CfiMyRNvmff3eG2RRAzjB38CdfmXTmXYA1i                                                                                                                                                                                                              |
| 16        | 6572.82 | IF1wCNRcfaMYErzXlwyUHhbj7OX5GINBg7lfCtdLYmfm4v4ae9                                                                                                                                                                                                              |
+-----------+---------+-----------------------------------------------------------------------------------------------------------------------------------------------------------------------------------------------------------------------------------------------------------------+
10 rows selected.
Running time elapsed:     10.83 Seconds
SQL> 
SQL> -- 整型，浮点型，日期型3种数据类型组合
SQL> SELECT TSMALLINT,TREAL,TDATE FROM P1000 GROUP BY TSMALLINT, TREAL, TDATE ORDER BY TSMALLINT LIMIT 10;
+-----------+---------+-----------+
| TSMALLINT | TREAL   | TDATE     |
+-----------+---------+-----------+
| 16        | 4354.12 | 1991-9-27 |
| 16        | 9645.05 | 2022-6-11 |
| 16        | 1209.46 | 2032-8-12 |
| 16        | 1841.82 | 1990-7-18 |
| 16        | 5795.93 | 1983-4-21 |
| 16        | 5858.5  | 1979-3-6  |
| 16        | 1409.82 | 1997-12-8 |
| 16        | 566.6   | 1998-4-22 |
| 16        | 9213.95 | 2030-11-1 |
| 16        | 9154.0  | 2007-2-22 |
+-----------+---------+-----------+
10 rows selected.
Running time elapsed:      5.04 Seconds
SQL> -- 把查询出的数据insert到T_TYPE_ARRAY32表中
SQL> DROP TABLE T_TYPE_ARRAY32 IF EXISTS;
0 rows affected
Running time elapsed:      0.00 Seconds
SQL> CREATE TABLE T_TYPE_ARRAY32 AS (SELECT TSMALLINT,TREAL,TDATE FROM P1000 GROUP BY TSMALLINT, TREAL, TDATE) WITH DATA;
0 rows affected
Running time elapsed:     31.81 Seconds
SQL> -- 查看返回结果
SQL> SELECT * FROM T_TYPE_ARRAY32 ORDER BY TSMALLINT LIMIT 10;
+-----------+---------+------------+
| TSMALLINT | TREAL   | TDATE      |
+-----------+---------+------------+
| 16        | 3012.67 | 2023-12-3  |
| 16        | 7545.67 | 2026-11-7  |
| 16        | 2337.46 | 2038-12-12 |
| 16        | 2193.2  | 1993-12-15 |
| 16        | 6708.79 | 2043-6-29  |
| 16        | 8247.96 | 2038-2-10  |
| 16        | 9940.2  | 1992-1-13  |
| 16        | 4541.99 | 1981-8-8   |
| 16        | 9964.04 | 2041-6-13  |
| 16        | 2136.58 | 1988-11-28 |
+-----------+---------+------------+
10 rows selected.
Running time elapsed:      8.57 Seconds
SQL> 
SQL> -- 浮点型，字符型，日期型3种数据类型组合
SQL> SELECT TREAL,TCHAR,TDATE FROM P1000 GROUP BY TREAL,TCHAR, TDATE ORDER BY TDATE LIMIT 10;
+---------+-----------------------------------------------------------------------------------------------------------------------------------------------------------------------------------------------------------------------------------------------------------------+----------+
| TREAL   | TCHAR                                                                                                                                                                                                                                                           | TDATE    |
+---------+-----------------------------------------------------------------------------------------------------------------------------------------------------------------------------------------------------------------------------------------------------------------+----------+
| 1871.62 | kGBXohXrjU1CbVRFAoJ1M1AebE2UbXkE7EOV0to8rI18juXlEV                                                                                                                                                                                                              | 1979-1-1 |
| 7857.27 | LFINRTWvRG0gb6aEI93ecLyNK3FdCwuG8zkHH2ESUt4Xe6TNmR                                                                                                                                                                                                              | 1979-1-1 |
| 5509.46 | GXDMkbc8erCdOpE9SoXfVRiwLIDOVVr44RydpjYm3kgCMgjjPy                                                                                                                                                                                                              | 1979-1-1 |
| 1787.75 | iONK7FPgJkcHmgDn2GAjcIBGRs5PucurwRX7BOxmudt0le2uTT                                                                                                                                                                                                              | 1979-1-1 |
| 2862.82 | hPzTs58eTZcgEilk95lRO5DINMowU5IxpvUKN3CskJCFCs181y                                                                                                                                                                                                              | 1979-1-1 |
| 1553.85 | 0RKWyLyO7f2265s2rnmujTmXF0vM44w8vitmbJVjWG9RE0JdAt                                                                                                                                                                                                              | 1979-1-1 |
| 8833.99 | wJDT8UtJAXgkLVKbOiD5DX2DtGh2qKR8KHHu4aYjd7Z3mbE0o5                                                                                                                                                                                                              | 1979-1-1 |
| 9615.46 | Zxzo38zehFmdjr7SvC1lghNpEPVX7j5YMbbRRjSFbLmJOqRyFX                                                                                                                                                                                                              | 1979-1-1 |
| 4805.02 | bGTIxrRi4bIYbrvACPxmPbuAZKoOkGU6LFfYWt7DSnqhgByRuw                                                                                                                                                                                                              | 1979-1-1 |
| 6068.46 | k5KsDbmvZuNxwFMjzbBk9qCuaorevBE1LRHjoJWLIGxIwBB9RK                                                                                                                                                                                                              | 1979-1-1 |
+---------+-----------------------------------------------------------------------------------------------------------------------------------------------------------------------------------------------------------------------------------------------------------------+----------+
10 rows selected.
Running time elapsed:      5.76 Seconds
SQL> -- 把查询出的数据insert到T_TYPE_ARRAY33表中
SQL> DROP TABLE T_TYPE_ARRAY33 IF EXISTS;
0 rows affected
Running time elapsed:      0.00 Seconds
SQL> CREATE TABLE T_TYPE_ARRAY33 AS (SELECT TREAL,TCHAR,TDATE FROM P1000 GROUP BY TREAL,TCHAR, TDATE) WITH DATA;
0 rows affected
Running time elapsed:     52.41 Seconds
SQL> -- 查看返回结果
SQL> SELECT * FROM T_TYPE_ARRAY33 ORDER BY TDATE LIMIT 10;
+---------+-----------------------------------------------------------------------------------------------------------------------------------------------------------------------------------------------------------------------------------------------------------------+----------+
| TREAL   | TCHAR                                                                                                                                                                                                                                                           | TDATE    |
+---------+-----------------------------------------------------------------------------------------------------------------------------------------------------------------------------------------------------------------------------------------------------------------+----------+
| 2136.13 | Yv2OLyJ5sOl3bgUZ8LeYBc1oGjqF03toRTFxRqhxMXB54YgMk0                                                                                                                                                                                                              | 1979-1-1 |
| 517.86  | eZx53K6zKwixnOlKu6vTM9HWthznMirzebzclnz9ongsdrgsAc                                                                                                                                                                                                              | 1979-1-1 |
| 3568.12 | 3yFv7CrdhZ8lT1mG80wBCIxwlSatVcAkN5sJFXmGDRh0tkbcaR                                                                                                                                                                                                              | 1979-1-1 |
| 2954.82 | 66R64xLTBJYLIDFtrw0A60S81LDFCBLJTkrBLoxOFJ0dftZZAf                                                                                                                                                                                                              | 1979-1-1 |
| 3797.37 | EIJA6PfUngvjwv56Ynn4K4KUKSaJ3JPMSR3DyODCmrWIg7AL4F                                                                                                                                                                                                              | 1979-1-1 |
| 1169.02 | rGpclBmrlUwbzeNsxyl8PbxA4bL1pP0xIgFIL70ebGNfTbWh4p                                                                                                                                                                                                              | 1979-1-1 |
| 3197.11 | fHRjRRfIxRc3kMD699RcWSmgDTjwiiD5wlYEZqzIlxRf6vP5Vg                                                                                                                                                                                                              | 1979-1-1 |
| 1772.02 | UF0PVCtodarIMgeYbqRfhu4Wzw5NbSZwsgidvMtzoZW8tKTMSJ                                                                                                                                                                                                              | 1979-1-1 |
| 8190.49 | baLgXDcT5470lFMKmGrlXKV82HvjicaTYsFUq1TEgYrrvoxmSx                                                                                                                                                                                                              | 1979-1-1 |
| 8440.14 | dS9wktwyRpkX0bA3o0PIyRZt5zh0cghLHuUrrKOyoTVMuHbxt3                                                                                                                                                                                                              | 1979-1-1 |
+---------+-----------------------------------------------------------------------------------------------------------------------------------------------------------------------------------------------------------------------------------------------------------------+----------+
10 rows selected.
Running time elapsed:      8.14 Seconds
SQL> 
SQL> -- 因为布尔型的数据在数据库表里只有一种数据：True，timestamp类型的数据在数据库表里没有重复数据，所以选取余下的11种类型的数据进行组合查询
SQL> SELECT TSMALLINT,TINTEGER,TBIGINT,TREAL,TDOUBLE,TFLOAT,TDECIMAL,TNUMERIC,TDATE,TCHAR,TVARCHAR FROM P1000 GROUP BY TSMALLINT, TINTEGER, TBIGINT, TREAL, TDOUBLE, TFLOAT, TDECIMAL, TNUMERIC, TDATE, TCHAR, TVARCHAR ORDER BY TSMALLINT LIMIT 10;
+-----------+----------+--------------+---------+---------+--------------------+----------+-----------+------------+-----------------------------------------------------------------------------------------------------------------------------------------------------------------------------------------------------------------------------------------------------------------+------------------------------------------------------------------------------------------------------+
| TSMALLINT | TINTEGER | TBIGINT      | TREAL   | TDOUBLE | TFLOAT             | TDECIMAL | TNUMERIC  | TDATE      | TCHAR                                                                                                                                                                                                                                                           | TVARCHAR                                                                                             |
+-----------+----------+--------------+---------+---------+--------------------+----------+-----------+------------+-----------------------------------------------------------------------------------------------------------------------------------------------------------------------------------------------------------------------------------------------------------------+------------------------------------------------------------------------------------------------------+
| 16        | 6404488  | 7861003152   | 1937.05 | 4882.08 | 7615.990234375     | 2913.86  | 9317.2667 | 2005-12-23 | BKaowjvDN4PkEeLiW5OuTltNpbRRVeMRoiYDV22Rs07Jx7kMUi                                                                                                                                                                                                              | N0H9dnMxXMXpV4iow7ZnrmUf2fEUR1FEJRiAEY4xVFa2PDT2f6wz2Dx0xIpksscVURgrEe2rnCrpuw5zuTTcL6bHpbuw8UVSbhWZ |
| 16        | 32225520 | 290464005598 | 9954.07 | 7033.33 | 6289.5             | 3824.85  | 4768.0482 | 2004-8-28  | UhAd7mSR3tEu6WEEO9WFgwXBGmxWnaBKOONJ2E03Bu3M725vh7                                                                                                                                                                                                              | KtAFLLnABKy83iH9ydxpeMRBvsArDpZJajRWe1fzWZAolMirCiNRNPD08ldAI0F3FcZS0BGknC896mf1Cw5ZLRt11mtuOKtTAul0 |
| 16        | 94335974 | 54592519618  | 882.5   | 9964.11 | 3514.719970703125  | 2690.4   | 583.1409  | 1992-5-10  | 9E74FgTDI4EZzlN2bxDyMYUhnGF5Z8JARbgEvESM452oNJoOJN                                                                                                                                                                                                              | IN4RTjr9LtI7xRSBcAlUnGDRUwYC2e3hlg97CcYS5BJ1mytSCqekg51W5R9P1JWApujBKBOJ4UXavjAoCIyJ0mMpPzSHsfivoCOJ |
| 16        | 44579714 | 557638769017 | 4553.11 | 7049.51 | 9634.990234375     | 778.57   | 8493.0887 | 2007-2-16  | fA5Xdjplq4cZujxp1JzxtyNhS4RYgB2G7FxyVH4BaUVFTA0Ulk                                                                                                                                                                                                              | cJ0Rxg17uoUO2If7ixlk0HV1bPdYdIqpgbmTVughZl1DKdia5hD6NDckEf9WFGI8ckvxsRgIagGiv6acVRhF6l4jiVZUPpOGalNN |
| 16        | 77794995 | 835832847053 | 9768.35 | 8076.7  | 5457.8701171875    | 6113.16  | 1122.1246 | 2027-5-21  | jmxRCBB7FcNiCRn2KLpSIeOyZBo848ZamiA7ASbR4AAj6HdKZE                                                                                                                                                                                                              | 2ViE7q1GNwYYXfsDUO1sHPpNLZvEl2H4BPi0N7l6xayVtDbfCtdCn4goHwaByHdJrx7GRnhR1kFFcctaJVXFwgNrLXAp45q4v5FU |
| 16        | 70878009 | 227810030157 | 8848.15 | 3833.05 | 537.9500122070312  | 5648.12  | 2337.5989 | 2032-9-30  | 2pTd8z9hJMzxBJo87mbfsJOhB9usiIRiiUB9vZGwkj7aA5kHGS                                                                                                                                                                                                              | SuKBBDsERndkUE6XP6RXrM9rpuhy4qRLBM39YCbH0VDiKFk5VVAspfmFJ7CcRCL4R3iLrAshdpwsSb0VfgUV5PvnwRN7J9eIdnCx |
| 16        | 60245002 | 951068847670 | 4910.96 | 2923.87 | 1142.6099853515625 | 4832.61  | 3660.6312 | 2035-6-28  | AZD1JeAVCLEvdXOGMLW7zI3HhRE6EAjFltHaYXNTOGlR3ZNBFe                                                                                                                                                                                                              | yGwYNnK9bBOoABqCPUlSIsMRGY5XMxREIFVitEakHCfbmtNUR3PxAAaSgFyyDaOtAUBWze0irH3WEeP0NuMBgcVjwHNiEFiceEOn |
| 16        | 30520337 | 288873430572 | 3546.02 | 6630.7  | 5468.1201171875    | 4252.19  | 3061.7467 | 1998-4-16  | 44B7C4EPOV8EzMLv09kW735OhdINrUVdGCOjMSkJWITeqp3FgO                                                                                                                                                                                                              | 3ArhsyODKpvRcpgGHkCSH6TUL10oFFpX0WN0j453YtVMbRxuW42AxC7IpFJruDtZdjnmgb9I90sLUV7IxIuPLTnpVGaymC4RT3AZ |
| 16        | 67865017 | 779657517511 | 1841.5  | 2356.16 | 569.2899780273438  | 1453.67  | 6460.6758 | 2044-7-11  | CtYcqKVlRNF0TaABV6u3VYIFj1HB8XNRJSo8cFrzRvF2SGRgyY                                                                                                                                                                                                              | BauoK4ebmW2Dz7iFn3pntDPLvoZVG1j5ZJbm9DFK8ZFcbdBjdhqhByRwH74cofnGjVqemfRsJaDN2SCb953aLTrrvX5RBRjTvGaa |
| 16        | 77230078 | 52637418899  | 6068.49 | 8833.93 | 330.4200134277344  | 409.93   | 9585.8901 | 2009-3-9   | c9RxMffVd9fVh2zDDwBYnuJuX0FuOT9pd2ew1IrKEfBPn0lZHj                                                                                                                                                                                                              | ziHAyDiRFDtZyHcBEGfDrEALWLWbG5tD8dPhU7VFHlMuUXZlhyvZukxaBGW8hkOjkcJal6SkUCLKXRY7yrqouDGKcXh5XtTKasR9 |
+-----------+----------+--------------+---------+---------+--------------------+----------+-----------+------------+-----------------------------------------------------------------------------------------------------------------------------------------------------------------------------------------------------------------------------------------------------------------+------------------------------------------------------------------------------------------------------+
10 rows selected.
Running time elapsed:      8.20 Seconds
SQL> -- 把查询出的数据insert到T_TYPE_ALL表中
SQL> DROP TABLE T_TYPE_ALL IF EXISTS;
0 rows affected
Running time elapsed:      0.00 Seconds
SQL> CREATE TABLE T_TYPE_ALL AS (SELECT TSMALLINT,TINTEGER,TBIGINT,TREAL,TDOUBLE,TFLOAT,TDECIMAL,TNUMERIC,TDATE,TCHAR,TVARCHAR FROM P1000 GROUP BY TSMALLINT, TINTEGER, TBIGINT, TREAL, TDOUBLE, TFLOAT, TDECIMAL, TNUMERIC, TDATE, TCHAR, TVARCHAR) WITH DATA;
0 rows affected
Running time elapsed:     80.87 Seconds
SQL> -- 查看返回结果
SQL> SELECT * FROM T_TYPE_ALL ORDER BY TSMALLINT LIMIT 10;
+-----------+----------+--------------+---------+---------+--------------------+----------+-----------+------------+-----------------------------------------------------------------------------------------------------------------------------------------------------------------------------------------------------------------------------------------------------------------+------------------------------------------------------------------------------------------------------+
| TSMALLINT | TINTEGER | TBIGINT      | TREAL   | TDOUBLE | TFLOAT             | TDECIMAL | TNUMERIC  | TDATE      | TCHAR                                                                                                                                                                                                                                                           | TVARCHAR                                                                                             |
+-----------+----------+--------------+---------+---------+--------------------+----------+-----------+------------+-----------------------------------------------------------------------------------------------------------------------------------------------------------------------------------------------------------------------------------------------------------------+------------------------------------------------------------------------------------------------------+
| 16        | 85548467 | 65510318508  | 1137.75 | 7225.99 | 1800.5999755859375 | 6450.53  | 3827.5327 | 1997-6-22  | FnxYwyUG7zEFMm8gFbEnhIRlMC2KmNgHu9Ng4FqcvHnP2R4pGH                                                                                                                                                                                                              | sdq84vykaHR8olwaghALlZCKOWjAjPoNRN0MokbdoWuZdHePHSTZ9oMCuxYJasLa6o3ZA2sqjXviWeswCsS6jLBkC2x3iyNnMAWH |
| 16        | 87531911 | 643145721552 | 5128.51 | 4735.37 | 2575.85009765625   | 3701.49  | 9764.5997 | 2015-10-29 | 1uC487o2RpR7XwEGw3WUjxyjjL5m9XrGxmBpIJbgWvw15z1R05                                                                                                                                                                                                              | PlUoqYRmOY455BTKRY7fWvAyoa7rNTe1v6RKx1ABtknApp9UbayD5tMvBHqvJ9gxhan9qhKOl2UhVergMMULwMGB1RxJ2VrgYuBj |
| 16        | 77784205 | 98753227112  | 4449.19 | 6196.07 | 1871.699951171875  | 8360.07  | 517.213   | 1999-5-22  | xONEVoAnFB0EVSmfo0n3tcRGuOKyRxvIaRPjkxdTyVKA42P3L5                                                                                                                                                                                                              | c4RmvA9nHJPHeGYHZ5duj6uSr98efy90KVfATzKcHXO1BRBiHSoWymPilwLbuOLlicjKxMvezIoFaAR4s1B6AsIbCAuhjLl7M8DR |
| 16        | 51817500 | 942245975420 | 2825.61 | 6697.96 | 4236.3701171875    | 7520.93  | 7654.1752 | 2037-8-7   | URL0j8Ocymkp9UKdRHMt30oRjb4x5lyVVr4yf4EVg0vzdAgD5d                                                                                                                                                                                                              | VS01XYaRHc4Z3BIUdFd0ybVoPOCvqh9E8XMkXrEg8GD1LdPsrRtjvDU8tlbUOXzYN1Cxe5lHLJkgrcnDChDcDPWGt7cOSpjDjrWK |
| 16        | 32668069 | 132681655390 | 695.51  | 6993.86 | 6012.6201171875    | 3379.02  | 4700.672  | 2007-6-13  | bUIovSA8tXkgqZpJkJTxNne8xxKMIvrOhPmibB93oXRvi2pEHt                                                                                                                                                                                                              | fEU1lJMAqVsI419RPiF3uzJOEl1nbDvC0hnoWcg4TUw5DVA0gaHETvm8kwDKqC8sYsqo0C3Dk5NnRtGuiuLmD5WnK4k6oaRBMuSb |
| 16        | 27386760 | 259183159681 | 8702.86 | 6050.12 | 383.6700134277344  | 4984.49  | 7569.0543 | 2023-8-27  | Kgk41KhwMHeBJL936SSRp0jnxjzOG9HG66gBO2SL0eeql0wada                                                                                                                                                                                                              | tDRPJRRTVBTVlVPwxUeFxt04WwpE5jmF5npLKSgJSPgR2dthjAYHDtuJmyYFSOeXzTHd8EGHpCCPmzThPanTyCd0nvnlTrpDsgFu |
| 16        | 57919334 | 578851025323 | 2862.2  | 7022.12 | 2592.0400390625    | 7336.05  | 5582.057  | 2011-10-3  | XIX2RttFCIns0Rp5iScb7BX3RRRwAqyA5Ss4HqbmRgq7kWxaYB                                                                                                                                                                                                              | lfZ4we6CKPn784ZrmLHBNEudKGCB11iJhsEhl1TmYwWiwjK5IHYAhA83pMTifEzwrND0skMSgsGiWgx70FO5PtKFXbqKRwHkCiDZ |
| 16        | 52720811 | 236536419940 | 8765.51 | 5997.84 | 3948.4599609375    | 4867.25  | 296.8253  | 2015-4-15  | B8OhyeKiWHIjOzZpuGR7O7PLWIyLjsE24muVBrYvcISziZur7k                                                                                                                                                                                                              | PgC32D02HtN9lBmzMyRmD2cC3IoyxWROFUhPFJrOj7w2ddHz1UxyRtZidkxCoZEwvjEaBiTRVzeh9DbNGtltCqERVEGNCf9ci6JC |
| 16        | 33060871 | 339145199295 | 4779.25 | 2499.6  | 5948.85986328125   | 3413.04  | 1560.3711 | 2015-3-17  | j14ApcBgEKAXGSUu2Ri5soO9ewPdvyubHJI7YTEIprxeU63nT9                                                                                                                                                                                                              | yhao8WVvNEMM9p1bzrZtAMnPZIvo2MwzeJalaSbO5DCORE9Ys7LOaVn8kh7hAvRcvCMAHC3XlNNGke4UKbcZ1P284TCAhgC85Vxb |
| 16        | 11707602 | 15875288161  | 5664.05 | 2595.41 | 6862.990234375     | 5285.43  | 7615.1879 | 2036-2-3   | YCxFcvDJOCANDDMf7SDyUSLjuNpRVG90RyzjnLibhy32dKJ9Gh                                                                                                                                                                                                              | VvaC9NMS0AOUXA3xNmcrDhgCm7ROmj4hXXRnSSKm6V4aOr6F4uIBNZMPDBioljsCASpPeMZaEGfMR5uh5BzK5nrWKIZTPE4gwbg7 |
+-----------+----------+--------------+---------+---------+--------------------+----------+-----------+------------+-----------------------------------------------------------------------------------------------------------------------------------------------------------------------------------------------------------------------------------------------------------------+------------------------------------------------------------------------------------------------------+
10 rows selected.
Running time elapsed:      9.73 Seconds
SQL> 
SQL> 
SQL> -- drop创建的表
SQL> DROP TABLE T_TYPE_SMALLINT IF EXISTS;
0 rows affected
Running time elapsed:      0.20 Seconds
SQL> DROP TABLE T_TYPE_INTEGER IF EXISTS;
0 rows affected
Running time elapsed:      0.08 Seconds
SQL> DROP TABLE T_TYPE_BIGINT IF EXISTS;
0 rows affected
Running time elapsed:      0.08 Seconds
SQL> DROP TABLE T_TYPE_REAL IF EXISTS;
0 rows affected
Running time elapsed:      0.08 Seconds
SQL> DROP TABLE T_TYPE_DOUBLE IF EXISTS;
0 rows affected
Running time elapsed:      0.15 Seconds
SQL> DROP TABLE T_TYPE_FLOAT IF EXISTS;
0 rows affected
Running time elapsed:      0.19 Seconds
SQL> DROP TABLE T_TYPE_DECIMAL IF EXISTS;
0 rows affected
Running time elapsed:      0.17 Seconds
SQL> DROP TABLE T_TYPE_NUMERIC IF EXISTS;
0 rows affected
Running time elapsed:      0.17 Seconds
SQL> DROP TABLE T_TYPE_DATE IF EXISTS;
0 rows affected
Running time elapsed:      0.20 Seconds
SQL> DROP TABLE T_TYPE_TIMESTAMP IF EXISTS;
0 rows affected
Running time elapsed:      0.12 Seconds
SQL> DROP TABLE T_TYPE_BOOL IF EXISTS;
0 rows affected
Running time elapsed:      0.07 Seconds
SQL> DROP TABLE T_TYPE_CHAR IF EXISTS;
0 rows affected
Running time elapsed:      0.08 Seconds
SQL> DROP TABLE T_TYPE_VARCHAR IF EXISTS;
0 rows affected
Running time elapsed:      0.09 Seconds
SQL> DROP TABLE T_TYPE_INTS IF EXISTS;
0 rows affected
Running time elapsed:      0.08 Seconds
SQL> DROP TABLE T_TYPE_FLOATS IF EXISTS;
0 rows affected
Running time elapsed:      0.08 Seconds
SQL> DROP TABLE T_TYPE_CHARS IF EXISTS;
0 rows affected
Running time elapsed:      0.09 Seconds
SQL> DROP TABLE T_TYPE_DATES IF EXISTS;
0 rows affected
Running time elapsed:      0.12 Seconds
SQL> DROP TABLE T_TYPE_ARRAY4 IF EXISTS;
0 rows affected
Running time elapsed:      0.08 Seconds
SQL> DROP TABLE T_TYPE_ARRAY21 IF EXISTS;
0 rows affected
Running time elapsed:      0.08 Seconds
SQL> DROP TABLE T_TYPE_ARRAY22 IF EXISTS;
0 rows affected
Running time elapsed:      0.08 Seconds
SQL> DROP TABLE T_TYPE_ARRAY23 IF EXISTS;
0 rows affected
Running time elapsed:      0.08 Seconds
SQL> DROP TABLE T_TYPE_ARRAY31 IF EXISTS;
0 rows affected
Running time elapsed:      0.09 Seconds
SQL> DROP TABLE T_TYPE_ARRAY32 IF EXISTS;
0 rows affected
Running time elapsed:      0.08 Seconds
SQL> DROP TABLE T_TYPE_ARRAY33 IF EXISTS;
0 rows affected
Running time elapsed:      0.08 Seconds
SQL> DROP TABLE T_TYPE_ALL IF EXISTS;
0 rows affected
Running time elapsed:      0.08 Seconds
Running time elapsed:   1302.18 Seconds
SQL> exit
Disconnected.
