SQLCli Release 0.0.75
SQL> connect admin/123456
Database connected.
SQL> start GroupBy.sql
SQL> -- Description：
   > --             LDB专项测试
   > --             1.group by 全部类型
   > --             2.insert 到其他表
   > --             3.直接返回结果
   > -- Date：2020-05-09
   > -- Author：李爱敏
SQL> SET ECHO ON
SQL> SET TIMING ON
Running time elapsed:      0.00 Seconds
SQL> 
SQL> -- GROUP BY语法
   > -- 穷举所有数据类型进行group by查询
SQL> SELECT TSMALLINT FROM P1000 GROUP BY TSMALLINT ORDER BY TSMALLINT LIMIT 10;
+-----------+
| TSMALLINT |
+-----------+
| <null>    |
| 10        |
| 31        |
| 52        |
| 75        |
| 79        |
| 102       |
| 142       |
| 144       |
| 152       |
+-----------+
10 rows selected.
Running time elapsed:      2.50 Seconds
SQL> -- 把查询出的数据insert到T_TYPE_SMALLINT表中
SQL> DROP TABLE T_TYPE_SMALLINT IF EXISTS;
0 rows affected
Running time elapsed:      0.00 Seconds
SQL> CREATE TABLE T_TYPE_SMALLINT AS (SELECT TSMALLINT FROM P1000 GROUP BY TSMALLINT) WITH DATA;
0 rows affected
Running time elapsed:      7.85 Seconds
SQL> -- 查看返回结果
SQL> SELECT * FROM T_TYPE_SMALLINT ORDER BY TSMALLINT LIMIT 10;
+-----------+
| TSMALLINT |
+-----------+
| <null>    |
| 10        |
| 31        |
| 52        |
| 75        |
| 79        |
| 102       |
| 142       |
| 144       |
| 152       |
+-----------+
10 rows selected.
Running time elapsed:      0.67 Seconds
SQL> SELECT TINTEGER FROM P1000 GROUP BY TINTEGER ORDER BY TINTEGER LIMIT 10;
+----------+
| TINTEGER |
+----------+
| <null>   |
| 3785     |
| 5434     |
| 11740    |
| 13719    |
| 13859    |
| 24240    |
| 24867    |
| 41694    |
| 48107    |
+----------+
10 rows selected.
Running time elapsed:      1.61 Seconds
SQL> -- 把查询出的数据insert到T_TYPE_INTEGER表中
SQL> DROP TABLE T_TYPE_INTEGER IF EXISTS;
0 rows affected
Running time elapsed:      0.00 Seconds
SQL> CREATE TABLE T_TYPE_INTEGER AS (SELECT TINTEGER FROM P1000 GROUP BY TINTEGER) WITH DATA;
0 rows affected
Running time elapsed:      8.85 Seconds
SQL> -- 查看返回结果
SQL> SELECT * FROM T_TYPE_INTEGER ORDER BY TINTEGER LIMIT 10;
+----------+
| TINTEGER |
+----------+
| <null>   |
| 3785     |
| 5434     |
| 11740    |
| 13719    |
| 13859    |
| 24240    |
| 24867    |
| 41694    |
| 48107    |
+----------+
10 rows selected.
Running time elapsed:      0.77 Seconds
SQL> SELECT TBIGINT FROM P1000 GROUP BY TBIGINT ORDER BY TBIGINT LIMIT 10;
+-----------+
| TBIGINT   |
+-----------+
| <null>    |
| 37852035  |
| 54349805  |
| 117402214 |
| 137199599 |
| 138591184 |
| 242406133 |
| 248672901 |
| 416949166 |
| 481073450 |
+-----------+
10 rows selected.
Running time elapsed:      2.30 Seconds
SQL> -- 把查询出的数据insert到T_TYPE_BIGINT表中
SQL> DROP TABLE T_TYPE_BIGINT IF EXISTS;
0 rows affected
Running time elapsed:      0.00 Seconds
SQL> CREATE TABLE T_TYPE_BIGINT AS (SELECT TBIGINT FROM P1000 GROUP BY TBIGINT)  WITH DATA;
0 rows affected
Running time elapsed:      8.62 Seconds
SQL> -- 查看返回结果
SQL> SELECT * FROM T_TYPE_BIGINT ORDER BY TBIGINT LIMIT 10;
+-----------+
| TBIGINT   |
+-----------+
| <null>    |
| 37852035  |
| 54349805  |
| 117402214 |
| 137199599 |
| 138591184 |
| 242406133 |
| 248672901 |
| 416949166 |
| 481073450 |
+-----------+
10 rows selected.
Running time elapsed:      0.82 Seconds
SQL> SELECT TREAL FROM P1000 GROUP BY TREAL ORDER BY TREAL LIMIT 10;
+--------+
| TREAL  |
+--------+
| <null> |
| 0.02   |
| 0.03   |
| 0.04   |
| 0.07   |
| 0.09   |
| 0.1    |
| 0.11   |
| 0.14   |
| 0.15   |
+--------+
10 rows selected.
Running time elapsed:      2.23 Seconds
SQL> -- 把查询出的数据insert到T_TYPE_REAL表中
SQL> DROP TABLE T_TYPE_REAL IF EXISTS;
0 rows affected
Running time elapsed:      0.00 Seconds
SQL> CREATE TABLE T_TYPE_REAL AS (SELECT TREAL FROM P1000 GROUP BY TREAL) WITH DATA;
0 rows affected
Running time elapsed:      8.57 Seconds
SQL> -- 查看返回结果
SQL> SELECT * FROM T_TYPE_REAL ORDER BY TREAL LIMIT 10;
+--------+
| TREAL  |
+--------+
| <null> |
| 0.02   |
| 0.03   |
| 0.04   |
| 0.07   |
| 0.09   |
| 0.1    |
| 0.11   |
| 0.14   |
| 0.15   |
+--------+
10 rows selected.
Running time elapsed:      0.70 Seconds
SQL> SELECT TDOUBLE FROM P1000 GROUP BY TDOUBLE ORDER BY TDOUBLE LIMIT 10;
+---------+
| TDOUBLE |
+---------+
| <null>  |
| 0.02    |
| 0.03    |
| 0.04    |
| 0.07    |
| 0.09    |
| 0.1     |
| 0.11    |
| 0.14    |
| 0.15    |
+---------+
10 rows selected.
Running time elapsed:      1.89 Seconds
SQL> -- 把查询出的数据insert到T_TYPE_DOUBLE表中
SQL> DROP TABLE T_TYPE_DOUBLE IF EXISTS;
0 rows affected
Running time elapsed:      0.00 Seconds
SQL> CREATE TABLE T_TYPE_DOUBLE AS (SELECT TDOUBLE FROM P1000 GROUP BY TDOUBLE) WITH DATA;
0 rows affected
Running time elapsed:      8.19 Seconds
SQL> -- 查看返回结果
SQL> SELECT * FROM T_TYPE_DOUBLE ORDER BY TDOUBLE LIMIT 10;
+---------+
| TDOUBLE |
+---------+
| <null>  |
| 0.02    |
| 0.03    |
| 0.04    |
| 0.07    |
| 0.09    |
| 0.1     |
| 0.11    |
| 0.14    |
| 0.15    |
+---------+
10 rows selected.
Running time elapsed:      0.69 Seconds
SQL> SELECT TFLOAT FROM P1000 GROUP BY TFLOAT ORDER BY TFLOAT LIMIT 10;
+--------+
| TFLOAT |
+--------+
| <null> |
| 0.02   |
| 0.03   |
| 0.04   |
| 0.07   |
| 0.09   |
| 0.1    |
| 0.11   |
| 0.14   |
| 0.15   |
+--------+
10 rows selected.
Running time elapsed:      2.10 Seconds
SQL> -- 把查询出的数据insert到T_TYPE_FLOAT表中
SQL> DROP TABLE T_TYPE_FLOAT IF EXISTS;
0 rows affected
Running time elapsed:      0.00 Seconds
SQL> CREATE TABLE T_TYPE_FLOAT AS (SELECT TFLOAT FROM P1000 GROUP BY TFLOAT) WITH DATA;
0 rows affected
Running time elapsed:      8.88 Seconds
SQL> -- 查看返回结果
SQL> SELECT * FROM T_TYPE_FLOAT ORDER BY TFLOAT LIMIT 10;
+--------+
| TFLOAT |
+--------+
| <null> |
| 0.02   |
| 0.03   |
| 0.04   |
| 0.07   |
| 0.09   |
| 0.1    |
| 0.11   |
| 0.14   |
| 0.15   |
+--------+
10 rows selected.
Running time elapsed:      0.88 Seconds
SQL> SELECT TDECIMAL FROM P1000 GROUP BY TDECIMAL ORDER BY TDECIMAL LIMIT 10;
+----------+
| TDECIMAL |
+----------+
| <null>   |
| 0.02     |
| 0.03     |
| 0.04     |
| 0.07     |
| 0.09     |
| 0.1      |
| 0.11     |
| 0.14     |
| 0.15     |
+----------+
10 rows selected.
Running time elapsed:      1.90 Seconds
SQL> -- 把查询出的数据insert到T_TYPE_DECIMAL表中
SQL> DROP TABLE T_TYPE_DECIMAL IF EXISTS;
0 rows affected
Running time elapsed:      0.00 Seconds
SQL> CREATE TABLE T_TYPE_DECIMAL AS (SELECT TDECIMAL FROM P1000 GROUP BY TDECIMAL) WITH DATA;
0 rows affected
Running time elapsed:      8.04 Seconds
SQL> -- 查看返回结果
SQL> SELECT * FROM T_TYPE_DECIMAL ORDER BY TDECIMAL LIMIT 10;
+----------+
| TDECIMAL |
+----------+
| <null>   |
| 0.02     |
| 0.03     |
| 0.04     |
| 0.07     |
| 0.09     |
| 0.1      |
| 0.11     |
| 0.14     |
| 0.15     |
+----------+
10 rows selected.
Running time elapsed:      0.68 Seconds
SQL> SELECT TNUMERIC FROM P1000 GROUP BY TNUMERIC ORDER BY TNUMERIC LIMIT 10;
+----------+
| TNUMERIC |
+----------+
| <null>   |
| 0.001    |
| 0.0031   |
| 0.0052   |
| 0.0075   |
| 0.0079   |
| 0.0102   |
| 0.0142   |
| 0.0144   |
| 0.0152   |
+----------+
10 rows selected.
Running time elapsed:      2.47 Seconds
SQL> -- 把查询出的数据insert到T_TYPE_NUMERIC表中
SQL> DROP TABLE T_TYPE_NUMERIC IF EXISTS;
0 rows affected
Running time elapsed:      0.00 Seconds
SQL> CREATE TABLE T_TYPE_NUMERIC AS (SELECT TNUMERIC FROM P1000 GROUP BY TNUMERIC) WITH DATA;
0 rows affected
Running time elapsed:      8.28 Seconds
SQL> -- 查看返回结果
SQL> SELECT * FROM T_TYPE_NUMERIC ORDER BY TNUMERIC LIMIT 10;
+----------+
| TNUMERIC |
+----------+
| <null>   |
| 0.001    |
| 0.0031   |
| 0.0052   |
| 0.0075   |
| 0.0079   |
| 0.0102   |
| 0.0142   |
| 0.0144   |
| 0.0152   |
+----------+
10 rows selected.
Running time elapsed:      0.71 Seconds
SQL> SELECT TDATE FROM P1000 GROUP BY TDATE ORDER BY TDATE LIMIT 10;
+-----------+
| TDATE     |
+-----------+
| 1979-1-1  |
| 1979-1-2  |
| 1979-1-3  |
| 1979-1-4  |
| 1979-1-5  |
| 1979-1-6  |
| 1979-1-7  |
| 1979-1-8  |
| 1979-1-9  |
| 1979-1-10 |
+-----------+
10 rows selected.
Running time elapsed:      2.37 Seconds
SQL> -- 把查询出的数据insert到T_TYPE_DATE表中
SQL> DROP TABLE T_TYPE_DATE IF EXISTS;
0 rows affected
Running time elapsed:      0.00 Seconds
SQL> CREATE TABLE T_TYPE_DATE AS (SELECT TDATE FROM P1000 GROUP BY TDATE) WITH DATA;
0 rows affected
Running time elapsed:      8.59 Seconds
SQL> SELECT * FROM T_TYPE_DATE ORDER BY TDATE LIMIT 10;
+-----------+
| TDATE     |
+-----------+
| 1979-1-1  |
| 1979-1-2  |
| 1979-1-3  |
| 1979-1-4  |
| 1979-1-5  |
| 1979-1-6  |
| 1979-1-7  |
| 1979-1-8  |
| 1979-1-9  |
| 1979-1-10 |
+-----------+
10 rows selected.
Running time elapsed:      0.71 Seconds
SQL> SELECT TTIMESTAMP FROM P1000 GROUP BY TTIMESTAMP ORDER BY TTIMESTAMP LIMIT 10;
+---------------------+
| TTIMESTAMP          |
+---------------------+
| 1979-01-01 00:00:37 |
| 1979-01-01 00:06:29 |
| 1979-01-01 00:07:22 |
| 1979-01-01 00:19:45 |
| 1979-01-01 00:23:18 |
| 1979-01-01 00:25:00 |
| 1979-01-01 00:28:41 |
| 1979-01-01 00:32:14 |
| 1979-01-01 00:34:26 |
| 1979-01-01 00:35:44 |
+---------------------+
10 rows selected.
Running time elapsed:      2.67 Seconds
SQL> -- 把查询出的数据insert到T_TYPE_TIMESTAMP表中
SQL> DROP TABLE T_TYPE_TIMESTAMP IF EXISTS;
0 rows affected
Running time elapsed:      0.00 Seconds
SQL> CREATE TABLE T_TYPE_TIMESTAMP AS (SELECT TTIMESTAMP FROM P1000 GROUP BY TTIMESTAMP) WITH DATA;
0 rows affected
Running time elapsed:      8.78 Seconds
SQL> -- 查看返回结果
SQL> SELECT * FROM T_TYPE_TIMESTAMP ORDER BY TTIMESTAMP LIMIT 10;
+---------------------+
| TTIMESTAMP          |
+---------------------+
| 1979-01-01 00:00:37 |
| 1979-01-01 00:06:29 |
| 1979-01-01 00:07:22 |
| 1979-01-01 00:19:45 |
| 1979-01-01 00:23:18 |
| 1979-01-01 00:25:00 |
| 1979-01-01 00:28:41 |
| 1979-01-01 00:32:14 |
| 1979-01-01 00:34:26 |
| 1979-01-01 00:35:44 |
+---------------------+
10 rows selected.
Running time elapsed:      0.89 Seconds
SQL> SELECT TBOOL FROM P1000 GROUP BY TBOOL ORDER BY TBOOL LIMIT 10;
+-------+
| TBOOL |
+-------+
| False |
| True  |
+-------+
2 rows selected.
Running time elapsed:      1.34 Seconds
SQL> -- 把查询出的数据insert到T_TYPE_BOOL表中
SQL> DROP TABLE T_TYPE_BOOL IF EXISTS;
0 rows affected
Running time elapsed:      0.00 Seconds
SQL> CREATE TABLE T_TYPE_BOOL AS (SELECT TBOOL FROM P1000 GROUP BY TBOOL) WITH DATA;
0 rows affected
Running time elapsed:      3.05 Seconds
SQL> -- 查看返回结果
SQL> SELECT * FROM T_TYPE_BOOL ORDER BY TBOOL LIMIT 10;
+-------+
| TBOOL |
+-------+
| False |
| True  |
+-------+
2 rows selected.
Running time elapsed:      0.26 Seconds
SQL> SELECT TCHAR FROM P1000 GROUP BY TCHAR ORDER BY TCHAR LIMIT 10;
+-----------------------------------------------------------------------------------------------------------------------------------------------------------------------------------------------------------------------------------------------------------------+
| TCHAR                                                                                                                                                                                                                                                           |
+-----------------------------------------------------------------------------------------------------------------------------------------------------------------------------------------------------------------------------------------------------------------+
| <null>                                                                                                                                                                                                                                                          |
| 007KLeUowSFfvyfeOUzFBwBfFBOvFgDXhBHXDZIZ1KrtDJvfMz                                                                                                                                                                                                              |
| 007XGDcBPZ6sAiMPMUkdCwFgecEtKp6j1wzERFRL9cz1JAqmtB                                                                                                                                                                                                              |
| 00FoF9l1DD0Si8grPIcKVP9jRriHxKDZCUNG6bNIXCMEqJeUm9                                                                                                                                                                                                              |
| 00UX7KTBhdtR819mxqUVNDBY6yuv3j1RVE4rmipPjYIVWEUEFH                                                                                                                                                                                                              |
| 01HUAGtKB5ktW8qU3hBYIetMOrleoSlKlJxZyXhOGkvDb98OhR                                                                                                                                                                                                              |
| 01MFR9CcBysGFiM5oRNrK4efdnok1CCs58Y70gTEuedBWeYdt9                                                                                                                                                                                                              |
| 01nIdvHm6Nf7vIhztJRO8frG9vogZfNM6uWLPg1uThEWYL0W9f                                                                                                                                                                                                              |
| 01sYZqKGCGA9P1bAhF9WD1SRWByDB7WXtB3j4ojJS7xP3hERwW                                                                                                                                                                                                              |
| 0299JJo01z2X3dXtfFWYntxR9Y2HOuAJBjlkbtTqF3N2y1ufY1                                                                                                                                                                                                              |
+-----------------------------------------------------------------------------------------------------------------------------------------------------------------------------------------------------------------------------------------------------------------+
10 rows selected.
Running time elapsed:      2.33 Seconds
SQL> -- 把查询出的数据insert到T_TYPE_CHAR表中
SQL> DROP TABLE T_TYPE_CHAR IF EXISTS;
0 rows affected
Running time elapsed:      0.00 Seconds
SQL> CREATE TABLE T_TYPE_CHAR AS (SELECT TCHAR FROM P1000 GROUP BY TCHAR) WITH DATA;
0 rows affected
Running time elapsed:      9.10 Seconds
SQL> -- 查看返回结果
SQL> SELECT * FROM T_TYPE_CHAR ORDER BY TCHAR LIMIT 10;
+-----------------------------------------------------------------------------------------------------------------------------------------------------------------------------------------------------------------------------------------------------------------+
| TCHAR                                                                                                                                                                                                                                                           |
+-----------------------------------------------------------------------------------------------------------------------------------------------------------------------------------------------------------------------------------------------------------------+
| <null>                                                                                                                                                                                                                                                          |
| 007KLeUowSFfvyfeOUzFBwBfFBOvFgDXhBHXDZIZ1KrtDJvfMz                                                                                                                                                                                                              |
| 007XGDcBPZ6sAiMPMUkdCwFgecEtKp6j1wzERFRL9cz1JAqmtB                                                                                                                                                                                                              |
| 00FoF9l1DD0Si8grPIcKVP9jRriHxKDZCUNG6bNIXCMEqJeUm9                                                                                                                                                                                                              |
| 00UX7KTBhdtR819mxqUVNDBY6yuv3j1RVE4rmipPjYIVWEUEFH                                                                                                                                                                                                              |
| 01HUAGtKB5ktW8qU3hBYIetMOrleoSlKlJxZyXhOGkvDb98OhR                                                                                                                                                                                                              |
| 01MFR9CcBysGFiM5oRNrK4efdnok1CCs58Y70gTEuedBWeYdt9                                                                                                                                                                                                              |
| 01nIdvHm6Nf7vIhztJRO8frG9vogZfNM6uWLPg1uThEWYL0W9f                                                                                                                                                                                                              |
| 01sYZqKGCGA9P1bAhF9WD1SRWByDB7WXtB3j4ojJS7xP3hERwW                                                                                                                                                                                                              |
| 0299JJo01z2X3dXtfFWYntxR9Y2HOuAJBjlkbtTqF3N2y1ufY1                                                                                                                                                                                                              |
+-----------------------------------------------------------------------------------------------------------------------------------------------------------------------------------------------------------------------------------------------------------------+
10 rows selected.
Running time elapsed:      0.69 Seconds
SQL> SELECT TVARCHAR FROM P1000 GROUP BY TVARCHAR ORDER BY TVARCHAR LIMIT 10;
+------------------------------------------------------------------------------------------------------+
| TVARCHAR                                                                                             |
+------------------------------------------------------------------------------------------------------+
| <null>                                                                                               |
| 007KLeUowSFfvyfeOUzFBwBfFBOvFgDXhBHXDZIZ1KrtDJvfMzi3czCcmzARIyJG9TqpLSMub3fHI3Bf2652gXtH7isctxPCgoAm |
| 007XGDcBPZ6sAiMPMUkdCwFgecEtKp6j1wzERFRL9cz1JAqmtBpmBvewRBTNyDqE2V4uaAf2yo2GYej0fqRHN445lBCxLRhE9ngY |
| 00FoF9l1DD0Si8grPIcKVP9jRriHxKDZCUNG6bNIXCMEqJeUm9edwEtjwH24C2azLaDXra82RqPh77R3hYBltiXSdSLJR5JFcADP |
| 00UX7KTBhdtR819mxqUVNDBY6yuv3j1RVE4rmipPjYIVWEUEFHTwVawJDLGYgAJy2VJZloFm31rGApOmONE9EPJLZ39YW7xTRuc4 |
| 01HUAGtKB5ktW8qU3hBYIetMOrleoSlKlJxZyXhOGkvDb98OhRE1oZSR0lAvVZ00YR6KfxnEY8RL6n6lU0rgdM57CaLVhChCHH6s |
| 01MFR9CcBysGFiM5oRNrK4efdnok1CCs58Y70gTEuedBWeYdt9W3JY2JqOnaykFe2ImcJCD8JiSoaUj9JjRbrdNAgUEwpe99hdWi |
| 01nIdvHm6Nf7vIhztJRO8frG9vogZfNM6uWLPg1uThEWYL0W9fHCNRrun7rLPGhal4gRaXROmaPFgBRWmFS1R9kVBn6acJ4XmvWa |
| 01sYZqKGCGA9P1bAhF9WD1SRWByDB7WXtB3j4ojJS7xP3hERwWELTRYzqPZGxPNkLqsCDusMUDFbV0kMEU9D8TW0JrN0Sj12t5cN |
| 0299JJo01z2X3dXtfFWYntxR9Y2HOuAJBjlkbtTqF3N2y1ufY1JUJgFXZxBIMCF4oRsKERJlZNc9RCNiqGBW2GVWTd3yKzVBcOg1 |
+------------------------------------------------------------------------------------------------------+
10 rows selected.
Running time elapsed:      1.72 Seconds
SQL> -- 把查询出的数据insert到T_TYPE_VARCHAR表中
SQL> DROP TABLE T_TYPE_VARCHAR IF EXISTS;
0 rows affected
Running time elapsed:      0.00 Seconds
SQL> CREATE TABLE T_TYPE_VARCHAR AS (SELECT TVARCHAR FROM P1000 GROUP BY TVARCHAR) WITH DATA;
0 rows affected
Running time elapsed:      8.74 Seconds
SQL> -- 查看返回结果
SQL> SELECT * FROM T_TYPE_VARCHAR ORDER BY TVARCHAR LIMIT 10;
+------------------------------------------------------------------------------------------------------+
| TVARCHAR                                                                                             |
+------------------------------------------------------------------------------------------------------+
| <null>                                                                                               |
| 007KLeUowSFfvyfeOUzFBwBfFBOvFgDXhBHXDZIZ1KrtDJvfMzi3czCcmzARIyJG9TqpLSMub3fHI3Bf2652gXtH7isctxPCgoAm |
| 007XGDcBPZ6sAiMPMUkdCwFgecEtKp6j1wzERFRL9cz1JAqmtBpmBvewRBTNyDqE2V4uaAf2yo2GYej0fqRHN445lBCxLRhE9ngY |
| 00FoF9l1DD0Si8grPIcKVP9jRriHxKDZCUNG6bNIXCMEqJeUm9edwEtjwH24C2azLaDXra82RqPh77R3hYBltiXSdSLJR5JFcADP |
| 00UX7KTBhdtR819mxqUVNDBY6yuv3j1RVE4rmipPjYIVWEUEFHTwVawJDLGYgAJy2VJZloFm31rGApOmONE9EPJLZ39YW7xTRuc4 |
| 01HUAGtKB5ktW8qU3hBYIetMOrleoSlKlJxZyXhOGkvDb98OhRE1oZSR0lAvVZ00YR6KfxnEY8RL6n6lU0rgdM57CaLVhChCHH6s |
| 01MFR9CcBysGFiM5oRNrK4efdnok1CCs58Y70gTEuedBWeYdt9W3JY2JqOnaykFe2ImcJCD8JiSoaUj9JjRbrdNAgUEwpe99hdWi |
| 01nIdvHm6Nf7vIhztJRO8frG9vogZfNM6uWLPg1uThEWYL0W9fHCNRrun7rLPGhal4gRaXROmaPFgBRWmFS1R9kVBn6acJ4XmvWa |
| 01sYZqKGCGA9P1bAhF9WD1SRWByDB7WXtB3j4ojJS7xP3hERwWELTRYzqPZGxPNkLqsCDusMUDFbV0kMEU9D8TW0JrN0Sj12t5cN |
| 0299JJo01z2X3dXtfFWYntxR9Y2HOuAJBjlkbtTqF3N2y1ufY1JUJgFXZxBIMCF4oRsKERJlZNc9RCNiqGBW2GVWTd3yKzVBcOg1 |
+------------------------------------------------------------------------------------------------------+
10 rows selected.
Running time elapsed:      0.99 Seconds
SQL> 
SQL> 
SQL> -- 不同数据类型组合进行group by查询
   > -- 3种整型数据类型组合
SQL> SELECT TSMALLINT,TINTEGER,TBIGINT
   > FROM P1000 GROUP BY TSMALLINT, TINTEGER,TBIGINT
   > ORDER BY TSMALLINT,TINTEGER,TBIGINT LIMIT 10;
+-----------+----------+--------------+
| TSMALLINT | TINTEGER | TBIGINT      |
+-----------+----------+--------------+
| <null>    | <null>   | 34130337068  |
| <null>    | <null>   | 158247007637 |
| <null>    | <null>   | 257861721593 |
| <null>    | <null>   | 274521581265 |
| <null>    | <null>   | 311045371435 |
| <null>    | <null>   | 479915003624 |
| <null>    | <null>   | 554192202353 |
| <null>    | <null>   | 613953330964 |
| <null>    | <null>   | 625306060599 |
| <null>    | <null>   | 668153524516 |
+-----------+----------+--------------+
10 rows selected.
Running time elapsed:      2.98 Seconds
SQL> 
SQL> -- 把查询出的数据insert到T_TYPE_INTS表中
SQL> DROP TABLE T_TYPE_INTS IF EXISTS;
0 rows affected
Running time elapsed:      0.00 Seconds
SQL> CREATE TABLE T_TYPE_INTS AS (SELECT TSMALLINT,TINTEGER,TBIGINT FROM P1000 GROUP BY TSMALLINT, TINTEGER,TBIGINT) WITH DATA;
0 rows affected
Running time elapsed:      8.36 Seconds
SQL> -- 查看返回结果
SQL> SELECT * FROM T_TYPE_INTS ORDER BY TSMALLINT,TINTEGER,TBIGINT LIMIT 10;
+-----------+----------+--------------+
| TSMALLINT | TINTEGER | TBIGINT      |
+-----------+----------+--------------+
| <null>    | <null>   | 34130337068  |
| <null>    | <null>   | 158247007637 |
| <null>    | <null>   | 257861721593 |
| <null>    | <null>   | 274521581265 |
| <null>    | <null>   | 311045371435 |
| <null>    | <null>   | 479915003624 |
| <null>    | <null>   | 554192202353 |
| <null>    | <null>   | 613953330964 |
| <null>    | <null>   | 625306060599 |
| <null>    | <null>   | 668153524516 |
+-----------+----------+--------------+
10 rows selected.
Running time elapsed:      1.11 Seconds
SQL> 
SQL> -- 5种小数型数据类型组合
SQL> SELECT TREAL,TDOUBLE,TFLOAT,TDECIMAL,TNUMERIC FROM P1000 GROUP BY TREAL, TDOUBLE, TFLOAT, TDECIMAL, TNUMERIC ORDER BY TREAL,TDOUBLE,TFLOAT LIMIT 10;
+--------+---------+---------+----------+-----------+
| TREAL  | TDOUBLE | TFLOAT  | TDECIMAL | TNUMERIC  |
+--------+---------+---------+----------+-----------+
| <null> | 233.29  | 4229.3  | 913.44   | 6906.9273 |
| <null> | 353.26  | 3439.36 | 2811.5   | 1399.3321 |
| <null> | 555.42  | 1828.29 | 2146.36  | 2514.2188 |
| <null> | 555.62  | 2112.84 | 344.88   | 6442.1474 |
| <null> | 649.4   | 5079.07 | 8503.84  | 9285.019  |
| <null> | 703.14  | 190.09  | 325.83   | 1074.7385 |
| <null> | 703.76  | 2622.95 | 8682.0   | 1692.5544 |
| <null> | 787.15  | 1948.58 | 7552.21  | 1060.9406 |
| <null> | 796.2   | 4851.42 | 4726.78  | 9991.7562 |
| <null> | 820.77  | 6641.56 | 5631.27  | 7385.5544 |
+--------+---------+---------+----------+-----------+
10 rows selected.
Running time elapsed:      4.35 Seconds
SQL> -- 把查询出的数据insert到T_TYPE_FLOATS表中
SQL> DROP TABLE T_TYPE_FLOATS IF EXISTS;
0 rows affected
Running time elapsed:      0.00 Seconds
SQL> CREATE TABLE T_TYPE_FLOATS AS (SELECT TREAL,TDOUBLE,TFLOAT,TDECIMAL,TNUMERIC FROM P1000 GROUP BY TREAL, TDOUBLE, TFLOAT, TDECIMAL, TNUMERIC) WITH DATA;
0 rows affected
Running time elapsed:     10.47 Seconds
SQL> -- 查看返回结果
SQL> SELECT * FROM T_TYPE_FLOATS ORDER BY TREAL,TDOUBLE,TFLOAT LIMIT 10;
+--------+---------+---------+----------+-----------+
| TREAL  | TDOUBLE | TFLOAT  | TDECIMAL | TNUMERIC  |
+--------+---------+---------+----------+-----------+
| <null> | 233.29  | 4229.3  | 913.44   | 6906.9273 |
| <null> | 353.26  | 3439.36 | 2811.5   | 1399.3321 |
| <null> | 555.42  | 1828.29 | 2146.36  | 2514.2188 |
| <null> | 555.62  | 2112.84 | 344.88   | 6442.1474 |
| <null> | 649.4   | 5079.07 | 8503.84  | 9285.019  |
| <null> | 703.14  | 190.09  | 325.83   | 1074.7385 |
| <null> | 703.76  | 2622.95 | 8682.0   | 1692.5544 |
| <null> | 787.15  | 1948.58 | 7552.21  | 1060.9406 |
| <null> | 796.2   | 4851.42 | 4726.78  | 9991.7562 |
| <null> | 820.77  | 6641.56 | 5631.27  | 7385.5544 |
+--------+---------+---------+----------+-----------+
10 rows selected.
Running time elapsed:      1.29 Seconds
SQL> 
SQL> -- 2种字符型数据类型组合
SQL> SELECT TCHAR,TVARCHAR FROM P1000 GROUP BY TCHAR, TVARCHAR ORDER BY TCHAR,TVARCHAR LIMIT 10;
+--------+------------------------------------------------------------------------------------------------------+
| TCHAR  | TVARCHAR                                                                                             |
+--------+------------------------------------------------------------------------------------------------------+
| <null> | <null>                                                                                               |
| <null> | 007XGDcBPZ6sAiMPMUkdCwFgecEtKp6j1wzERFRL9cz1JAqmtBpmBvewRBTNyDqE2V4uaAf2yo2GYej0fqRHN445lBCxLRhE9ngY |
| <null> | 00FoF9l1DD0Si8grPIcKVP9jRriHxKDZCUNG6bNIXCMEqJeUm9edwEtjwH24C2azLaDXra82RqPh77R3hYBltiXSdSLJR5JFcADP |
| <null> | 00UX7KTBhdtR819mxqUVNDBY6yuv3j1RVE4rmipPjYIVWEUEFHTwVawJDLGYgAJy2VJZloFm31rGApOmONE9EPJLZ39YW7xTRuc4 |
| <null> | 01HUAGtKB5ktW8qU3hBYIetMOrleoSlKlJxZyXhOGkvDb98OhRE1oZSR0lAvVZ00YR6KfxnEY8RL6n6lU0rgdM57CaLVhChCHH6s |
| <null> | 01MFR9CcBysGFiM5oRNrK4efdnok1CCs58Y70gTEuedBWeYdt9W3JY2JqOnaykFe2ImcJCD8JiSoaUj9JjRbrdNAgUEwpe99hdWi |
| <null> | 01nIdvHm6Nf7vIhztJRO8frG9vogZfNM6uWLPg1uThEWYL0W9fHCNRrun7rLPGhal4gRaXROmaPFgBRWmFS1R9kVBn6acJ4XmvWa |
| <null> | 01sYZqKGCGA9P1bAhF9WD1SRWByDB7WXtB3j4ojJS7xP3hERwWELTRYzqPZGxPNkLqsCDusMUDFbV0kMEU9D8TW0JrN0Sj12t5cN |
| <null> | 0299JJo01z2X3dXtfFWYntxR9Y2HOuAJBjlkbtTqF3N2y1ufY1JUJgFXZxBIMCF4oRsKERJlZNc9RCNiqGBW2GVWTd3yKzVBcOg1 |
| <null> | 02RiiCIrpbRKOd8dHY0wZHuGMw3BgC1ePRaOPcVbhviXpbXm7GRcRMI0zEGd6bv0t5RrZ16LaHsDAPExWHBH2BaHFL8Usvf3qB66 |
+--------+------------------------------------------------------------------------------------------------------+
10 rows selected.
Running time elapsed:      5.93 Seconds
SQL> -- 把查询出的数据insert到T_TYPE_CHARS表中
SQL> DROP TABLE T_TYPE_CHARS IF EXISTS;
0 rows affected
Running time elapsed:      0.00 Seconds
SQL> CREATE TABLE T_TYPE_CHARS AS (SELECT TCHAR,TVARCHAR FROM P1000 GROUP BY TCHAR, TVARCHAR) WITH DATA;
0 rows affected
Running time elapsed:      9.91 Seconds
SQL> -- 查看返回结果
SQL> SELECT * FROM T_TYPE_CHARS ORDER BY TCHAR,TVARCHAR LIMIT 10;
+--------+------------------------------------------------------------------------------------------------------+
| TCHAR  | TVARCHAR                                                                                             |
+--------+------------------------------------------------------------------------------------------------------+
| <null> | <null>                                                                                               |
| <null> | 007XGDcBPZ6sAiMPMUkdCwFgecEtKp6j1wzERFRL9cz1JAqmtBpmBvewRBTNyDqE2V4uaAf2yo2GYej0fqRHN445lBCxLRhE9ngY |
| <null> | 00FoF9l1DD0Si8grPIcKVP9jRriHxKDZCUNG6bNIXCMEqJeUm9edwEtjwH24C2azLaDXra82RqPh77R3hYBltiXSdSLJR5JFcADP |
| <null> | 00UX7KTBhdtR819mxqUVNDBY6yuv3j1RVE4rmipPjYIVWEUEFHTwVawJDLGYgAJy2VJZloFm31rGApOmONE9EPJLZ39YW7xTRuc4 |
| <null> | 01HUAGtKB5ktW8qU3hBYIetMOrleoSlKlJxZyXhOGkvDb98OhRE1oZSR0lAvVZ00YR6KfxnEY8RL6n6lU0rgdM57CaLVhChCHH6s |
| <null> | 01MFR9CcBysGFiM5oRNrK4efdnok1CCs58Y70gTEuedBWeYdt9W3JY2JqOnaykFe2ImcJCD8JiSoaUj9JjRbrdNAgUEwpe99hdWi |
| <null> | 01nIdvHm6Nf7vIhztJRO8frG9vogZfNM6uWLPg1uThEWYL0W9fHCNRrun7rLPGhal4gRaXROmaPFgBRWmFS1R9kVBn6acJ4XmvWa |
| <null> | 01sYZqKGCGA9P1bAhF9WD1SRWByDB7WXtB3j4ojJS7xP3hERwWELTRYzqPZGxPNkLqsCDusMUDFbV0kMEU9D8TW0JrN0Sj12t5cN |
| <null> | 0299JJo01z2X3dXtfFWYntxR9Y2HOuAJBjlkbtTqF3N2y1ufY1JUJgFXZxBIMCF4oRsKERJlZNc9RCNiqGBW2GVWTd3yKzVBcOg1 |
| <null> | 02RiiCIrpbRKOd8dHY0wZHuGMw3BgC1ePRaOPcVbhviXpbXm7GRcRMI0zEGd6bv0t5RrZ16LaHsDAPExWHBH2BaHFL8Usvf3qB66 |
+--------+------------------------------------------------------------------------------------------------------+
10 rows selected.
Running time elapsed:      1.19 Seconds
SQL> 
SQL> -- 2种日期类型数据类型组合
SQL> SELECT TDATE,TTIMESTAMP FROM P1000 GROUP BY TDATE,TTIMESTAMP ORDER BY TTIMESTAMP LIMIT 10;
+------------+---------------------+
| TDATE      | TTIMESTAMP          |
+------------+---------------------+
| 2039-11-28 | 1979-01-01 00:00:37 |
| 2034-2-1   | 1979-01-01 00:06:29 |
| 2025-8-17  | 1979-01-01 00:07:22 |
| 2032-4-21  | 1979-01-01 00:19:45 |
| 2012-8-21  | 1979-01-01 00:23:18 |
| 2007-5-30  | 1979-01-01 00:25:00 |
| 1984-8-6   | 1979-01-01 00:28:41 |
| 2010-2-13  | 1979-01-01 00:32:14 |
| 1991-1-19  | 1979-01-01 00:34:26 |
| 2048-6-1   | 1979-01-01 00:35:44 |
+------------+---------------------+
10 rows selected.
Running time elapsed:      2.72 Seconds
SQL> -- 把查询出的数据insert到T_TYPE_DATES表中
SQL> DROP TABLE T_TYPE_DATES IF EXISTS;
0 rows affected
Running time elapsed:      0.00 Seconds
SQL> CREATE TABLE T_TYPE_DATES AS (SELECT TDATE,TTIMESTAMP FROM P1000 GROUP BY TDATE,TTIMESTAMP) WITH DATA;
0 rows affected
Running time elapsed:     10.00 Seconds
SQL> -- 查看返回结果
SQL> SELECT * FROM T_TYPE_DATES ORDER BY TTIMESTAMP LIMIT 10;
+------------+---------------------+
| TDATE      | TTIMESTAMP          |
+------------+---------------------+
| 2039-11-28 | 1979-01-01 00:00:37 |
| 2034-2-1   | 1979-01-01 00:06:29 |
| 2025-8-17  | 1979-01-01 00:07:22 |
| 2032-4-21  | 1979-01-01 00:19:45 |
| 2012-8-21  | 1979-01-01 00:23:18 |
| 2007-5-30  | 1979-01-01 00:25:00 |
| 1984-8-6   | 1979-01-01 00:28:41 |
| 2010-2-13  | 1979-01-01 00:32:14 |
| 1991-1-19  | 1979-01-01 00:34:26 |
| 2048-6-1   | 1979-01-01 00:35:44 |
+------------+---------------------+
10 rows selected.
Running time elapsed:      0.97 Seconds
SQL> 
SQL> -- 整型，小数型，字符型，日期型4种数据类型组合
SQL> SELECT TBIGINT,TDOUBLE,TCHAR,TDATE FROM P1000 GROUP BY TBIGINT, TDOUBLE, TCHAR,TDATE ORDER BY TBIGINT,TDOUBLE,TCHAR LIMIT 10;
+---------+---------+-----------------------------------------------------------------------------------------------------------------------------------------------------------------------------------------------------------------------------------------------------------------+------------+
| TBIGINT | TDOUBLE | TCHAR                                                                                                                                                                                                                                                           | TDATE      |
+---------+---------+-----------------------------------------------------------------------------------------------------------------------------------------------------------------------------------------------------------------------------------------------------------------+------------+
| <null>  | 0.11    | RH6KRPEgO4s1pEWxnhdberIxFKLEF81pCPP9APJ8LrNdIaWWkK                                                                                                                                                                                                              | 2027-2-17  |
| <null>  | 0.24    | X4TVMRcZ5azww6wGTasHDGMx8o1n54La9R1JBvwvnI64iUBtRY                                                                                                                                                                                                              | 2017-7-13  |
| <null>  | 0.24    | cUjUDg1ITNq9AWZT4U0whJn07jrNTygnKrMRs88RsNRLb3PUuE                                                                                                                                                                                                              | 2030-11-25 |
| <null>  | 0.25    | S8nifiU7E4or4RyawvIFRilLJ5XDXFUizLfDiFrCX2K4sj44gi                                                                                                                                                                                                              | 2004-8-17  |
| <null>  | 0.37    | R6vUMlHmEyvAXdgjksAq4LhvS6R7YNvdb5hzGmMW7kyHdF3zGB                                                                                                                                                                                                              | 1989-9-7   |
| <null>  | 0.39    | zW6wKa8ALtxsLIUy8MwifKrUYjom5mGlu8CFfAnEPhYhWTSFkk                                                                                                                                                                                                              | 2002-6-28  |
| <null>  | 0.41    | fJJChMwfZguqVdW0VAwVHMhgjBiSNR9HsIkTGReJNoYYrbICc4                                                                                                                                                                                                              | 1993-11-23 |
| <null>  | 0.49    | FoIkweiqxlGWvBJWpuvFVJJ0VIuRZHMJwu62dGbVWL9Im3Meq8                                                                                                                                                                                                              | 1993-2-23  |
| <null>  | 0.53    | sBeKvUKqWjj04xK6fyWo9CrJ4rAuO5YhUY2KjglXknmGAZ5qFT                                                                                                                                                                                                              | 2008-4-29  |
| <null>  | 0.58    | nScEVFBabJRoGSeSEV3iLIw9VtfsXSCpGrR5b41pIAs5m0MGv6                                                                                                                                                                                                              | 2003-1-3   |
+---------+---------+-----------------------------------------------------------------------------------------------------------------------------------------------------------------------------------------------------------------------------------------------------------------+------------+
10 rows selected.
Running time elapsed:      2.73 Seconds
SQL> -- 把查询出的数据insert到T_TYPE_ARRAY4表中
SQL> DROP TABLE T_TYPE_ARRAY4 IF EXISTS;
0 rows affected
Running time elapsed:      0.00 Seconds
SQL> CREATE TABLE T_TYPE_ARRAY4 AS (SELECT TBIGINT,TDOUBLE,TCHAR,TDATE FROM P1000 GROUP BY TBIGINT, TDOUBLE, TCHAR,TDATE) WITH DATA;
0 rows affected
Running time elapsed:      9.44 Seconds
SQL> -- 查看返回结果
SQL> SELECT * FROM T_TYPE_ARRAY4 ORDER BY TBIGINT,TDOUBLE,TCHAR LIMIT 10;
+---------+---------+-----------------------------------------------------------------------------------------------------------------------------------------------------------------------------------------------------------------------------------------------------------------+------------+
| TBIGINT | TDOUBLE | TCHAR                                                                                                                                                                                                                                                           | TDATE      |
+---------+---------+-----------------------------------------------------------------------------------------------------------------------------------------------------------------------------------------------------------------------------------------------------------------+------------+
| <null>  | 0.11    | RH6KRPEgO4s1pEWxnhdberIxFKLEF81pCPP9APJ8LrNdIaWWkK                                                                                                                                                                                                              | 2027-2-17  |
| <null>  | 0.24    | X4TVMRcZ5azww6wGTasHDGMx8o1n54La9R1JBvwvnI64iUBtRY                                                                                                                                                                                                              | 2017-7-13  |
| <null>  | 0.24    | cUjUDg1ITNq9AWZT4U0whJn07jrNTygnKrMRs88RsNRLb3PUuE                                                                                                                                                                                                              | 2030-11-25 |
| <null>  | 0.25    | S8nifiU7E4or4RyawvIFRilLJ5XDXFUizLfDiFrCX2K4sj44gi                                                                                                                                                                                                              | 2004-8-17  |
| <null>  | 0.37    | R6vUMlHmEyvAXdgjksAq4LhvS6R7YNvdb5hzGmMW7kyHdF3zGB                                                                                                                                                                                                              | 1989-9-7   |
| <null>  | 0.39    | zW6wKa8ALtxsLIUy8MwifKrUYjom5mGlu8CFfAnEPhYhWTSFkk                                                                                                                                                                                                              | 2002-6-28  |
| <null>  | 0.41    | fJJChMwfZguqVdW0VAwVHMhgjBiSNR9HsIkTGReJNoYYrbICc4                                                                                                                                                                                                              | 1993-11-23 |
| <null>  | 0.49    | FoIkweiqxlGWvBJWpuvFVJJ0VIuRZHMJwu62dGbVWL9Im3Meq8                                                                                                                                                                                                              | 1993-2-23  |
| <null>  | 0.53    | sBeKvUKqWjj04xK6fyWo9CrJ4rAuO5YhUY2KjglXknmGAZ5qFT                                                                                                                                                                                                              | 2008-4-29  |
| <null>  | 0.58    | nScEVFBabJRoGSeSEV3iLIw9VtfsXSCpGrR5b41pIAs5m0MGv6                                                                                                                                                                                                              | 2003-1-3   |
+---------+---------+-----------------------------------------------------------------------------------------------------------------------------------------------------------------------------------------------------------------------------------------------------------------+------------+
10 rows selected.
Running time elapsed:      1.06 Seconds
SQL> 
SQL> -- 整型，小数型2种数据类型组合
SQL> SELECT TSMALLINT,TREAL FROM P1000 GROUP BY TSMALLINT, TREAL ORDER BY TSMALLINT,TREAL LIMIT 10;
+-----------+-------+
| TSMALLINT | TREAL |
+-----------+-------+
| <null>    | 0.07  |
| <null>    | 0.1   |
| <null>    | 0.31  |
| <null>    | 0.48  |
| <null>    | 0.72  |
| <null>    | 0.77  |
| <null>    | 0.84  |
| <null>    | 0.86  |
| <null>    | 0.87  |
| <null>    | 0.99  |
+-----------+-------+
10 rows selected.
Running time elapsed:      2.07 Seconds
SQL> -- 把查询出的数据insert到T_TYPE_ARRAY21表中
SQL> DROP TABLE T_TYPE_ARRAY21 IF EXISTS;
0 rows affected
Running time elapsed:      0.00 Seconds
SQL> CREATE TABLE T_TYPE_ARRAY21 AS (SELECT TSMALLINT,TREAL FROM P1000 GROUP BY TSMALLINT, TREAL) WITH DATA;
0 rows affected
Running time elapsed:     10.83 Seconds
SQL> -- 查看返回结果
SQL> SELECT * FROM T_TYPE_ARRAY21 ORDER BY TSMALLINT,TREAL LIMIT 10;
+-----------+-------+
| TSMALLINT | TREAL |
+-----------+-------+
| <null>    | 0.07  |
| <null>    | 0.1   |
| <null>    | 0.31  |
| <null>    | 0.48  |
| <null>    | 0.72  |
| <null>    | 0.77  |
| <null>    | 0.84  |
| <null>    | 0.86  |
| <null>    | 0.87  |
| <null>    | 0.99  |
+-----------+-------+
10 rows selected.
Running time elapsed:      0.93 Seconds
SQL> 
SQL> -- 整型，字符型2种数据类型组合
SQL> SELECT TINTEGER,TVARCHAR FROM P1000 GROUP BY TINTEGER, TVARCHAR ORDER BY TINTEGER,TVARCHAR LIMIT 10;
+----------+------------------------------------------------------------------------------------------------------+
| TINTEGER | TVARCHAR                                                                                             |
+----------+------------------------------------------------------------------------------------------------------+
| <null>   | <null>                                                                                               |
| <null>   | 01HUAGtKB5ktW8qU3hBYIetMOrleoSlKlJxZyXhOGkvDb98OhRE1oZSR0lAvVZ00YR6KfxnEY8RL6n6lU0rgdM57CaLVhChCHH6s |
| <null>   | 01MFR9CcBysGFiM5oRNrK4efdnok1CCs58Y70gTEuedBWeYdt9W3JY2JqOnaykFe2ImcJCD8JiSoaUj9JjRbrdNAgUEwpe99hdWi |
| <null>   | 01nIdvHm6Nf7vIhztJRO8frG9vogZfNM6uWLPg1uThEWYL0W9fHCNRrun7rLPGhal4gRaXROmaPFgBRWmFS1R9kVBn6acJ4XmvWa |
| <null>   | 01sYZqKGCGA9P1bAhF9WD1SRWByDB7WXtB3j4ojJS7xP3hERwWELTRYzqPZGxPNkLqsCDusMUDFbV0kMEU9D8TW0JrN0Sj12t5cN |
| <null>   | 0299JJo01z2X3dXtfFWYntxR9Y2HOuAJBjlkbtTqF3N2y1ufY1JUJgFXZxBIMCF4oRsKERJlZNc9RCNiqGBW2GVWTd3yKzVBcOg1 |
| <null>   | 05BPK2Wbi4TBuKhx7rEKyhnLP8TaZsyxpkRLfsHOlRyEZ3fqGi8EdPFXYwpabE0RunolMWZGRmxldnTZZxHnUAof5diIy8lGVVjg |
| <null>   | 05mdprJkazNOuEpHshijXfnNOISyjD3Ma19RNnxAEeUsirUC7YTpLMFKHRn5wMicSfkIfhhvid4RdDi0gBGAXA53yT6mjNgMmIgk |
| <null>   | 06Pu1mcvwlbi71ReaBHHsSNrVDTb8oc18ISEYFNr2kCaZWLe7vzOqA9x436IehoJzVYrUKN33kkZ7qT1ZHAbeYue1R6JZX3YHrvk |
| <null>   | 06cSvfvBBjqDk3uJexatBTjV63xzPEK0mGLk1Lxp3DyiZH2FcwC9ixDjWyXhAPFpcRmiW8BV6fDBe18N2rSmbYHwtKedbYSRaZt2 |
+----------+------------------------------------------------------------------------------------------------------+
10 rows selected.
Running time elapsed:      3.20 Seconds
SQL> -- 把查询出的数据insert到T_TYPE_ARRAY22表中
SQL> DROP TABLE T_TYPE_ARRAY22 IF EXISTS;
0 rows affected
Running time elapsed:      0.00 Seconds
SQL> CREATE TABLE T_TYPE_ARRAY22 AS (SELECT TINTEGER,TVARCHAR FROM P1000 GROUP BY TINTEGER, TVARCHAR) WITH DATA;
0 rows affected
Running time elapsed:      9.29 Seconds
SQL> -- 查看返回结果
SQL> SELECT * FROM T_TYPE_ARRAY22 ORDER BY TINTEGER,TVARCHAR LIMIT 10;
+----------+------------------------------------------------------------------------------------------------------+
| TINTEGER | TVARCHAR                                                                                             |
+----------+------------------------------------------------------------------------------------------------------+
| <null>   | <null>                                                                                               |
| <null>   | 01HUAGtKB5ktW8qU3hBYIetMOrleoSlKlJxZyXhOGkvDb98OhRE1oZSR0lAvVZ00YR6KfxnEY8RL6n6lU0rgdM57CaLVhChCHH6s |
| <null>   | 01MFR9CcBysGFiM5oRNrK4efdnok1CCs58Y70gTEuedBWeYdt9W3JY2JqOnaykFe2ImcJCD8JiSoaUj9JjRbrdNAgUEwpe99hdWi |
| <null>   | 01nIdvHm6Nf7vIhztJRO8frG9vogZfNM6uWLPg1uThEWYL0W9fHCNRrun7rLPGhal4gRaXROmaPFgBRWmFS1R9kVBn6acJ4XmvWa |
| <null>   | 01sYZqKGCGA9P1bAhF9WD1SRWByDB7WXtB3j4ojJS7xP3hERwWELTRYzqPZGxPNkLqsCDusMUDFbV0kMEU9D8TW0JrN0Sj12t5cN |
| <null>   | 0299JJo01z2X3dXtfFWYntxR9Y2HOuAJBjlkbtTqF3N2y1ufY1JUJgFXZxBIMCF4oRsKERJlZNc9RCNiqGBW2GVWTd3yKzVBcOg1 |
| <null>   | 05BPK2Wbi4TBuKhx7rEKyhnLP8TaZsyxpkRLfsHOlRyEZ3fqGi8EdPFXYwpabE0RunolMWZGRmxldnTZZxHnUAof5diIy8lGVVjg |
| <null>   | 05mdprJkazNOuEpHshijXfnNOISyjD3Ma19RNnxAEeUsirUC7YTpLMFKHRn5wMicSfkIfhhvid4RdDi0gBGAXA53yT6mjNgMmIgk |
| <null>   | 06Pu1mcvwlbi71ReaBHHsSNrVDTb8oc18ISEYFNr2kCaZWLe7vzOqA9x436IehoJzVYrUKN33kkZ7qT1ZHAbeYue1R6JZX3YHrvk |
| <null>   | 06cSvfvBBjqDk3uJexatBTjV63xzPEK0mGLk1Lxp3DyiZH2FcwC9ixDjWyXhAPFpcRmiW8BV6fDBe18N2rSmbYHwtKedbYSRaZt2 |
+----------+------------------------------------------------------------------------------------------------------+
10 rows selected.
Running time elapsed:      1.16 Seconds
SQL> 
SQL> -- 整型，日期型2种数据类型组合
SQL> SELECT TBIGINT,TDATE FROM P1000 GROUP BY TBIGINT, TDATE ORDER BY TBIGINT,TDATE LIMIT 10;
+---------+-----------+
| TBIGINT | TDATE     |
+---------+-----------+
| <null>  | 1979-1-4  |
| <null>  | 1979-1-9  |
| <null>  | 1979-1-14 |
| <null>  | 1979-1-16 |
| <null>  | 1979-1-19 |
| <null>  | 1979-1-23 |
| <null>  | 1979-1-29 |
| <null>  | 1979-2-8  |
| <null>  | 1979-2-9  |
| <null>  | 1979-2-20 |
+---------+-----------+
10 rows selected.
Running time elapsed:      2.30 Seconds
SQL> -- 把查询出的数据insert到T_TYPE_ARRAY23表中
SQL> DROP TABLE T_TYPE_ARRAY23 IF EXISTS;
0 rows affected
Running time elapsed:      0.00 Seconds
SQL> CREATE TABLE T_TYPE_ARRAY23 AS (SELECT TBIGINT,TDATE FROM P1000 GROUP BY TBIGINT, TDATE) WITH DATA;
0 rows affected
Running time elapsed:     10.52 Seconds
SQL> -- 查看返回结果
SQL> SELECT * FROM T_TYPE_ARRAY23 ORDER BY TBIGINT,TDATE LIMIT 10;
+---------+-----------+
| TBIGINT | TDATE     |
+---------+-----------+
| <null>  | 1979-1-4  |
| <null>  | 1979-1-9  |
| <null>  | 1979-1-14 |
| <null>  | 1979-1-16 |
| <null>  | 1979-1-19 |
| <null>  | 1979-1-23 |
| <null>  | 1979-1-29 |
| <null>  | 1979-2-8  |
| <null>  | 1979-2-9  |
| <null>  | 1979-2-20 |
+---------+-----------+
10 rows selected.
Running time elapsed:      1.04 Seconds
SQL> 
SQL> -- 整型，小数型，字符型3种数据类型组合
SQL> SELECT TSMALLINT,TREAL,TCHAR FROM P1000 GROUP BY TSMALLINT, TREAL, TCHAR ORDER BY TSMALLINT,TREAL,TCHAR LIMIT 10;
+-----------+-------+-----------------------------------------------------------------------------------------------------------------------------------------------------------------------------------------------------------------------------------------------------------------+
| TSMALLINT | TREAL | TCHAR                                                                                                                                                                                                                                                           |
+-----------+-------+-----------------------------------------------------------------------------------------------------------------------------------------------------------------------------------------------------------------------------------------------------------------+
| <null>    | 0.07  | Cg9K2nCRVofgYFZiHCY5P4DdGOkkG7IjHvRTChdtitaPzcf2Vt                                                                                                                                                                                                              |
| <null>    | 0.1   | 0uw2szuEa93Td9Cxkjo27gZMOHEDt3lUVyOr8pEwcDPpjX4MzG                                                                                                                                                                                                              |
| <null>    | 0.31  | tyorYCwEJ0TRA8hys1nF9V9bOcbCLXxDAlav2LRpvLRD2a5xdZ                                                                                                                                                                                                              |
| <null>    | 0.48  | Uc9RplyAjgrOZVDW7EGuVhaHvgnzE2aymZhRBYOw3nJtbkrnN2                                                                                                                                                                                                              |
| <null>    | 0.72  | ar7LCurO2cpS9SkMmRqKncJJabrXHWdRUaUFYTPbrymO2BXrC2                                                                                                                                                                                                              |
| <null>    | 0.77  | 4UxsLR7R62wGMisunKhjeRW1cSc457VEJ8rM6ZUpUlCenRZLcl                                                                                                                                                                                                              |
| <null>    | 0.84  | 5oL9SpTZUE87iJrDXdfOAkrWfxtEymHoIrGGaUftlA6qckyGu6                                                                                                                                                                                                              |
| <null>    | 0.84  | ke3LH2kSRWnRDqSJI9AovORJHYr7JTZZakh0Lu8GjmJuGrIRRP                                                                                                                                                                                                              |
| <null>    | 0.86  | e9dlOIIJtYrlkaGo3pZePqEJr2tRuW66rK9CGdGJ5mR4KhRBq9                                                                                                                                                                                                              |
| <null>    | 0.87  | sVs97yv8RyGsHsD7vEm0Bwhka2teEntn5IPmyXev7RKeklqT9j                                                                                                                                                                                                              |
+-----------+-------+-----------------------------------------------------------------------------------------------------------------------------------------------------------------------------------------------------------------------------------------------------------------+
10 rows selected.
Running time elapsed:      2.73 Seconds
SQL> -- 把查询出的数据insert到T_TYPE_ARRAY31表中
SQL> DROP TABLE T_TYPE_ARRAY31 IF EXISTS;
0 rows affected
Running time elapsed:      0.00 Seconds
SQL> CREATE TABLE T_TYPE_ARRAY31 AS (SELECT TSMALLINT,TREAL,TCHAR FROM P1000 GROUP BY TSMALLINT, TREAL, TCHAR) WITH DATA;
java.sql.SQLException: UNAVAILABLE: io exception Caused by [拒绝连接: /192.168.1.63:59986 Caused by [拒绝连接]]
Running time elapsed:      4.06 Seconds
SQL> -- 查看返回结果
SQL> SELECT * FROM T_TYPE_ARRAY31 ORDER BY TSMALLINT,TREAL,TCHAR LIMIT 10;
0 rows selected.
Running time elapsed:      0.03 Seconds
SQL> 
SQL> -- 整型，小数型，日期型3种数据类型组合
SQL> SELECT TSMALLINT,TREAL,TDATE FROM P1000 GROUP BY TSMALLINT, TREAL, TDATE ORDER BY TSMALLINT,TREAL,TDATE LIMIT 10;
+-----------+-------+------------+
| TSMALLINT | TREAL | TDATE      |
+-----------+-------+------------+
| <null>    | 0.07  | 1987-8-10  |
| <null>    | 0.1   | 2036-3-18  |
| <null>    | 0.31  | 2046-12-18 |
| <null>    | 0.48  | 1981-8-20  |
| <null>    | 0.72  | 2040-3-17  |
| <null>    | 0.77  | 1997-10-19 |
| <null>    | 0.84  | 2007-10-9  |
| <null>    | 0.84  | 2033-12-10 |
| <null>    | 0.86  | 2021-7-18  |
| <null>    | 0.87  | 1983-7-5   |
+-----------+-------+------------+
10 rows selected.
Running time elapsed:      6.73 Seconds
SQL> -- 把查询出的数据insert到T_TYPE_ARRAY32表中
SQL> DROP TABLE T_TYPE_ARRAY32 IF EXISTS;
0 rows affected
Running time elapsed:      0.00 Seconds
SQL> CREATE TABLE T_TYPE_ARRAY32 AS (SELECT TSMALLINT,TREAL,TDATE FROM P1000 GROUP BY TSMALLINT, TREAL, TDATE) WITH DATA;
0 rows affected
Running time elapsed:     16.65 Seconds
SQL> -- 查看返回结果
SQL> SELECT * FROM T_TYPE_ARRAY32 ORDER BY TSMALLINT,TREAL,TDATE LIMIT 10;
+-----------+-------+------------+
| TSMALLINT | TREAL | TDATE      |
+-----------+-------+------------+
| <null>    | 0.07  | 1987-8-10  |
| <null>    | 0.1   | 2036-3-18  |
| <null>    | 0.31  | 2046-12-18 |
| <null>    | 0.48  | 1981-8-20  |
| <null>    | 0.72  | 2040-3-17  |
| <null>    | 0.77  | 1997-10-19 |
| <null>    | 0.84  | 2007-10-9  |
| <null>    | 0.84  | 2033-12-10 |
| <null>    | 0.86  | 2021-7-18  |
| <null>    | 0.87  | 1983-7-5   |
+-----------+-------+------------+
10 rows selected.
Running time elapsed:      1.15 Seconds
SQL> 
SQL> -- 小数型，字符型，日期型3种数据类型组合
SQL> SELECT TREAL,TCHAR,TDATE FROM P1000 GROUP BY TREAL,TCHAR, TDATE ORDER BY TDATE,TCHAR LIMIT 10;
+---------+-----------------------------------------------------------------------------------------------------------------------------------------------------------------------------------------------------------------------------------------------------------------+----------+
| TREAL   | TCHAR                                                                                                                                                                                                                                                           | TDATE    |
+---------+-----------------------------------------------------------------------------------------------------------------------------------------------------------------------------------------------------------------------------------------------------------------+----------+
| 2083.77 | 01nIdvHm6Nf7vIhztJRO8frG9vogZfNM6uWLPg1uThEWYL0W9f                                                                                                                                                                                                              | 1979-1-1 |
| 3758.56 | 09ZZ6H43XRFoMdhIvmxfOriOsqnP1XGYBLqLxLwwqkNtMMt3Gi                                                                                                                                                                                                              | 1979-1-1 |
| 2655.84 | 0J06RzcAt0gk9TZEX106GCeidWBTjEH3tVjiSxkaRxE2bzfkog                                                                                                                                                                                                              | 1979-1-1 |
| 4526.15 | 0edjUOOUgbEbUJgHEXsxHc0e4bEVa0IAlKO27vOC02cBUE91qM                                                                                                                                                                                                              | 1979-1-1 |
| 9958.11 | 0jtIwLaOtwgRK37G81JDV898YvdHwL2DKVnaUXAAJYr4eifKrs                                                                                                                                                                                                              | 1979-1-1 |
| 3439.31 | 0ku3UcnFf8Uf4NXXEryfFzsEXaMFedzArBdehc8Bwy5zRYy38k                                                                                                                                                                                                              | 1979-1-1 |
| 5494.86 | 1BIrb2yyz6HL495jLnbFk7wWKVBBLMNG7Etb4LPUpJJgTJhBmR                                                                                                                                                                                                              | 1979-1-1 |
| 8832.09 | 1E7vISolGIlRZF5zXEiMIANBobOBsTfyHTqgoVMTNTmZcGPh2J                                                                                                                                                                                                              | 1979-1-1 |
| 3736.24 | 1Hqf3tXIam5REvMy4VTOPyX5zpnAGrZZqoXDmNhDSg5vRzoAI8                                                                                                                                                                                                              | 1979-1-1 |
| 9519.25 | 1K3lKlcGxBHAAoCjIkwOzKxGnKItbqbAu9IrmlCibUchJHGO5C                                                                                                                                                                                                              | 1979-1-1 |
+---------+-----------------------------------------------------------------------------------------------------------------------------------------------------------------------------------------------------------------------------------------------------------------+----------+
10 rows selected.
Running time elapsed:      3.00 Seconds
SQL> -- 把查询出的数据insert到T_TYPE_ARRAY33表中
SQL> DROP TABLE T_TYPE_ARRAY33 IF EXISTS;
0 rows affected
Running time elapsed:      0.00 Seconds
SQL> CREATE TABLE T_TYPE_ARRAY33 AS (SELECT TREAL,TCHAR,TDATE FROM P1000 GROUP BY TREAL,TCHAR, TDATE) WITH DATA;
0 rows affected
Running time elapsed:     15.51 Seconds
SQL> -- 查看返回结果
SQL> SELECT * FROM T_TYPE_ARRAY33 ORDER BY TDATE,TCHAR LIMIT 10;
+---------+-----------------------------------------------------------------------------------------------------------------------------------------------------------------------------------------------------------------------------------------------------------------+----------+
| TREAL   | TCHAR                                                                                                                                                                                                                                                           | TDATE    |
+---------+-----------------------------------------------------------------------------------------------------------------------------------------------------------------------------------------------------------------------------------------------------------------+----------+
| 2083.77 | 01nIdvHm6Nf7vIhztJRO8frG9vogZfNM6uWLPg1uThEWYL0W9f                                                                                                                                                                                                              | 1979-1-1 |
| 3758.56 | 09ZZ6H43XRFoMdhIvmxfOriOsqnP1XGYBLqLxLwwqkNtMMt3Gi                                                                                                                                                                                                              | 1979-1-1 |
| 2655.84 | 0J06RzcAt0gk9TZEX106GCeidWBTjEH3tVjiSxkaRxE2bzfkog                                                                                                                                                                                                              | 1979-1-1 |
| 4526.15 | 0edjUOOUgbEbUJgHEXsxHc0e4bEVa0IAlKO27vOC02cBUE91qM                                                                                                                                                                                                              | 1979-1-1 |
| 9958.11 | 0jtIwLaOtwgRK37G81JDV898YvdHwL2DKVnaUXAAJYr4eifKrs                                                                                                                                                                                                              | 1979-1-1 |
| 3439.31 | 0ku3UcnFf8Uf4NXXEryfFzsEXaMFedzArBdehc8Bwy5zRYy38k                                                                                                                                                                                                              | 1979-1-1 |
| 5494.86 | 1BIrb2yyz6HL495jLnbFk7wWKVBBLMNG7Etb4LPUpJJgTJhBmR                                                                                                                                                                                                              | 1979-1-1 |
| 8832.09 | 1E7vISolGIlRZF5zXEiMIANBobOBsTfyHTqgoVMTNTmZcGPh2J                                                                                                                                                                                                              | 1979-1-1 |
| 3736.24 | 1Hqf3tXIam5REvMy4VTOPyX5zpnAGrZZqoXDmNhDSg5vRzoAI8                                                                                                                                                                                                              | 1979-1-1 |
| 9519.25 | 1K3lKlcGxBHAAoCjIkwOzKxGnKItbqbAu9IrmlCibUchJHGO5C                                                                                                                                                                                                              | 1979-1-1 |
+---------+-----------------------------------------------------------------------------------------------------------------------------------------------------------------------------------------------------------------------------------------------------------------+----------+
10 rows selected.
Running time elapsed:      1.06 Seconds
SQL> 
SQL> -- 因为布尔型的数据在数据库表里只有一种数据：True，timestamp类型的数据在数据库表里没有重复数据，所以选取余下的11种类型的数据进行组合查询
SQL> SELECT TSMALLINT,TINTEGER,TBIGINT,TREAL,TDOUBLE,TFLOAT,TDECIMAL,TNUMERIC,TDATE,TCHAR,TVARCHAR FROM P1000
   > GROUP BY TSMALLINT, TINTEGER, TBIGINT, TREAL, TDOUBLE, TFLOAT, TDECIMAL, TNUMERIC, TDATE, TCHAR, TVARCHAR
   > ORDER BY TSMALLINT ,TINTEGER,TBIGINT LIMIT 10;
+-----------+----------+--------------+---------+---------+---------+----------+-----------+------------+-----------------------------------------------------------------------------------------------------------------------------------------------------------------------------------------------------------------------------------------------------------------+------------------------------------------------------------------------------------------------------+
| TSMALLINT | TINTEGER | TBIGINT      | TREAL   | TDOUBLE | TFLOAT  | TDECIMAL | TNUMERIC  | TDATE      | TCHAR                                                                                                                                                                                                                                                           | TVARCHAR                                                                                             |
+-----------+----------+--------------+---------+---------+---------+----------+-----------+------------+-----------------------------------------------------------------------------------------------------------------------------------------------------------------------------------------------------------------------------------------------------------------+------------------------------------------------------------------------------------------------------+
| <null>    | <null>   | 34130337068  | 10.99   | 1948.44 | 6246.3  | 4229.26  | 4841.332  | 1999-6-6   | wRKHGeqfDfFmM8a0YNsHUT11i1SaXFAU7iiMsD1s09KxbrSMbj                                                                                                                                                                                                              | qEdVeTlPOUSLqJllrtb5rV5WfeTNTGaswpPVBNMqbCdbnn0Eh9FpyNtv3MUgrm1BgGfbmWZIfM3PVIHskcBZkfueJVos7EuRtYTs |
| <null>    | <null>   | 158247007637 | 7775.34 | 9959.5  | 1406.35 | 8021.41  | 2083.0164 | 2045-9-1   | LPKFRYj4A6ZNxRa0oz0X5iIpc6n8FgkY9ZUqG3uRWazpjRFrki                                                                                                                                                                                                              | aUE8YdRLqGz8WArVZ1Wog4Rq5AyDj77DrocSsbGHRu8jph7GCHofC8D21FdDESv58DbitdSx292F7VDWICc6YWcrXuHtxR2ocIpB |
| <null>    | <null>   | 257861721593 | 3455.34 | 7637.31 | 8812.47 | 1946.29  | 3231.3036 | 2006-5-28  | 1NXeSRrAllwBcScGayPlsrHrfPkpzX8WbLzgDFXuDVv3duSCER                                                                                                                                                                                                              | 7PThF6mggvPqpecDB8olekB7SAPRVibkWXHNDHD7XoDkpl7IaKlgHzF0kTcFOYEqVyP5Hs6L9zIC16wS0l53JYmhV0L9qUZahYR4 |
| <null>    | <null>   | 274521581265 | 4726.48 | 7572.9  | 6111.26 | 9068.56  | 9980.914  | 1985-10-12 | ESlHTHlNhLSBBcMewTh9qd4YBSpmN4x5tqfIYBNBy9EsNokL13                                                                                                                                                                                                              | WxAEObLFsEmpaMy1ONNAkeCKiKsCKB8GroigpHwY0M9fEFIW3GmRbT2vcJMtCJfP98b12JjPqeqYqI14xHvwGPxEXdNSbZjVlBBR |
| <null>    | <null>   | 311045371435 | 4341.76 | 2624.37 | 1172.29 | 1135.63  | 1040.9766 | 2000-8-13  | N897eNz7wue3oT14T5qnNAaJTLWloHGOxvZBvgTzEDWzRfbuxF                                                                                                                                                                                                              | KwwRmyqzRM70aiHa8ZLfHsm4820xiqdEXBGe5HID7Snm6g7tC2PxOVSbXU7RgFIAtbu8ONJGDsGiWZXNIB3bqZO3h6sxtxdMyMBh |
| <null>    | <null>   | 479915003624 | 6098.76 | 8005.03 | 4144.44 | 942.67   | 4191.9158 | 2016-1-28  | wp0svL9ohMDDRTlmrsZMFbVrIz2FFc5qykIkWSOL39c3UIDsBH                                                                                                                                                                                                              | rd1DVhCuf81qlqHKdwWwSBIzXkLZ4PAB3oo1K6mtFwxD2jWoSrBDPwCdULl0WO1GoNBwB7KhF3TRg4eot9HHDDfCsq3hOGATurJH |
| <null>    | <null>   | 554192202353 | 9442.26 | 8517.21 | 2643.14 | 4647.84  | 4861.0862 | 2045-6-27  | Dm4ACAr2VcWVRjJEFRvzN3RRMo45Fte5SYCyuMgyLCUOXvJCEL                                                                                                                                                                                                              | pYD7RbDRlhj0tzfFMEIta6e8zPbWJXYBFV5HYrfArU43GcurXpY2nM5k9uOOHN9TVnkMy6PTB457VVUq7BsWrZMnvmPDORUIr9KH |
| <null>    | <null>   | 613953330964 | 3439.11 | 6138.93 | 3067.62 | 1758.09  | 2164.5561 | 2030-12-21 | 5g2FS0B9GYqf4NGDzwHpwuhuwg6ztdVaNP9B7tA2IRTjeBDIlM                                                                                                                                                                                                              | hoHYVKo7kagLMwi8LfTEM9S3tLR1AlSgNElKhS5lDGjERohRHCbAv7O87MoivwyVaKITUm5yq55AHlsSTz8BEAGj5chxD7Efe9vj |
| <null>    | <null>   | 625306060599 | 9152.69 | 190.55  | 7490.07 | 467.54   | 2545.344  | 2010-10-14 | Z5dgE07OFLy0fEC6CGzRRdkIJAwvABOYLf71ngf5E9vReaoVGk                                                                                                                                                                                                              | ZYCze4NbGyGc58YZJuw9lxvgW1oeZCcDuRncnatkpCJbZam4HnSRmqpF8RCjDqR93TNOLY2DtxHHGN2geBFiiPXXnMdOsoC9G1v7 |
| <null>    | <null>   | 668153524516 | 3262.64 | 3149.93 | 1458.95 | 3231.78  | 922.1406  | 2002-7-21  | 5x3pnTGEv1cjDrpsNZZSKkn2POsAGZkM4nesCRAT7RzyOWaHCb                                                                                                                                                                                                              | srwiGWLoidW7bpO0MpP8ZVWi2lCzKK3DHIBxBVUstCEI6WJh2fVYftIVk4Dmi2V9lBHA2ASvwycWuDZ93F5GdICMWpvq5q3BOlCb |
+-----------+----------+--------------+---------+---------+---------+----------+-----------+------------+-----------------------------------------------------------------------------------------------------------------------------------------------------------------------------------------------------------------------------------------------------------------+------------------------------------------------------------------------------------------------------+
10 rows selected.
Running time elapsed:      5.69 Seconds
SQL> -- 把查询出的数据insert到T_TYPE_ALL表中
SQL> DROP TABLE T_TYPE_ALL IF EXISTS;
0 rows affected
Running time elapsed:      0.00 Seconds
SQL> CREATE TABLE T_TYPE_ALL AS (SELECT TSMALLINT,TINTEGER,TBIGINT,TREAL,TDOUBLE,TFLOAT,TDECIMAL,TNUMERIC,TDATE,TCHAR,TVARCHAR FROM P1000 GROUP BY TSMALLINT, TINTEGER, TBIGINT, TREAL, TDOUBLE, TFLOAT, TDECIMAL, TNUMERIC, TDATE, TCHAR, TVARCHAR) WITH DATA;
0 rows affected
Running time elapsed:     14.70 Seconds
SQL> -- 查看返回结果
SQL> SELECT * FROM T_TYPE_ALL ORDER BY TSMALLINT,TINTEGER,TBIGINT LIMIT 10;
+-----------+----------+--------------+---------+---------+---------+----------+-----------+------------+-----------------------------------------------------------------------------------------------------------------------------------------------------------------------------------------------------------------------------------------------------------------+------------------------------------------------------------------------------------------------------+
| TSMALLINT | TINTEGER | TBIGINT      | TREAL   | TDOUBLE | TFLOAT  | TDECIMAL | TNUMERIC  | TDATE      | TCHAR                                                                                                                                                                                                                                                           | TVARCHAR                                                                                             |
+-----------+----------+--------------+---------+---------+---------+----------+-----------+------------+-----------------------------------------------------------------------------------------------------------------------------------------------------------------------------------------------------------------------------------------------------------------+------------------------------------------------------------------------------------------------------+
| <null>    | <null>   | 34130337068  | 10.99   | 1948.44 | 6246.3  | 4229.26  | 4841.332  | 1999-6-6   | wRKHGeqfDfFmM8a0YNsHUT11i1SaXFAU7iiMsD1s09KxbrSMbj                                                                                                                                                                                                              | qEdVeTlPOUSLqJllrtb5rV5WfeTNTGaswpPVBNMqbCdbnn0Eh9FpyNtv3MUgrm1BgGfbmWZIfM3PVIHskcBZkfueJVos7EuRtYTs |
| <null>    | <null>   | 158247007637 | 7775.34 | 9959.5  | 1406.35 | 8021.41  | 2083.0164 | 2045-9-1   | LPKFRYj4A6ZNxRa0oz0X5iIpc6n8FgkY9ZUqG3uRWazpjRFrki                                                                                                                                                                                                              | aUE8YdRLqGz8WArVZ1Wog4Rq5AyDj77DrocSsbGHRu8jph7GCHofC8D21FdDESv58DbitdSx292F7VDWICc6YWcrXuHtxR2ocIpB |
| <null>    | <null>   | 257861721593 | 3455.34 | 7637.31 | 8812.47 | 1946.29  | 3231.3036 | 2006-5-28  | 1NXeSRrAllwBcScGayPlsrHrfPkpzX8WbLzgDFXuDVv3duSCER                                                                                                                                                                                                              | 7PThF6mggvPqpecDB8olekB7SAPRVibkWXHNDHD7XoDkpl7IaKlgHzF0kTcFOYEqVyP5Hs6L9zIC16wS0l53JYmhV0L9qUZahYR4 |
| <null>    | <null>   | 274521581265 | 4726.48 | 7572.9  | 6111.26 | 9068.56  | 9980.914  | 1985-10-12 | ESlHTHlNhLSBBcMewTh9qd4YBSpmN4x5tqfIYBNBy9EsNokL13                                                                                                                                                                                                              | WxAEObLFsEmpaMy1ONNAkeCKiKsCKB8GroigpHwY0M9fEFIW3GmRbT2vcJMtCJfP98b12JjPqeqYqI14xHvwGPxEXdNSbZjVlBBR |
| <null>    | <null>   | 311045371435 | 4341.76 | 2624.37 | 1172.29 | 1135.63  | 1040.9766 | 2000-8-13  | N897eNz7wue3oT14T5qnNAaJTLWloHGOxvZBvgTzEDWzRfbuxF                                                                                                                                                                                                              | KwwRmyqzRM70aiHa8ZLfHsm4820xiqdEXBGe5HID7Snm6g7tC2PxOVSbXU7RgFIAtbu8ONJGDsGiWZXNIB3bqZO3h6sxtxdMyMBh |
| <null>    | <null>   | 479915003624 | 6098.76 | 8005.03 | 4144.44 | 942.67   | 4191.9158 | 2016-1-28  | wp0svL9ohMDDRTlmrsZMFbVrIz2FFc5qykIkWSOL39c3UIDsBH                                                                                                                                                                                                              | rd1DVhCuf81qlqHKdwWwSBIzXkLZ4PAB3oo1K6mtFwxD2jWoSrBDPwCdULl0WO1GoNBwB7KhF3TRg4eot9HHDDfCsq3hOGATurJH |
| <null>    | <null>   | 554192202353 | 9442.26 | 8517.21 | 2643.14 | 4647.84  | 4861.0862 | 2045-6-27  | Dm4ACAr2VcWVRjJEFRvzN3RRMo45Fte5SYCyuMgyLCUOXvJCEL                                                                                                                                                                                                              | pYD7RbDRlhj0tzfFMEIta6e8zPbWJXYBFV5HYrfArU43GcurXpY2nM5k9uOOHN9TVnkMy6PTB457VVUq7BsWrZMnvmPDORUIr9KH |
| <null>    | <null>   | 613953330964 | 3439.11 | 6138.93 | 3067.62 | 1758.09  | 2164.5561 | 2030-12-21 | 5g2FS0B9GYqf4NGDzwHpwuhuwg6ztdVaNP9B7tA2IRTjeBDIlM                                                                                                                                                                                                              | hoHYVKo7kagLMwi8LfTEM9S3tLR1AlSgNElKhS5lDGjERohRHCbAv7O87MoivwyVaKITUm5yq55AHlsSTz8BEAGj5chxD7Efe9vj |
| <null>    | <null>   | 625306060599 | 9152.69 | 190.55  | 7490.07 | 467.54   | 2545.344  | 2010-10-14 | Z5dgE07OFLy0fEC6CGzRRdkIJAwvABOYLf71ngf5E9vReaoVGk                                                                                                                                                                                                              | ZYCze4NbGyGc58YZJuw9lxvgW1oeZCcDuRncnatkpCJbZam4HnSRmqpF8RCjDqR93TNOLY2DtxHHGN2geBFiiPXXnMdOsoC9G1v7 |
| <null>    | <null>   | 668153524516 | 3262.64 | 3149.93 | 1458.95 | 3231.78  | 922.1406  | 2002-7-21  | 5x3pnTGEv1cjDrpsNZZSKkn2POsAGZkM4nesCRAT7RzyOWaHCb                                                                                                                                                                                                              | srwiGWLoidW7bpO0MpP8ZVWi2lCzKK3DHIBxBVUstCEI6WJh2fVYftIVk4Dmi2V9lBHA2ASvwycWuDZ93F5GdICMWpvq5q3BOlCb |
+-----------+----------+--------------+---------+---------+---------+----------+-----------+------------+-----------------------------------------------------------------------------------------------------------------------------------------------------------------------------------------------------------------------------------------------------------------+------------------------------------------------------------------------------------------------------+
10 rows selected.
Running time elapsed:      1.76 Seconds
SQL> 
SQL> 
SQL> -- drop创建的表
SQL> DROP TABLE T_TYPE_SMALLINT IF EXISTS;
0 rows affected
Running time elapsed:      0.18 Seconds
SQL> DROP TABLE T_TYPE_INTEGER IF EXISTS;
0 rows affected
Running time elapsed:      0.15 Seconds
SQL> DROP TABLE T_TYPE_BIGINT IF EXISTS;
0 rows affected
Running time elapsed:      0.15 Seconds
SQL> DROP TABLE T_TYPE_REAL IF EXISTS;
0 rows affected
Running time elapsed:      0.08 Seconds
SQL> DROP TABLE T_TYPE_DOUBLE IF EXISTS;
0 rows affected
Running time elapsed:      0.09 Seconds
SQL> DROP TABLE T_TYPE_FLOAT IF EXISTS;
0 rows affected
Running time elapsed:      0.09 Seconds
SQL> DROP TABLE T_TYPE_DECIMAL IF EXISTS;
0 rows affected
Running time elapsed:      0.09 Seconds
SQL> DROP TABLE T_TYPE_NUMERIC IF EXISTS;
0 rows affected
Running time elapsed:      0.08 Seconds
SQL> DROP TABLE T_TYPE_DATE IF EXISTS;
0 rows affected
Running time elapsed:      0.07 Seconds
SQL> DROP TABLE T_TYPE_TIMESTAMP IF EXISTS;
0 rows affected
Running time elapsed:      0.08 Seconds
SQL> DROP TABLE T_TYPE_BOOL IF EXISTS;
0 rows affected
Running time elapsed:      0.06 Seconds
SQL> DROP TABLE T_TYPE_CHAR IF EXISTS;
0 rows affected
Running time elapsed:      0.07 Seconds
SQL> DROP TABLE T_TYPE_VARCHAR IF EXISTS;
0 rows affected
Running time elapsed:      0.08 Seconds
SQL> DROP TABLE T_TYPE_INTS IF EXISTS;
0 rows affected
Running time elapsed:      0.18 Seconds
SQL> DROP TABLE T_TYPE_FLOATS IF EXISTS;
0 rows affected
Running time elapsed:      0.09 Seconds
SQL> DROP TABLE T_TYPE_CHARS IF EXISTS;
0 rows affected
Running time elapsed:      0.08 Seconds
SQL> DROP TABLE T_TYPE_DATES IF EXISTS;
0 rows affected
Running time elapsed:      0.08 Seconds
SQL> DROP TABLE T_TYPE_ARRAY4 IF EXISTS;
0 rows affected
Running time elapsed:      0.08 Seconds
SQL> DROP TABLE T_TYPE_ARRAY21 IF EXISTS;
0 rows affected
Running time elapsed:      0.09 Seconds
SQL> DROP TABLE T_TYPE_ARRAY22 IF EXISTS;
0 rows affected
Running time elapsed:      0.15 Seconds
SQL> DROP TABLE T_TYPE_ARRAY23 IF EXISTS;
0 rows affected
Running time elapsed:      0.17 Seconds
SQL> DROP TABLE T_TYPE_ARRAY31 IF EXISTS;
0 rows affected
Running time elapsed:      0.14 Seconds
SQL> DROP TABLE T_TYPE_ARRAY32 IF EXISTS;
0 rows affected
Running time elapsed:      0.18 Seconds
SQL> DROP TABLE T_TYPE_ARRAY33 IF EXISTS;
0 rows affected
Running time elapsed:      0.20 Seconds
SQL> DROP TABLE T_TYPE_ALL IF EXISTS;
0 rows affected
Running time elapsed:      0.14 Seconds
Running time elapsed:    332.35 Seconds
SQL> exit
Disconnected.
