SQLCli Release 0.0.58
SQL> connect admin/123456
Database connected.
SQL> start GroupBy.sql
SQL> -- Description：
   > --             LDB专项测试
   > --             1.group by 全部类型
   > --             2.insert 到其他表
   > --             3.直接返回结果
   > -- Date：2020-05-09
   > -- Author：李爱敏
SQL> SET ECHO ON
SQL> SET TIMING ON
Running time elapsed:      0.00 Seconds
SQL> 
SQL> -- GROUP BY语法
   > -- 穷举所有数据类型进行group by查询
SQL> SELECT TSMALLINT FROM P1000 GROUP BY TSMALLINT ORDER BY TSMALLINT LIMIT 10;
+-----------+
| TSMALLINT |
+-----------+
| 16        |
| 30        |
| 38        |
| 70        |
| 75        |
| 86        |
| 111       |
| 112       |
| 186       |
| 232       |
+-----------+
10 rows selected.
Running time elapsed:      1.40 Seconds
SQL> -- 把查询出的数据insert到T_TYPE_SMALLINT表中
SQL> DROP TABLE T_TYPE_SMALLINT IF EXISTS;
0 rows affected
Running time elapsed:      0.22 Seconds
SQL> CREATE TABLE T_TYPE_SMALLINT AS (SELECT TSMALLINT FROM P1000 GROUP BY TSMALLINT) WITH DATA;
0 rows affected
Running time elapsed:      8.10 Seconds
SQL> -- 查看返回结果
SQL> SELECT * FROM T_TYPE_SMALLINT ORDER BY TSMALLINT LIMIT 10;
+-----------+
| TSMALLINT |
+-----------+
| 16        |
| 30        |
| 38        |
| 70        |
| 75        |
| 86        |
| 111       |
| 112       |
| 186       |
| 232       |
+-----------+
10 rows selected.
Running time elapsed:      0.83 Seconds
SQL> SELECT TINTEGER FROM P1000 GROUP BY TINTEGER ORDER BY TINTEGER LIMIT 10;
+----------+
| TINTEGER |
+----------+
| 2777     |
| 3358     |
| 4990     |
| 8244     |
| 24674    |
| 36068    |
| 36565    |
| 39351    |
| 40111    |
| 43988    |
+----------+
10 rows selected.
Running time elapsed:      1.62 Seconds
SQL> -- 把查询出的数据insert到T_TYPE_INTEGER表中
SQL> DROP TABLE T_TYPE_INTEGER IF EXISTS;
0 rows affected
Running time elapsed:      0.12 Seconds
SQL> CREATE TABLE T_TYPE_INTEGER AS (SELECT TINTEGER FROM P1000 GROUP BY TINTEGER) WITH DATA;
0 rows affected
Running time elapsed:      7.56 Seconds
SQL> -- 查看返回结果
SQL> SELECT * FROM T_TYPE_INTEGER ORDER BY TINTEGER LIMIT 10;
+----------+
| TINTEGER |
+----------+
| 2777     |
| 3358     |
| 4990     |
| 8244     |
| 24674    |
| 36068    |
| 36565    |
| 39351    |
| 40111    |
| 43988    |
+----------+
10 rows selected.
Running time elapsed:      1.24 Seconds
SQL> SELECT TBIGINT FROM P1000 GROUP BY TBIGINT ORDER BY TBIGINT LIMIT 10;
+-----------+
| TBIGINT   |
+-----------+
| 27770954  |
| 33582059  |
| 49909414  |
| 82449639  |
| 246745776 |
| 360689167 |
| 365656026 |
| 393510421 |
| 401113184 |
| 439883390 |
+-----------+
10 rows selected.
Running time elapsed:      1.35 Seconds
SQL> -- 把查询出的数据insert到T_TYPE_BIGINT表中
SQL> DROP TABLE T_TYPE_BIGINT IF EXISTS;
0 rows affected
Running time elapsed:      0.23 Seconds
SQL> CREATE TABLE T_TYPE_BIGINT AS (SELECT TBIGINT FROM P1000 GROUP BY TBIGINT)  WITH DATA;
0 rows affected
Running time elapsed:      9.00 Seconds
SQL> -- 查看返回结果
SQL> SELECT * FROM T_TYPE_BIGINT ORDER BY TBIGINT LIMIT 10;
+-----------+
| TBIGINT   |
+-----------+
| 27770954  |
| 33582059  |
| 49909414  |
| 82449639  |
| 246745776 |
| 360689167 |
| 365656026 |
| 393510421 |
| 401113184 |
| 439883390 |
+-----------+
10 rows selected.
Running time elapsed:      0.87 Seconds
SQL> SELECT TREAL FROM P1000 GROUP BY TREAL ORDER BY TREAL LIMIT 10;
+-------+
| TREAL |
+-------+
| 16.0  |
| 16.02 |
| 16.03 |
| 16.04 |
| 16.05 |
| 16.07 |
| 16.08 |
| 16.11 |
| 16.12 |
| 16.13 |
+-------+
10 rows selected.
Running time elapsed:      1.58 Seconds
SQL> -- 把查询出的数据insert到T_TYPE_REAL表中
SQL> DROP TABLE T_TYPE_REAL IF EXISTS;
0 rows affected
Running time elapsed:      0.22 Seconds
SQL> CREATE TABLE T_TYPE_REAL AS (SELECT TREAL FROM P1000 GROUP BY TREAL) WITH DATA;
0 rows affected
Running time elapsed:      7.93 Seconds
SQL> -- 查看返回结果
SQL> SELECT * FROM T_TYPE_REAL ORDER BY TREAL LIMIT 10;
+-------+
| TREAL |
+-------+
| 16.0  |
| 16.02 |
| 16.03 |
| 16.04 |
| 16.05 |
| 16.07 |
| 16.08 |
| 16.11 |
| 16.12 |
| 16.13 |
+-------+
10 rows selected.
Running time elapsed:      0.87 Seconds
SQL> SELECT TDOUBLE FROM P1000 GROUP BY TDOUBLE ORDER BY TDOUBLE LIMIT 10;
+---------+
| TDOUBLE |
+---------+
| 16.0    |
| 16.02   |
| 16.03   |
| 16.04   |
| 16.05   |
| 16.07   |
| 16.08   |
| 16.11   |
| 16.12   |
| 16.13   |
+---------+
10 rows selected.
Running time elapsed:      1.59 Seconds
SQL> -- 把查询出的数据insert到T_TYPE_DOUBLE表中
SQL> DROP TABLE T_TYPE_DOUBLE IF EXISTS;
0 rows affected
Running time elapsed:      0.21 Seconds
SQL> CREATE TABLE T_TYPE_DOUBLE AS (SELECT TDOUBLE FROM P1000 GROUP BY TDOUBLE) WITH DATA;
0 rows affected
Running time elapsed:      8.04 Seconds
SQL> -- 查看返回结果
SQL> SELECT * FROM T_TYPE_DOUBLE ORDER BY TDOUBLE LIMIT 10;
+---------+
| TDOUBLE |
+---------+
| 16.0    |
| 16.02   |
| 16.03   |
| 16.04   |
| 16.05   |
| 16.07   |
| 16.08   |
| 16.11   |
| 16.12   |
| 16.13   |
+---------+
10 rows selected.
Running time elapsed:      0.79 Seconds
SQL> SELECT TFLOAT FROM P1000 GROUP BY TFLOAT ORDER BY TFLOAT LIMIT 10;
+--------+
| TFLOAT |
+--------+
| 16.0   |
| 16.02  |
| 16.03  |
| 16.04  |
| 16.05  |
| 16.07  |
| 16.08  |
| 16.11  |
| 16.12  |
| 16.13  |
+--------+
10 rows selected.
Running time elapsed:      1.66 Seconds
SQL> -- 把查询出的数据insert到T_TYPE_FLOAT表中
SQL> DROP TABLE T_TYPE_FLOAT IF EXISTS;
0 rows affected
Running time elapsed:      0.22 Seconds
SQL> CREATE TABLE T_TYPE_FLOAT AS (SELECT TFLOAT FROM P1000 GROUP BY TFLOAT) WITH DATA;
0 rows affected
Running time elapsed:      8.08 Seconds
SQL> -- 查看返回结果
SQL> SELECT * FROM T_TYPE_FLOAT ORDER BY TFLOAT LIMIT 10;
+--------+
| TFLOAT |
+--------+
| 16.0   |
| 16.02  |
| 16.03  |
| 16.04  |
| 16.05  |
| 16.07  |
| 16.08  |
| 16.11  |
| 16.12  |
| 16.13  |
+--------+
10 rows selected.
Running time elapsed:      0.84 Seconds
SQL> SELECT TDECIMAL FROM P1000 GROUP BY TDECIMAL ORDER BY TDECIMAL LIMIT 10;
+----------+
| TDECIMAL |
+----------+
| 16.0     |
| 16.02    |
| 16.03    |
| 16.04    |
| 16.05    |
| 16.07    |
| 16.08    |
| 16.11    |
| 16.12    |
| 16.13    |
+----------+
10 rows selected.
Running time elapsed:      2.20 Seconds
SQL> -- 把查询出的数据insert到T_TYPE_DECIMAL表中
SQL> DROP TABLE T_TYPE_DECIMAL IF EXISTS;
0 rows affected
Running time elapsed:      0.06 Seconds
SQL> CREATE TABLE T_TYPE_DECIMAL AS (SELECT TDECIMAL FROM P1000 GROUP BY TDECIMAL) WITH DATA;
0 rows affected
Running time elapsed:      8.25 Seconds
SQL> -- 查看返回结果
SQL> SELECT * FROM T_TYPE_DECIMAL ORDER BY TDECIMAL LIMIT 10;
+----------+
| TDECIMAL |
+----------+
| 16.0     |
| 16.02    |
| 16.03    |
| 16.04    |
| 16.05    |
| 16.07    |
| 16.08    |
| 16.11    |
| 16.12    |
| 16.13    |
+----------+
10 rows selected.
Running time elapsed:      0.86 Seconds
SQL> SELECT TNUMERIC FROM P1000 GROUP BY TNUMERIC ORDER BY TNUMERIC LIMIT 10;
+----------+
| TNUMERIC |
+----------+
| 16.0016  |
| 16.003   |
| 16.0038  |
| 16.007   |
| 16.0075  |
| 16.0086  |
| 16.0111  |
| 16.0112  |
| 16.0186  |
| 16.0232  |
+----------+
10 rows selected.
Running time elapsed:      2.30 Seconds
SQL> -- 把查询出的数据insert到T_TYPE_NUMERIC表中
SQL> DROP TABLE T_TYPE_NUMERIC IF EXISTS;
0 rows affected
Running time elapsed:      0.41 Seconds
SQL> CREATE TABLE T_TYPE_NUMERIC AS (SELECT TNUMERIC FROM P1000 GROUP BY TNUMERIC) WITH DATA;
0 rows affected
Running time elapsed:      8.21 Seconds
SQL> -- 查看返回结果
SQL> SELECT * FROM T_TYPE_NUMERIC ORDER BY TNUMERIC LIMIT 10;
+----------+
| TNUMERIC |
+----------+
| 16.0016  |
| 16.003   |
| 16.0038  |
| 16.007   |
| 16.0075  |
| 16.0086  |
| 16.0111  |
| 16.0112  |
| 16.0186  |
| 16.0232  |
+----------+
10 rows selected.
Running time elapsed:      0.84 Seconds
SQL> SELECT TDATE FROM P1000 GROUP BY TDATE ORDER BY TDATE LIMIT 10;
+-----------+
| TDATE     |
+-----------+
| 1979-1-1  |
| 1979-1-2  |
| 1979-1-3  |
| 1979-1-4  |
| 1979-1-5  |
| 1979-1-6  |
| 1979-1-7  |
| 1979-1-8  |
| 1979-1-9  |
| 1979-1-10 |
+-----------+
10 rows selected.
Running time elapsed:      1.78 Seconds
SQL> -- 把查询出的数据insert到T_TYPE_DATE表中
SQL> DROP TABLE T_TYPE_DATE IF EXISTS;
0 rows affected
Running time elapsed:      0.20 Seconds
SQL> CREATE TABLE T_TYPE_DATE AS (SELECT TDATE FROM P1000 GROUP BY TDATE) WITH DATA;
0 rows affected
Running time elapsed:      7.44 Seconds
SQL> SELECT * FROM T_TYPE_DATE ORDER BY TDATE LIMIT 10;
+-----------+
| TDATE     |
+-----------+
| 1979-1-1  |
| 1979-1-2  |
| 1979-1-3  |
| 1979-1-4  |
| 1979-1-5  |
| 1979-1-6  |
| 1979-1-7  |
| 1979-1-8  |
| 1979-1-9  |
| 1979-1-10 |
+-----------+
10 rows selected.
Running time elapsed:      1.14 Seconds
SQL> SELECT TTIMESTAMP FROM P1000 GROUP BY TTIMESTAMP ORDER BY TTIMESTAMP LIMIT 10;
+---------------------+
| TTIMESTAMP          |
+---------------------+
| 1979-01-01 00:00:31 |
| 1979-01-01 00:02:27 |
| 1979-01-01 00:08:21 |
| 1979-01-01 00:10:29 |
| 1979-01-01 00:13:48 |
| 1979-01-01 00:17:18 |
| 1979-01-01 00:25:36 |
| 1979-01-01 00:25:59 |
| 1979-01-01 00:26:26 |
| 1979-01-01 00:30:20 |
+---------------------+
10 rows selected.
Running time elapsed:      2.24 Seconds
SQL> -- 把查询出的数据insert到T_TYPE_TIMESTAMP表中
SQL> DROP TABLE T_TYPE_TIMESTAMP IF EXISTS;
0 rows affected
Running time elapsed:      0.20 Seconds
SQL> CREATE TABLE T_TYPE_TIMESTAMP AS (SELECT TTIMESTAMP FROM P1000 GROUP BY TTIMESTAMP) WITH DATA;
0 rows affected
Running time elapsed:     10.24 Seconds
SQL> -- 查看返回结果
SQL> SELECT * FROM T_TYPE_TIMESTAMP ORDER BY TTIMESTAMP LIMIT 10;
+---------------------+
| TTIMESTAMP          |
+---------------------+
| 1979-01-01 00:00:31 |
| 1979-01-01 00:02:27 |
| 1979-01-01 00:08:21 |
| 1979-01-01 00:10:29 |
| 1979-01-01 00:13:48 |
| 1979-01-01 00:17:18 |
| 1979-01-01 00:25:36 |
| 1979-01-01 00:25:59 |
| 1979-01-01 00:26:26 |
| 1979-01-01 00:30:20 |
+---------------------+
10 rows selected.
Running time elapsed:      1.19 Seconds
SQL> SELECT TBOOL FROM P1000 GROUP BY TBOOL ORDER BY TBOOL LIMIT 10;
+-------+
| TBOOL |
+-------+
| False |
| True  |
+-------+
2 rows selected.
Running time elapsed:      1.04 Seconds
SQL> -- 把查询出的数据insert到T_TYPE_BOOL表中
SQL> DROP TABLE T_TYPE_BOOL IF EXISTS;
0 rows affected
Running time elapsed:      0.20 Seconds
SQL> CREATE TABLE T_TYPE_BOOL AS (SELECT TBOOL FROM P1000 GROUP BY TBOOL) WITH DATA;
0 rows affected
Running time elapsed:      2.47 Seconds
SQL> -- 查看返回结果
SQL> SELECT * FROM T_TYPE_BOOL ORDER BY TBOOL LIMIT 10;
+-------+
| TBOOL |
+-------+
| False |
| True  |
+-------+
2 rows selected.
Running time elapsed:      0.46 Seconds
SQL> SELECT TCHAR FROM P1000 GROUP BY TCHAR ORDER BY TCHAR LIMIT 10;
+-----------------------------------------------------------------------------------------------------------------------------------------------------------------------------------------------------------------------------------------------------------------+
| TCHAR                                                                                                                                                                                                                                                           |
+-----------------------------------------------------------------------------------------------------------------------------------------------------------------------------------------------------------------------------------------------------------------+
| 00Yp4DMxZ9hPOVwsqXazo141sCXqxnluJF7YH2NRveJZx3XJbd                                                                                                                                                                                                              |
| 01fenKRX0xnAlT5KcHsM3FogARg6T1UnLEsvrgtNsm5Xce2oEY                                                                                                                                                                                                              |
| 0211FEbiYdJUGnFxH91Xnrhcn3tAqnXAF3P3cbeDCYCEN63Kqh                                                                                                                                                                                                              |
| 02MzKlKczsTbzNdEhEqr1vim4uyCHtzS9G1vf6H9wsv8XpqeeE                                                                                                                                                                                                              |
| 03K4tOHEje2KLkocP5iGfgZFWCEM1y7X7sDwCZcd6yhY5j1yH4                                                                                                                                                                                                              |
| 04cW1XDXbpVzcjGcgwdUxIHKjbac0smxGrG6fMsA3OEGN7SDbl                                                                                                                                                                                                              |
| 05DReCgk1YlG515yiRPdf12XgNHVXRMtjoTe7dwPRIJuj1A4e5                                                                                                                                                                                                              |
| 0618kq7yjlFM3fRzgFGZyswvLrYudK1snuGTuZXmPUsoM7CHTm                                                                                                                                                                                                              |
| 06Xzyij776CSPxIbVKCEDjiLIgDqlgywPfBXD4FM5L1xCRu5FI                                                                                                                                                                                                              |
| 06gf53PWtrpKOVHqToc6gKTo9Gq5z54Mi9aMvGDcxlKyOZ6IK5                                                                                                                                                                                                              |
+-----------------------------------------------------------------------------------------------------------------------------------------------------------------------------------------------------------------------------------------------------------------+
10 rows selected.
Running time elapsed:      1.61 Seconds
SQL> -- 把查询出的数据insert到T_TYPE_CHAR表中
SQL> DROP TABLE T_TYPE_CHAR IF EXISTS;
0 rows affected
Running time elapsed:      0.17 Seconds
SQL> CREATE TABLE T_TYPE_CHAR AS (SELECT TCHAR FROM P1000 GROUP BY TCHAR) WITH DATA;
0 rows affected
Running time elapsed:      7.94 Seconds
SQL> -- 查看返回结果
SQL> SELECT * FROM T_TYPE_CHAR ORDER BY TCHAR LIMIT 10;
+-----------------------------------------------------------------------------------------------------------------------------------------------------------------------------------------------------------------------------------------------------------------+
| TCHAR                                                                                                                                                                                                                                                           |
+-----------------------------------------------------------------------------------------------------------------------------------------------------------------------------------------------------------------------------------------------------------------+
| 00Yp4DMxZ9hPOVwsqXazo141sCXqxnluJF7YH2NRveJZx3XJbd                                                                                                                                                                                                              |
| 01fenKRX0xnAlT5KcHsM3FogARg6T1UnLEsvrgtNsm5Xce2oEY                                                                                                                                                                                                              |
| 0211FEbiYdJUGnFxH91Xnrhcn3tAqnXAF3P3cbeDCYCEN63Kqh                                                                                                                                                                                                              |
| 02MzKlKczsTbzNdEhEqr1vim4uyCHtzS9G1vf6H9wsv8XpqeeE                                                                                                                                                                                                              |
| 03K4tOHEje2KLkocP5iGfgZFWCEM1y7X7sDwCZcd6yhY5j1yH4                                                                                                                                                                                                              |
| 04cW1XDXbpVzcjGcgwdUxIHKjbac0smxGrG6fMsA3OEGN7SDbl                                                                                                                                                                                                              |
| 05DReCgk1YlG515yiRPdf12XgNHVXRMtjoTe7dwPRIJuj1A4e5                                                                                                                                                                                                              |
| 0618kq7yjlFM3fRzgFGZyswvLrYudK1snuGTuZXmPUsoM7CHTm                                                                                                                                                                                                              |
| 06Xzyij776CSPxIbVKCEDjiLIgDqlgywPfBXD4FM5L1xCRu5FI                                                                                                                                                                                                              |
| 06gf53PWtrpKOVHqToc6gKTo9Gq5z54Mi9aMvGDcxlKyOZ6IK5                                                                                                                                                                                                              |
+-----------------------------------------------------------------------------------------------------------------------------------------------------------------------------------------------------------------------------------------------------------------+
10 rows selected.
Running time elapsed:      0.76 Seconds
SQL> SELECT TVARCHAR FROM P1000 GROUP BY TVARCHAR ORDER BY TVARCHAR LIMIT 10;
+------------------------------------------------------------------------------------------------------+
| TVARCHAR                                                                                             |
+------------------------------------------------------------------------------------------------------+
| 00Yp4DMxZ9hPOVwsqXazo141sCXqxnluJF7YH2NRveJZx3XJbdcdKUGWvVLD9YjfYlb2xrcTY8dTr00Ldbx9iAo2UreComC7je2g |
| 01fenKRX0xnAlT5KcHsM3FogARg6T1UnLEsvrgtNsm5Xce2oEYDsZYRRxET579FCaXdtYz4uzKPdBCzo3LRc6G6olGhDzkpze7J0 |
| 0211FEbiYdJUGnFxH91Xnrhcn3tAqnXAF3P3cbeDCYCEN63KqhBHucNjzzzl0SxBk2YlD4YKvWDgfETgfB1KjZwVxhXWylD7nO89 |
| 02MzKlKczsTbzNdEhEqr1vim4uyCHtzS9G1vf6H9wsv8XpqeeEzTxks6Gy7rXDAhYzndgrch9bVRsD9748tdWMUR8UdSiNL2HE1T |
| 03K4tOHEje2KLkocP5iGfgZFWCEM1y7X7sDwCZcd6yhY5j1yH4LlRhRHZHAysZY77hqzb4NzjM03TNZJVPzqmiIwE2LxfVFGsA4N |
| 04cW1XDXbpVzcjGcgwdUxIHKjbac0smxGrG6fMsA3OEGN7SDblJ9k4MxFOHzH5mvAlVROEdDdN9hHZY2icRfRdGSJfVs4qCu06G1 |
| 05DReCgk1YlG515yiRPdf12XgNHVXRMtjoTe7dwPRIJuj1A4e5q4l1yqUxxwGnPUvq6aHeUXIoUHm9vJiA7Z7vnwWUKPVwIZ07Si |
| 0618kq7yjlFM3fRzgFGZyswvLrYudK1snuGTuZXmPUsoM7CHTmg0UOLBsxUJybSvUAz94gUVKRH7CorhtNeqNTgxMvlGUSVV7skF |
| 06Xzyij776CSPxIbVKCEDjiLIgDqlgywPfBXD4FM5L1xCRu5FIt4IYGcI31FjkBgfdXB7g4VddNCLsHJ96BMBxKRoV0RxRCevRUq |
| 06gf53PWtrpKOVHqToc6gKTo9Gq5z54Mi9aMvGDcxlKyOZ6IK5TXR48KpyquIAIeZe25WuZFaRMENDBV8PFDLRpHK9UyHsxFo1Tw |
+------------------------------------------------------------------------------------------------------+
10 rows selected.
Running time elapsed:      1.59 Seconds
SQL> -- 把查询出的数据insert到T_TYPE_VARCHAR表中
SQL> DROP TABLE T_TYPE_VARCHAR IF EXISTS;
0 rows affected
Running time elapsed:      0.20 Seconds
SQL> CREATE TABLE T_TYPE_VARCHAR AS (SELECT TVARCHAR FROM P1000 GROUP BY TVARCHAR) WITH DATA;
0 rows affected
Running time elapsed:      7.91 Seconds
SQL> -- 查看返回结果
SQL> SELECT * FROM T_TYPE_VARCHAR ORDER BY TVARCHAR LIMIT 10;
+------------------------------------------------------------------------------------------------------+
| TVARCHAR                                                                                             |
+------------------------------------------------------------------------------------------------------+
| 00Yp4DMxZ9hPOVwsqXazo141sCXqxnluJF7YH2NRveJZx3XJbdcdKUGWvVLD9YjfYlb2xrcTY8dTr00Ldbx9iAo2UreComC7je2g |
| 01fenKRX0xnAlT5KcHsM3FogARg6T1UnLEsvrgtNsm5Xce2oEYDsZYRRxET579FCaXdtYz4uzKPdBCzo3LRc6G6olGhDzkpze7J0 |
| 0211FEbiYdJUGnFxH91Xnrhcn3tAqnXAF3P3cbeDCYCEN63KqhBHucNjzzzl0SxBk2YlD4YKvWDgfETgfB1KjZwVxhXWylD7nO89 |
| 02MzKlKczsTbzNdEhEqr1vim4uyCHtzS9G1vf6H9wsv8XpqeeEzTxks6Gy7rXDAhYzndgrch9bVRsD9748tdWMUR8UdSiNL2HE1T |
| 03K4tOHEje2KLkocP5iGfgZFWCEM1y7X7sDwCZcd6yhY5j1yH4LlRhRHZHAysZY77hqzb4NzjM03TNZJVPzqmiIwE2LxfVFGsA4N |
| 04cW1XDXbpVzcjGcgwdUxIHKjbac0smxGrG6fMsA3OEGN7SDblJ9k4MxFOHzH5mvAlVROEdDdN9hHZY2icRfRdGSJfVs4qCu06G1 |
| 05DReCgk1YlG515yiRPdf12XgNHVXRMtjoTe7dwPRIJuj1A4e5q4l1yqUxxwGnPUvq6aHeUXIoUHm9vJiA7Z7vnwWUKPVwIZ07Si |
| 0618kq7yjlFM3fRzgFGZyswvLrYudK1snuGTuZXmPUsoM7CHTmg0UOLBsxUJybSvUAz94gUVKRH7CorhtNeqNTgxMvlGUSVV7skF |
| 06Xzyij776CSPxIbVKCEDjiLIgDqlgywPfBXD4FM5L1xCRu5FIt4IYGcI31FjkBgfdXB7g4VddNCLsHJ96BMBxKRoV0RxRCevRUq |
| 06gf53PWtrpKOVHqToc6gKTo9Gq5z54Mi9aMvGDcxlKyOZ6IK5TXR48KpyquIAIeZe25WuZFaRMENDBV8PFDLRpHK9UyHsxFo1Tw |
+------------------------------------------------------------------------------------------------------+
10 rows selected.
Running time elapsed:      0.86 Seconds
SQL> 
SQL> 
SQL> -- 不同数据类型组合进行group by查询
   > -- 3种整型数据类型组合
SQL> SELECT TSMALLINT,TINTEGER,TBIGINT FROM P1000 GROUP BY TSMALLINT, TINTEGER,TBIGINT ORDER BY TSMALLINT LIMIT 10;
+-----------+----------+--------------+
| TSMALLINT | TINTEGER | TBIGINT      |
+-----------+----------+--------------+
| 16        | 45391597 | 563859226725 |
| 16        | 7832701  | 812687974560 |
| 16        | 15628886 | 176477456501 |
| 16        | 91525463 | 117076024985 |
| 16        | 74990981 | 436697313072 |
| 16        | 50417200 | 406004053509 |
| 16        | 37476347 | 362920719548 |
| 16        | 52666275 | 713760246479 |
| 16        | 49619722 | 318417754963 |
| 16        | 3738743  | 604786468508 |
+-----------+----------+--------------+
10 rows selected.
Running time elapsed:      2.36 Seconds
SQL> -- 把查询出的数据insert到T_TYPE_INTS表中
SQL> DROP TABLE T_TYPE_INTS IF EXISTS;
0 rows affected
Running time elapsed:      0.45 Seconds
SQL> CREATE TABLE T_TYPE_INTS AS (SELECT TSMALLINT,TINTEGER,TBIGINT FROM P1000 GROUP BY TSMALLINT, TINTEGER,TBIGINT) WITH DATA;
0 rows affected
Running time elapsed:      7.76 Seconds
SQL> -- 查看返回结果
SQL> SELECT * FROM T_TYPE_INTS ORDER BY TSMALLINT LIMIT 10;
+-----------+----------+--------------+
| TSMALLINT | TINTEGER | TBIGINT      |
+-----------+----------+--------------+
| 16        | 34616147 | 531038315656 |
| 16        | 76241779 | 414648046694 |
| 16        | 16259360 | 191506575155 |
| 16        | 75475035 | 699953829150 |
| 16        | 59657310 | 157411903713 |
| 16        | 43994081 | 447984822653 |
| 16        | 29363502 | 882123312479 |
| 16        | 849945   | 601600215102 |
| 16        | 16723048 | 39097542905  |
| 16        | 87719845 | 320426201626 |
+-----------+----------+--------------+
10 rows selected.
Running time elapsed:      0.96 Seconds
SQL> 
SQL> -- 5种浮点型数据类型组合
SQL> SELECT TREAL,TDOUBLE,TFLOAT,TDECIMAL,TNUMERIC FROM P1000 GROUP BY TREAL, TDOUBLE, TFLOAT, TDECIMAL, TNUMERIC ORDER BY TREAL,TDOUBLE,TFLOAT LIMIT 10;
+-------+---------+---------+----------+-----------+
| TREAL | TDOUBLE | TFLOAT  | TDECIMAL | TNUMERIC  |
+-------+---------+---------+----------+-----------+
| 16.0  | 75.53   | 9583.11 | 8130.61  | 5464.3584 |
| 16.0  | 407.57  | 1108.13 | 6729.75  | 375.3299  |
| 16.0  | 489.21  | 9140.73 | 9508.08  | 2529.8773 |
| 16.0  | 519.07  | 1871.99 | 2463.79  | 9367.9279 |
| 16.0  | 646.57  | 3815.67 | 8639.02  | 8288.4953 |
| 16.0  | 647.13  | 7154.53 | 6068.99  | 3797.2422 |
| 16.0  | 695.02  | 5559.33 | 3882.2   | 4768.8532 |
| 16.0  | 778.27  | 5509.41 | 8522.44  | 9361.9051 |
| 16.0  | 876.82  | 7574.84 | 5529.11  | 186.5201  |
| 16.0  | 927.11  | 2202.16 | 2282.82  | 948.4616  |
+-------+---------+---------+----------+-----------+
10 rows selected.
Running time elapsed:      1.82 Seconds
SQL> -- 把查询出的数据insert到T_TYPE_FLOATS表中
SQL> DROP TABLE T_TYPE_FLOATS IF EXISTS;
0 rows affected
Running time elapsed:      0.16 Seconds
SQL> CREATE TABLE T_TYPE_FLOATS AS (SELECT TREAL,TDOUBLE,TFLOAT,TDECIMAL,TNUMERIC FROM P1000 GROUP BY TREAL, TDOUBLE, TFLOAT, TDECIMAL, TNUMERIC) WITH DATA;
0 rows affected
Running time elapsed:      7.86 Seconds
SQL> -- 查看返回结果
SQL> SELECT * FROM T_TYPE_FLOATS ORDER BY TREAL,TDOUBLE,TFLOAT LIMIT 10;
+-------+---------+---------+----------+-----------+
| TREAL | TDOUBLE | TFLOAT  | TDECIMAL | TNUMERIC  |
+-------+---------+---------+----------+-----------+
| 16.0  | 75.53   | 9583.11 | 8130.61  | 5464.3584 |
| 16.0  | 407.57  | 1108.13 | 6729.75  | 375.3299  |
| 16.0  | 489.21  | 9140.73 | 9508.08  | 2529.8773 |
| 16.0  | 519.07  | 1871.99 | 2463.79  | 9367.9279 |
| 16.0  | 646.57  | 3815.67 | 8639.02  | 8288.4953 |
| 16.0  | 647.13  | 7154.53 | 6068.99  | 3797.2422 |
| 16.0  | 695.02  | 5559.33 | 3882.2   | 4768.8532 |
| 16.0  | 778.27  | 5509.41 | 8522.44  | 9361.9051 |
| 16.0  | 876.82  | 7574.84 | 5529.11  | 186.5201  |
| 16.0  | 927.11  | 2202.16 | 2282.82  | 948.4616  |
+-------+---------+---------+----------+-----------+
10 rows selected.
Running time elapsed:      1.09 Seconds
SQL> 
SQL> -- 2种字符型数据类型组合
SQL> SELECT TCHAR,TVARCHAR FROM P1000 GROUP BY TCHAR, TVARCHAR ORDER BY TCHAR LIMIT 10;
+-----------------------------------------------------------------------------------------------------------------------------------------------------------------------------------------------------------------------------------------------------------------+------------------------------------------------------------------------------------------------------+
| TCHAR                                                                                                                                                                                                                                                           | TVARCHAR                                                                                             |
+-----------------------------------------------------------------------------------------------------------------------------------------------------------------------------------------------------------------------------------------------------------------+------------------------------------------------------------------------------------------------------+
| 00Yp4DMxZ9hPOVwsqXazo141sCXqxnluJF7YH2NRveJZx3XJbd                                                                                                                                                                                                              | NXITOlHK29eJNoJxmnbJkxR8k6UlBN6mRgvDZLDg3KxGORaYPbBenwPgcNxV701FBBP4yj9DvRZgZ9Dvn9KivG3EvmMXwJPYGyb0 |
| 00Yp4DMxZ9hPOVwsqXazo141sCXqxnluJF7YH2NRveJZx3XJbd                                                                                                                                                                                                              | yojFEAHaJtzSq8qVCVCU5fj7E7u3iops05FmGoRHkpXrmDZOCu593TlNt5Rj7nDbnVC6eFvqKMBpllkFb1IwCkDbLbVM9HJJT8UN |
| 00Yp4DMxZ9hPOVwsqXazo141sCXqxnluJF7YH2NRveJZx3XJbd                                                                                                                                                                                                              | xlJnUTOybKHeDER6U3ROsFhhXmpmWM89Rsc436Hhjr9S9FOKDjRAfAFPp19mHJYDoRk4NqdlPuiUpr2Zi84x9j9BzUE0jBxVS6RB |
| 00Yp4DMxZ9hPOVwsqXazo141sCXqxnluJF7YH2NRveJZx3XJbd                                                                                                                                                                                                              | iGdlTuISb6yLzwuvqxvFnWCoAGEvTuoa7yKAJS6TeDWuxBScnvad1koeb0PY7XSYLlKr5kVaSjoRofjssThCN9USkPwxTZDGV28A |
| 00Yp4DMxZ9hPOVwsqXazo141sCXqxnluJF7YH2NRveJZx3XJbd                                                                                                                                                                                                              | FMT26wrFUXnaF27Xvl3qpOU89vmZ1AJdve4Ezbjl1ZMglLs0XHs1WxPiw2ndlzvx0pfOGBBUUpeEhvdF5G6GSsjk1VSDWtEpVq6r |
| 00Yp4DMxZ9hPOVwsqXazo141sCXqxnluJF7YH2NRveJZx3XJbd                                                                                                                                                                                                              | 5JZV3h8DwuxSydiSeXOKh8a33ROBwcHC0tV0b2pXiVU5GBk1zjwjDiCls0jguvwl79exZlsHH2hkvrffpSc42MN5nRPO8wfNPcOD |
| 00Yp4DMxZ9hPOVwsqXazo141sCXqxnluJF7YH2NRveJZx3XJbd                                                                                                                                                                                                              | uALwvOR59NWmUfDOBMKWYC9tfUqAB5tvlCRbRjM5TtZd1vEAZvm4twun0LopUmBY2svFqj2CrryR8F4WuTAaVBJ2X2YuBhIqnTxj |
| 00Yp4DMxZ9hPOVwsqXazo141sCXqxnluJF7YH2NRveJZx3XJbd                                                                                                                                                                                                              | ZeBrixZRaV1GwwBYCrYM7z7k2hF2Pp19lUBj0G74PlNaHRx9Oeag797w1gncEl38fIRwKfJXxjSyDGjYuYZO9hpChgyK9OBjwp7Z |
| 00Yp4DMxZ9hPOVwsqXazo141sCXqxnluJF7YH2NRveJZx3XJbd                                                                                                                                                                                                              | AcrqD4ajCuTOqqwh3lU0B1kToJPT1Sn7aP5LkxZYoT7vjqNm2SMgWsypRFNbWZyURD5sXCsYbD7UeBAyeNJwnhxTkTeg19Hzgqy7 |
| 00Yp4DMxZ9hPOVwsqXazo141sCXqxnluJF7YH2NRveJZx3XJbd                                                                                                                                                                                                              | ofSCXVlLaEnXH71MlSHu94EqjWNbrn2YsfSqfRdY2Kptad4K6WmivjVDUkmCDT16E61h2KavSlKMeUCAjW7YiNh5m3BBBagwcvBC |
+-----------------------------------------------------------------------------------------------------------------------------------------------------------------------------------------------------------------------------------------------------------------+------------------------------------------------------------------------------------------------------+
10 rows selected.
Running time elapsed:      2.63 Seconds
SQL> -- 把查询出的数据insert到T_TYPE_CHARS表中
SQL> DROP TABLE T_TYPE_CHARS IF EXISTS;
0 rows affected
Running time elapsed:      0.20 Seconds
SQL> CREATE TABLE T_TYPE_CHARS AS (SELECT TCHAR,TVARCHAR FROM P1000 GROUP BY TCHAR, TVARCHAR) WITH DATA;
0 rows affected
Running time elapsed:     10.44 Seconds
SQL> -- 查看返回结果
SQL> SELECT * FROM T_TYPE_CHARS ORDER BY TCHAR LIMIT 10;
+-----------------------------------------------------------------------------------------------------------------------------------------------------------------------------------------------------------------------------------------------------------------+------------------------------------------------------------------------------------------------------+
| TCHAR                                                                                                                                                                                                                                                           | TVARCHAR                                                                                             |
+-----------------------------------------------------------------------------------------------------------------------------------------------------------------------------------------------------------------------------------------------------------------+------------------------------------------------------------------------------------------------------+
| 00Yp4DMxZ9hPOVwsqXazo141sCXqxnluJF7YH2NRveJZx3XJbd                                                                                                                                                                                                              | vHTauGooUonVRBLCT3jIs9nwxA6LKyUowZKXSpCnZ2q5L0aUiRsocphsshMRHgBrzRGXe17EKTyBR7nFRiNVMqjtin8PDrv2STSN |
| 00Yp4DMxZ9hPOVwsqXazo141sCXqxnluJF7YH2NRveJZx3XJbd                                                                                                                                                                                                              | shEimWAHhLi32dKAt9pAf7JIf6eN0DLtoPJwRhBo4NcyljCJUlga3qECvBjvF2GkqAE5X29S8SVT9BrtF21jKt9KxfFdSiItDDwM |
| 00Yp4DMxZ9hPOVwsqXazo141sCXqxnluJF7YH2NRveJZx3XJbd                                                                                                                                                                                                              | Yeo50YUndgWFeU0q9s8f7MyNuSNKAAAjmp5gkaPCdYFMPuxO8HHyeELkvkgvW3rjpBZrtvebLctga4ps8FFnRoAMB8KqCV1aVMG2 |
| 00Yp4DMxZ9hPOVwsqXazo141sCXqxnluJF7YH2NRveJZx3XJbd                                                                                                                                                                                                              | aTM9I0XTXSReEft66PjbjHgeXTzddBMXur28IOF2M8jiEtHorTqmviXVAS5XuOzus1dy5b8gywp7RVGa1O95bg03EZgYmJ1rtFHu |
| 00Yp4DMxZ9hPOVwsqXazo141sCXqxnluJF7YH2NRveJZx3XJbd                                                                                                                                                                                                              | geBFKzh27nuRcFZqXwYfcuFxJvTojx0BdHEhRRaE2wseWFK97HEmwUX2kWZxhWiWkwFKnLLm3m5gXJyhOHdJEyPsEac2B7xaRclt |
| 00Yp4DMxZ9hPOVwsqXazo141sCXqxnluJF7YH2NRveJZx3XJbd                                                                                                                                                                                                              | Y5fvHq9iMKXdmihPwbXJDgr1nl1aYlrdDfaP8JqmshM4HBPAcvcTZwID4fcBns3THd2X4elZjmxz7p7oC9oCMjoScGdCrao03fsc |
| 00Yp4DMxZ9hPOVwsqXazo141sCXqxnluJF7YH2NRveJZx3XJbd                                                                                                                                                                                                              | Z99JWtIF6mLxMDsiizsDFU62KxNZgFK6txSeCiRofRR18syBW1W9igsn8bp13DrnRrjxMEjiOuISvkPx38agHKYS7AzmGOjfJB9C |
| 00Yp4DMxZ9hPOVwsqXazo141sCXqxnluJF7YH2NRveJZx3XJbd                                                                                                                                                                                                              | FTdH6mVgEw6gxmVa9CReBvArhFPR2OZip0jKbg5MHzJRCfPdwFyZ3MOU2HCGhrAp6pfbkW9vYt5Nbv1Skg2tRHhWdpB3zRm9V5HC |
| 00Yp4DMxZ9hPOVwsqXazo141sCXqxnluJF7YH2NRveJZx3XJbd                                                                                                                                                                                                              | pA1A93YJc73ERBfayC0DOnPZJacsxJBwGtklzSy3xuMEIanIKh9EhyR8AfdGBZxJwTFEDik4sHFt2BvjYmSCFEzNXAKaTaXMd5Gd |
| 00Yp4DMxZ9hPOVwsqXazo141sCXqxnluJF7YH2NRveJZx3XJbd                                                                                                                                                                                                              | acw9PXbeVcC19BmODGmD8yYqhJH8kdtCBAqgfqW2FU61OPiNr8VATsFOzrOZJRC9jFZ5v03cUCnSWGrCpxLWZ0I32YF42Ej6LEZm |
+-----------------------------------------------------------------------------------------------------------------------------------------------------------------------------------------------------------------------------------------------------------------+------------------------------------------------------------------------------------------------------+
10 rows selected.
Running time elapsed:      1.47 Seconds
SQL> 
SQL> -- 2种日期类型数据类型组合
SQL> SELECT TDATE,TTIMESTAMP FROM P1000 GROUP BY TDATE,TTIMESTAMP ORDER BY TTIMESTAMP LIMIT 10;
+------------+---------------------+
| TDATE      | TTIMESTAMP          |
+------------+---------------------+
| 2002-2-18  | 1979-01-01 00:00:31 |
| 1990-8-2   | 1979-01-01 00:02:27 |
| 2038-11-7  | 1979-01-01 00:08:21 |
| 2042-12-7  | 1979-01-01 00:10:29 |
| 2008-12-25 | 1979-01-01 00:13:48 |
| 1987-8-2   | 1979-01-01 00:17:18 |
| 1992-12-18 | 1979-01-01 00:25:36 |
| 2039-12-21 | 1979-01-01 00:25:59 |
| 2040-2-26  | 1979-01-01 00:26:26 |
| 2033-9-25  | 1979-01-01 00:30:20 |
+------------+---------------------+
10 rows selected.
Running time elapsed:      1.91 Seconds
SQL> -- 把查询出的数据insert到T_TYPE_DATES表中
SQL> DROP TABLE T_TYPE_DATES IF EXISTS;
0 rows affected
Running time elapsed:      0.22 Seconds
SQL> CREATE TABLE T_TYPE_DATES AS (SELECT TDATE,TTIMESTAMP FROM P1000 GROUP BY TDATE,TTIMESTAMP) WITH DATA;
0 rows affected
Running time elapsed:      8.81 Seconds
SQL> -- 查看返回结果
SQL> SELECT * FROM T_TYPE_DATES ORDER BY TTIMESTAMP LIMIT 10;
+------------+---------------------+
| TDATE      | TTIMESTAMP          |
+------------+---------------------+
| 2002-2-18  | 1979-01-01 00:00:31 |
| 1990-8-2   | 1979-01-01 00:02:27 |
| 2038-11-7  | 1979-01-01 00:08:21 |
| 2042-12-7  | 1979-01-01 00:10:29 |
| 2008-12-25 | 1979-01-01 00:13:48 |
| 1987-8-2   | 1979-01-01 00:17:18 |
| 1992-12-18 | 1979-01-01 00:25:36 |
| 2039-12-21 | 1979-01-01 00:25:59 |
| 2040-2-26  | 1979-01-01 00:26:26 |
| 2033-9-25  | 1979-01-01 00:30:20 |
+------------+---------------------+
10 rows selected.
Running time elapsed:      1.00 Seconds
SQL> 
SQL> -- 整型，浮点型，字符型，日期型4种数据类型组合
SQL> SELECT TBIGINT,TDOUBLE,TCHAR,TDATE FROM P1000 GROUP BY TBIGINT, TDOUBLE, TCHAR,TDATE ORDER BY TBIGINT LIMIT 10;
+----------+---------+-----------------------------------------------------------------------------------------------------------------------------------------------------------------------------------------------------------------------------------------------------------------+------------+
| TBIGINT  | TDOUBLE | TCHAR                                                                                                                                                                                                                                                           | TDATE      |
+----------+---------+-----------------------------------------------------------------------------------------------------------------------------------------------------------------------------------------------------------------------------------------------------------------+------------+
| 27770954 | 9140.54 | ukUos0DfAFm1dvAOBvYCfqZqttLdPZPggMId2sbFJ5siOUpBOk                                                                                                                                                                                                              | 1986-4-2   |
| 27770954 | 6407.67 | 1jAbW19CfwpLdv7tdaFEvIfeNRKvgTdvGweqOwk6FvD8tCMe4M                                                                                                                                                                                                              | 2008-8-4   |
| 27770954 | 1117.96 | Y6NiJDbO1gwfW7RIW08tHyytUttkRUHXO67dXwA8E3Shde1Fsl                                                                                                                                                                                                              | 2045-7-21  |
| 27770954 | 5972.95 | ZcA0xM1VE3DYGRmwuHawbcmI0ZvUFMh0tgK4sZEdsHweLN2UdF                                                                                                                                                                                                              | 2037-4-14  |
| 27770954 | 4506.33 | WbbH9Wg0OI6y3bJRc9dbPCEom6HiRT8lP6oV22YYa0Y4RLr1WP                                                                                                                                                                                                              | 2044-9-17  |
| 27770954 | 7790.78 | wogNqkGoZ9FIrbIIjPdZtnylAhZ8pVLFMaR4l0b9MAnF6mUZqG                                                                                                                                                                                                              | 2036-1-23  |
| 27770954 | 7158.12 | lRzWtV5a9OD83BtYHlnkYntPMBLFJT7cd90sLupr0rVlhMiMTK                                                                                                                                                                                                              | 1995-11-13 |
| 27770954 | 3476.4  | OALXNBVbtcYTobcy5R6R59r3TqoIhx3H11EsuN1DVn2AFVpDNG                                                                                                                                                                                                              | 2028-10-20 |
| 27770954 | 5154.04 | 4EXgTMSlF4vzYrdatoWvDXwe2Eq1w5MxqZepLRSEy5sFhCmovK                                                                                                                                                                                                              | 2023-7-29  |
| 27770954 | 1428.04 | 3ZpzdOvivWBIrxocHcDHD3oIhU8D5MGHFG2qKCRNqPUwVnl9jl                                                                                                                                                                                                              | 2006-8-13  |
+----------+---------+-----------------------------------------------------------------------------------------------------------------------------------------------------------------------------------------------------------------------------------------------------------------+------------+
10 rows selected.
Running time elapsed:      2.08 Seconds
SQL> -- 把查询出的数据insert到T_TYPE_ARRAY4表中
SQL> DROP TABLE T_TYPE_ARRAY4 IF EXISTS;
0 rows affected
Running time elapsed:      0.20 Seconds
SQL> CREATE TABLE T_TYPE_ARRAY4 AS (SELECT TBIGINT,TDOUBLE,TCHAR,TDATE FROM P1000 GROUP BY TBIGINT, TDOUBLE, TCHAR,TDATE) WITH DATA;
0 rows affected
Running time elapsed:      8.67 Seconds
SQL> -- 查看返回结果
SQL> SELECT * FROM T_TYPE_ARRAY4 ORDER BY TBIGINT LIMIT 10;
+----------+---------+-----------------------------------------------------------------------------------------------------------------------------------------------------------------------------------------------------------------------------------------------------------------+------------+
| TBIGINT  | TDOUBLE | TCHAR                                                                                                                                                                                                                                                           | TDATE      |
+----------+---------+-----------------------------------------------------------------------------------------------------------------------------------------------------------------------------------------------------------------------------------------------------------------+------------+
| 27770954 | 3823.96 | tzhZ7lp3ILNHynd4ALLrUgwBSyr4wNAelCXzZPBbnACRtiIqPC                                                                                                                                                                                                              | 1986-9-16  |
| 27770954 | 8266.46 | 8ntgxKPf8DTonEx9Xuzwts9mAreROmpI1llBHPY8AdBuZ6I7s3                                                                                                                                                                                                              | 2037-6-20  |
| 27770954 | 1621.07 | LSu9dJZTHhjIOZdMFssp1l3H6txw7JpXaaKM6zXbq6e3bAELVS                                                                                                                                                                                                              | 1997-5-7   |
| 27770954 | 482.46  | oIFJ6GteOvDcxuHwP8SAbeFBjH925JBaBLr2EocXky4KVJMJdX                                                                                                                                                                                                              | 1985-7-13  |
| 27770954 | 967.82  | CmckIp71T2AnTUj7Dly2cHJ5HlxeXFB2XzwNsIWrqyZsteowkY                                                                                                                                                                                                              | 2025-5-11  |
| 27770954 | 442.37  | ydbvvkhNe0pNm7d6roYTRd3CgPddDpbxl3oyVMjLvKicRfRhlK                                                                                                                                                                                                              | 2045-3-6   |
| 27770954 | 7367.61 | GGSd3aIEDfnLraDqh9EGxhLCx6FbBkXuvhH7bsaCg8tHu2RFBT                                                                                                                                                                                                              | 1996-10-17 |
| 27770954 | 9718.29 | Tbu7DsxHrbO6pK2vVWhxnn5srCEni8ANcKjKSYRKs5FbZIqtFb                                                                                                                                                                                                              | 2017-2-27  |
| 27770954 | 9257.04 | Jp9c9JRNOG0CCNgkfrIK18PxkvIRFDcU8NROBs3L7VMsdWj7VU                                                                                                                                                                                                              | 2005-12-6  |
| 27770954 | 641.73  | BpgNwBHhBVkYDpw4NGZuiIjnePEkRIEpUkTkLst7lqnaIRDPBi                                                                                                                                                                                                              | 2028-1-12  |
+----------+---------+-----------------------------------------------------------------------------------------------------------------------------------------------------------------------------------------------------------------------------------------------------------------+------------+
10 rows selected.
Running time elapsed:      0.93 Seconds
SQL> 
SQL> -- 整型，浮点型2种数据类型组合
SQL> SELECT TSMALLINT,TREAL FROM P1000 GROUP BY TSMALLINT, TREAL ORDER BY TSMALLINT LIMIT 10;
+-----------+---------+
| TSMALLINT | TREAL   |
+-----------+---------+
| 16        | 9520.9  |
| 16        | 8269.73 |
| 16        | 8552.49 |
| 16        | 9954.5  |
| 16        | 2783.37 |
| 16        | 8638.03 |
| 16        | 1474.25 |
| 16        | 5923.73 |
| 16        | 4306.13 |
| 16        | 9954.19 |
+-----------+---------+
10 rows selected.
Running time elapsed:      1.79 Seconds
SQL> -- 把查询出的数据insert到T_TYPE_ARRAY21表中
SQL> DROP TABLE T_TYPE_ARRAY21 IF EXISTS;
0 rows affected
Running time elapsed:      0.20 Seconds
SQL> CREATE TABLE T_TYPE_ARRAY21 AS (SELECT TSMALLINT,TREAL FROM P1000 GROUP BY TSMALLINT, TREAL) WITH DATA;
0 rows affected
Running time elapsed:      9.29 Seconds
SQL> -- 查看返回结果
SQL> SELECT * FROM T_TYPE_ARRAY21 ORDER BY TSMALLINT LIMIT 10;
+-----------+---------+
| TSMALLINT | TREAL   |
+-----------+---------+
| 16        | 5762.02 |
| 16        | 6639.13 |
| 16        | 5326.25 |
| 16        | 5894.42 |
| 16        | 570.96  |
| 16        | 6800.61 |
| 16        | 5289.07 |
| 16        | 4347.58 |
| 16        | 9279.02 |
| 16        | 9869.79 |
+-----------+---------+
10 rows selected.
Running time elapsed:      0.82 Seconds
SQL> 
SQL> -- 整型，字符型2种数据类型组合
SQL> SELECT TINTEGER,TVARCHAR FROM P1000 GROUP BY TINTEGER, TVARCHAR ORDER BY TINTEGER LIMIT 10;
+----------+------------------------------------------------------------------------------------------------------+
| TINTEGER | TVARCHAR                                                                                             |
+----------+------------------------------------------------------------------------------------------------------+
| 2777     | xTmGXS5CuO0oJLBWubOtuqehz9OoG606NpedP56fMRb0VqLxIvcPWFODMEv7eFV1G2KOxElJSLIVRHO7EzuGiPx766RUpZ18nRfV |
| 2777     | PeuD7C0do4AyA9MLMrWJXwBjt6DWp6VRi2rHFgeKfAFBRDupYRz7qBJx4XMR11w9A0TUbCsWvo2aRU7u3T1OOTFnCdNDFFoe0FDA |
| 2777     | WxNzjKJ5qU1jKJRhvJPBhSXeWFjUrGldhf244m2GFNogspGVUDmAMChObPyCsvjE7Fn3M79R4lrmwSCqfxDt3ooUYbIginzmteB6 |
| 2777     | kPwFVNp2phSAAHZ7zkIzhZR0JGAhtppFMjlELOHc6xmBeKMJvTnIgnFS5ZVWDIFC0qE2qwwPzzpPkj9nTu7xCGitSkAGu4mhvFH0 |
| 2777     | z7lynU40Bq4TokRq7l340wAeicS5KjF4eEak4DNIak937LlJRnsVO0WG3gRv4XlA1VaS96e367KZb3yTRfHqn8A115HRG7J9jRmw |
| 2777     | jHONfH8lvGoSCoOXrfrYGsmiVjk60TrhUgOGBwg7hokH30woRDD5dlm2lVClPOu2Anx1JCu8qK2gbcCqNDORRD1HDPu2pPZL9OMV |
| 2777     | T1mRyg2JSGcvopUJAb7e5GIshJ6RvvT5h2ufh8DeOFjufJF4RLS6Kls15b0qUkiRukrLxZq8cxY4e4pfP7CBPNKGwDCYiNBEHsAF |
| 2777     | Bd0tma2AnyOZ6iW0raIZKGiygGAV5rUELWZxuAOZ3p3o7VdSphhcbTCFHwWuBkLevEj4TzpjdW9IwRc13WNhkmhAtDeWrzoze72H |
| 2777     | RYv6vxyo7jw7c6cGqjX9ynG7yH1MUvIMMe8kUphxq3RiYdWdRLCpbEztlcp3oeHpRHsjmiEhvyCIBZR1ffcFcRPvWf2v50XaINjJ |
| 2777     | IbztDVtCyUjMYwTL8XEJkB8ftCKHMrNnTkwEHASNT94uxqCnq5RfgrOjCSpVLvrRRDngueLlhVw5zRBj3T7SGjl3TGLPZvIpABFJ |
+----------+------------------------------------------------------------------------------------------------------+
10 rows selected.
Running time elapsed:      2.55 Seconds
SQL> -- 把查询出的数据insert到T_TYPE_ARRAY22表中
SQL> DROP TABLE T_TYPE_ARRAY22 IF EXISTS;
0 rows affected
Running time elapsed:      0.21 Seconds
SQL> CREATE TABLE T_TYPE_ARRAY22 AS (SELECT TINTEGER,TVARCHAR FROM P1000 GROUP BY TINTEGER, TVARCHAR) WITH DATA;
0 rows affected
Running time elapsed:      8.55 Seconds
SQL> -- 查看返回结果
SQL> SELECT * FROM T_TYPE_ARRAY22 ORDER BY TINTEGER LIMIT 10;
+----------+------------------------------------------------------------------------------------------------------+
| TINTEGER | TVARCHAR                                                                                             |
+----------+------------------------------------------------------------------------------------------------------+
| 2777     | SvJ85g6Mrk9fs4UcK9aWXMao6HVNwmDCYGrXHmz7RgUoYzBvCOZGyiCf9dFqfhnd9XTJYzTsvWY1DpxTIDGunUchHtGOf29Tu1yK |
| 2777     | RRbroh3F67EWfBOvIYDrulnXCmMCJTRNZK2MAbG6n107W0WtFe7SHdIw8fF3SNxsss0uACpFRNZ3KjTiKJCC505pZKodoClHEvdJ |
| 2777     | 2UhdPUSFqH9ZZaE2YRBMAzpnav0mddCFM1TS10cL6Ku3Pef7CmfjhUzqiCNpXR8XHbwEb4iKhrtoGNchaau88k5btwnyrtYwt1oJ |
| 2777     | 1tEsBgZiEVe7tJo3N2NltJrOx9LfMv1rvFJhBa9pHcURR8nt8SdtlBl8I97Hy0XOvYrpS4tfjNun8G1YqR4aP5nZTXXridnVd6ny |
| 2777     | RV89AYTDpFoxG5gZbNNBfRRIjLrmsxOWPgs2uzNnkAT5ZkYT4UMvJMa4gHWt30W48sDIyqZrz2YabcL0coLlhGTiJ3Wr6KF2kcP1 |
| 2777     | Tc8XFS3FcnmvhZKarLyXDu7unBCMPjhSYzhXF4FvZBkoEOi7R01GgvZ7SRmE3WZooRhz8pOyxHtkHHrrEeDmgGDIDylKSscSClCD |
| 2777     | Hxxcvtf6dHmZjoHFOOwA81Dx1wmKzRJEDBcpxfzRBB5EN1BPbCsfM3ZD5g3ybAX8Iv3SkhB7E31zdxKLWPhdXzdXjPSmxJquG2hb |
| 2777     | ZBsDUHuXYSUHnZtwRblKRvpvUDYFCE9R2cu5e0GFgd86q18THhAHnqF0jnDoLVLT55ap6vTZFu3fS9MFowEZj0KOuddxGkD8TB5z |
| 2777     | 9jWPEtWbN1efqnOTa8JXXWM1G2IKtbT19yu1VDk6ufuDY10pTJe7747nIibME2RmTKE3T90vyii90Y0FNRRhn5HwtcR7x5qRszB8 |
| 2777     | dn7AL3F8NuoInerwpa4xmAqF9S8y9i7cILv3OnJiWtHgZB6Bgae3PM41OkRyEOxh5T4N6Sl2RhqaTkz36cxlsnDO3idnV0wj0Y6M |
+----------+------------------------------------------------------------------------------------------------------+
10 rows selected.
Running time elapsed:      1.01 Seconds
SQL> 
SQL> -- 整型，日期型2种数据类型组合
SQL> SELECT TBIGINT,TDATE FROM P1000 GROUP BY TBIGINT, TDATE ORDER BY TBIGINT,TDATE LIMIT 10;
+----------+-----------+
| TBIGINT  | TDATE     |
+----------+-----------+
| 27770954 | 1979-1-12 |
| 27770954 | 1979-1-19 |
| 27770954 | 1979-2-17 |
| 27770954 | 1979-2-20 |
| 27770954 | 1979-2-22 |
| 27770954 | 1979-2-23 |
| 27770954 | 1979-4-9  |
| 27770954 | 1979-6-11 |
| 27770954 | 1979-6-14 |
| 27770954 | 1979-6-17 |
+----------+-----------+
10 rows selected.
Running time elapsed:      1.78 Seconds
SQL> -- 把查询出的数据insert到T_TYPE_ARRAY23表中
SQL> DROP TABLE T_TYPE_ARRAY23 IF EXISTS;
0 rows affected
Running time elapsed:      0.20 Seconds
SQL> CREATE TABLE T_TYPE_ARRAY23 AS (SELECT TBIGINT,TDATE FROM P1000 GROUP BY TBIGINT, TDATE) WITH DATA;
0 rows affected
Running time elapsed:      8.36 Seconds
SQL> -- 查看返回结果
SQL> SELECT * FROM T_TYPE_ARRAY23 ORDER BY TBIGINT,TDATE LIMIT 10;
+----------+-----------+
| TBIGINT  | TDATE     |
+----------+-----------+
| 27770954 | 1979-1-12 |
| 27770954 | 1979-1-19 |
| 27770954 | 1979-2-17 |
| 27770954 | 1979-2-20 |
| 27770954 | 1979-2-22 |
| 27770954 | 1979-2-23 |
| 27770954 | 1979-4-9  |
| 27770954 | 1979-6-11 |
| 27770954 | 1979-6-14 |
| 27770954 | 1979-6-17 |
+----------+-----------+
10 rows selected.
Running time elapsed:      0.95 Seconds
SQL> 
SQL> -- 整型，浮点型，字符型3种数据类型组合
SQL> SELECT TSMALLINT,TREAL,TCHAR FROM P1000 GROUP BY TSMALLINT, TREAL, TCHAR ORDER BY TSMALLINT LIMIT 10;
+-----------+---------+-----------------------------------------------------------------------------------------------------------------------------------------------------------------------------------------------------------------------------------------------------------------+
| TSMALLINT | TREAL   | TCHAR                                                                                                                                                                                                                                                           |
+-----------+---------+-----------------------------------------------------------------------------------------------------------------------------------------------------------------------------------------------------------------------------------------------------------------+
| 16        | 7835.84 | 1Jr2axmYOhFYw0HCLSVEbZsRo6BpEWuDfmBuciLvOe5rAUqaGg                                                                                                                                                                                                              |
| 16        | 7219.75 | 8elYuYIFecvJbZp9Afi6S6Meg6OdmtqIfUsD8O0TZ2wB9H37Pp                                                                                                                                                                                                              |
| 16        | 2952.51 | yvhlOBoXYyMMbwZmNSitwSkps0mO1BdDRMfqscm4OcqLrVjd3V                                                                                                                                                                                                              |
| 16        | 2597.49 | afud6M9PEbY5UBGOnn54ch76K8Ixl16iJT7Pnsi4bM9xh5KiZk                                                                                                                                                                                                              |
| 16        | 4784.84 | wGRqWHAx9uPnDUTzGXXtH5w8ohMP8BRTrhTDMBMDe4qfr0FJ8C                                                                                                                                                                                                              |
| 16        | 1998.96 | W3rpW7WROsIo5EGaSr4N1PanZx20Ltd1rK22hECdHwx1PFwdDF                                                                                                                                                                                                              |
| 16        | 8076.49 | fJAsrYJpMJy4jnKK37IweitGxYCvos7JoWTc4xiNZnO3FzBVGR                                                                                                                                                                                                              |
| 16        | 8230.07 | cqaH6Kd3avye09ZwS1KXWJnhDCCP3yB70zxcGExc1pdA2ZiFNR                                                                                                                                                                                                              |
| 16        | 1332.4  | CqDHlNeRuIS0n9sKrWfbVOEfSOVDp7wL4f1XHuV05vuDFw7mKh                                                                                                                                                                                                              |
| 16        | 7158.08 | R1E5GiMTXSLG4XpVHJ0niCpLrzTXpXgrMakmbmSR9efnwAR6Cg                                                                                                                                                                                                              |
+-----------+---------+-----------------------------------------------------------------------------------------------------------------------------------------------------------------------------------------------------------------------------------------------------------------+
10 rows selected.
Running time elapsed:      1.83 Seconds
SQL> -- 把查询出的数据insert到T_TYPE_ARRAY31表中
SQL> DROP TABLE T_TYPE_ARRAY31 IF EXISTS;
0 rows affected
Running time elapsed:      0.21 Seconds
SQL> CREATE TABLE T_TYPE_ARRAY31 AS (SELECT TSMALLINT,TREAL,TCHAR FROM P1000 GROUP BY TSMALLINT, TREAL, TCHAR) WITH DATA;
0 rows affected
Running time elapsed:      8.12 Seconds
SQL> -- 查看返回结果
SQL> SELECT * FROM T_TYPE_ARRAY31 ORDER BY TSMALLINT LIMIT 10;
+-----------+---------+-----------------------------------------------------------------------------------------------------------------------------------------------------------------------------------------------------------------------------------------------------------------+
| TSMALLINT | TREAL   | TCHAR                                                                                                                                                                                                                                                           |
+-----------+---------+-----------------------------------------------------------------------------------------------------------------------------------------------------------------------------------------------------------------------------------------------------------------+
| 16        | 2795.82 | AEzsE21foFfVC3Unha5UVThAlq5dsaLMTeMoguV6Cb8pSGrTIA                                                                                                                                                                                                              |
| 16        | 1721.53 | BDMH8zDny2cpAEkhFA7OmckxlJy0XkX5LxTAga2nX8KyqfmDR6                                                                                                                                                                                                              |
| 16        | 3381.12 | tzo3vUcwaLtG7JDq4xKxYs8VDSiVfTo2C9nXCB9GC5Feb8AxWW                                                                                                                                                                                                              |
| 16        | 3397.57 | sGRR8FGRRlYC0PqHde9iEMussJuWPipBGgNLplFJ5VVLN6jCqA                                                                                                                                                                                                              |
| 16        | 5977.96 | JEoCxfsF4IoNOElH4itJJT4IDFE4qvKIHACD7MgSF5qcNMICpO                                                                                                                                                                                                              |
| 16        | 2265.02 | Ia1n9XeL4VdPx1kR8Mw1OJO47fEGchhRgTTiCrmDhU7cEgUi8C                                                                                                                                                                                                              |
| 16        | 2180.41 | MRjF5aRwiefa51AR4o2Rh5RJASzFhopzcKjvoOGudpnZsxGKFp                                                                                                                                                                                                              |
| 16        | 2683.11 | l1koqSy2UxN64zvNEgYtkXwjfBCRic3A11n7Xgy1H4ySx0Lugp                                                                                                                                                                                                              |
| 16        | 9698.37 | ZIWxe1tr6GPIs7ECNFUnI5LexObEZWVTBwkmMytpw49ohqqqOB                                                                                                                                                                                                              |
| 16        | 6312.13 | vLmXTplv0RzHFjpBKIoAO3DC6qSNsVE5r7l3dee6aBrYWNMi8E                                                                                                                                                                                                              |
+-----------+---------+-----------------------------------------------------------------------------------------------------------------------------------------------------------------------------------------------------------------------------------------------------------------+
10 rows selected.
Running time elapsed:      1.24 Seconds
SQL> 
SQL> -- 整型，浮点型，日期型3种数据类型组合
SQL> SELECT TSMALLINT,TREAL,TDATE FROM P1000 GROUP BY TSMALLINT, TREAL, TDATE ORDER BY TSMALLINT,TREAL,TDATE LIMIT 10;
+-----------+-------+------------+
| TSMALLINT | TREAL | TDATE      |
+-----------+-------+------------+
| 16        | 16.16 | 1980-8-21  |
| 16        | 16.16 | 2045-7-9   |
| 16        | 16.44 | 2000-10-25 |
| 16        | 16.46 | 2049-11-11 |
| 16        | 16.53 | 2049-11-28 |
| 16        | 16.75 | 2016-8-22  |
| 16        | 16.82 | 2035-7-1   |
| 16        | 16.86 | 2021-3-31  |
| 16        | 30.02 | 1985-4-2   |
| 16        | 30.05 | 2008-9-6   |
+-----------+-------+------------+
10 rows selected.
Running time elapsed:      2.02 Seconds
SQL> -- 把查询出的数据insert到T_TYPE_ARRAY32表中
SQL> DROP TABLE T_TYPE_ARRAY32 IF EXISTS;
0 rows affected
Running time elapsed:      0.20 Seconds
SQL> CREATE TABLE T_TYPE_ARRAY32 AS (SELECT TSMALLINT,TREAL,TDATE FROM P1000 GROUP BY TSMALLINT, TREAL, TDATE) WITH DATA;
0 rows affected
Running time elapsed:      9.17 Seconds
SQL> -- 查看返回结果
SQL> SELECT * FROM T_TYPE_ARRAY32 ORDER BY TSMALLINT,TREAL,TDATE LIMIT 10;
+-----------+-------+------------+
| TSMALLINT | TREAL | TDATE      |
+-----------+-------+------------+
| 16        | 16.16 | 1980-8-21  |
| 16        | 16.16 | 2045-7-9   |
| 16        | 16.44 | 2000-10-25 |
| 16        | 16.46 | 2049-11-11 |
| 16        | 16.53 | 2049-11-28 |
| 16        | 16.75 | 2016-8-22  |
| 16        | 16.82 | 2035-7-1   |
| 16        | 16.86 | 2021-3-31  |
| 16        | 30.02 | 1985-4-2   |
| 16        | 30.05 | 2008-9-6   |
+-----------+-------+------------+
10 rows selected.
Running time elapsed:      1.02 Seconds
SQL> 
SQL> -- 浮点型，字符型，日期型3种数据类型组合
SQL> SELECT TREAL,TCHAR,TDATE FROM P1000 GROUP BY TREAL,TCHAR, TDATE ORDER BY TDATE LIMIT 10;
+---------+-----------------------------------------------------------------------------------------------------------------------------------------------------------------------------------------------------------------------------------------------------------------+----------+
| TREAL   | TCHAR                                                                                                                                                                                                                                                           | TDATE    |
+---------+-----------------------------------------------------------------------------------------------------------------------------------------------------------------------------------------------------------------------------------------------------------------+----------+
| 1752.35 | lRZ6kGothOWmBIaI2KyvLCTHvCEBXTEZL1Z0Yb6d9E4hoDPLCE                                                                                                                                                                                                              | 1979-1-1 |
| 4029.43 | Ea7aNuKLpgY6O1AJlVxl3mJWLd0K03XnfGbxO1d2p4373ZmtbH                                                                                                                                                                                                              | 1979-1-1 |
| 5546.46 | Tp1TGB13sIKu700veIEXY9NtUAUAUTxyvDZrbX4HIXKH8uRmi4                                                                                                                                                                                                              | 1979-1-1 |
| 5989.67 | TkRCtB3Ir06mN2wl4sIxEDrPFfqL2bAIzN8qc88TeDMstIKLVr                                                                                                                                                                                                              | 1979-1-1 |
| 1787.75 | iONK7FPgJkcHmgDn2GAjcIBGRs5PucurwRX7BOxmudt0le2uTT                                                                                                                                                                                                              | 1979-1-1 |
| 1443.46 | bquOPqtDe4IiLXoTC41OoF575zn8na33m24iVoxlZ9WttbLNxY                                                                                                                                                                                                              | 1979-1-1 |
| 4805.02 | bGTIxrRi4bIYbrvACPxmPbuAZKoOkGU6LFfYWt7DSnqhgByRuw                                                                                                                                                                                                              | 1979-1-1 |
| 2089.51 | k1FzUFnFrj23dRLUbonRgDic1Of9icHHvohRBnmpyz0mCmNNOf                                                                                                                                                                                                              | 1979-1-1 |
| 4628.7  | vPzKi20JVMYww44c2RDXxKnIyLh5hY36HWycR3bVFIVKRXOHI4                                                                                                                                                                                                              | 1979-1-1 |
| 2954.82 | 66R64xLTBJYLIDFtrw0A60S81LDFCBLJTkrBLoxOFJ0dftZZAf                                                                                                                                                                                                              | 1979-1-1 |
+---------+-----------------------------------------------------------------------------------------------------------------------------------------------------------------------------------------------------------------------------------------------------------------+----------+
10 rows selected.
Running time elapsed:      2.23 Seconds
SQL> -- 把查询出的数据insert到T_TYPE_ARRAY33表中
SQL> DROP TABLE T_TYPE_ARRAY33 IF EXISTS;
0 rows affected
Running time elapsed:      0.19 Seconds
SQL> CREATE TABLE T_TYPE_ARRAY33 AS (SELECT TREAL,TCHAR,TDATE FROM P1000 GROUP BY TREAL,TCHAR, TDATE) WITH DATA;
0 rows affected
Running time elapsed:     10.76 Seconds
SQL> -- 查看返回结果
SQL> SELECT * FROM T_TYPE_ARRAY33 ORDER BY TDATE LIMIT 10;
+---------+-----------------------------------------------------------------------------------------------------------------------------------------------------------------------------------------------------------------------------------------------------------------+----------+
| TREAL   | TCHAR                                                                                                                                                                                                                                                           | TDATE    |
+---------+-----------------------------------------------------------------------------------------------------------------------------------------------------------------------------------------------------------------------------------------------------------------+----------+
| 5141.13 | GT2sECvPNS26vf8Klp6s4LRkd8k3oo6N8anJJM2qWO1GJn6ekh                                                                                                                                                                                                              | 1979-1-1 |
| 9291.14 | 4pBozd8R2tRdSjNNC0btAJBESGsSZgSx7YRYrRIktCE6GCMAhU                                                                                                                                                                                                              | 1979-1-1 |
| 4903.93 | EETzGb4F3uCpNKWLNaKXY7OGosD9fIGdDmvxULRjLt7eR27GxW                                                                                                                                                                                                              | 1979-1-1 |
| 4470.64 | 1kdyGS7H72V6SJMGT4kyihJsV7Pq1KHXrBxUhAXEbuSLwGcUG1                                                                                                                                                                                                              | 1979-1-1 |
| 6755.85 | omgzqf2YR8oRsoL9gXrFk5KJg2eXSwiWlCHVBtcOPWurV0S6Hn                                                                                                                                                                                                              | 1979-1-1 |
| 4711.99 | tMKv6oZplUdInA73ROVTW4YnwNvGLtaLByjR9xRcJ1Y4ONbY1i                                                                                                                                                                                                              | 1979-1-1 |
| 3123.75 | EnSdgOhd8B7d07MGtxCPZYbLJeDgxGFBNKAXdz9YpiHqOe3zN8                                                                                                                                                                                                              | 1979-1-1 |
| 8370.69 | quoVrHudbPZCTUnOxP963ZTNlT485TstgozxdZKZH1P7CcHy1b                                                                                                                                                                                                              | 1979-1-1 |
| 4236.51 | 2HwWlEarHzqDD95yFW2qRp7TbBO9abDRq8m6unYtjrGq61xTyX                                                                                                                                                                                                              | 1979-1-1 |
| 9845.02 | GXRGUe2mivrHXu12DZgm8yNFoWAzT2m4gSXN5iEi6Ku9opE2iN                                                                                                                                                                                                              | 1979-1-1 |
+---------+-----------------------------------------------------------------------------------------------------------------------------------------------------------------------------------------------------------------------------------------------------------------+----------+
10 rows selected.
Running time elapsed:      1.07 Seconds
SQL> 
SQL> -- 因为布尔型的数据在数据库表里只有一种数据：True，timestamp类型的数据在数据库表里没有重复数据，所以选取余下的11种类型的数据进行组合查询
SQL> SELECT TSMALLINT,TINTEGER,TBIGINT,TREAL,TDOUBLE,TFLOAT,TDECIMAL,TNUMERIC,TDATE,TCHAR,TVARCHAR FROM P1000
   > GROUP BY TSMALLINT, TINTEGER, TBIGINT, TREAL, TDOUBLE, TFLOAT, TDECIMAL, TNUMERIC, TDATE, TCHAR, TVARCHAR
   > ORDER BY TSMALLINT ,TINTEGER,TBIGINT LIMIT 10;
+-----------+----------+--------------+---------+---------+---------+----------+-----------+-----------+-----------------------------------------------------------------------------------------------------------------------------------------------------------------------------------------------------------------------------------------------------------------+------------------------------------------------------------------------------------------------------+
| TSMALLINT | TINTEGER | TBIGINT      | TREAL   | TDOUBLE | TFLOAT  | TDECIMAL | TNUMERIC  | TDATE     | TCHAR                                                                                                                                                                                                                                                           | TVARCHAR                                                                                             |
+-----------+----------+--------------+---------+---------+---------+----------+-----------+-----------+-----------------------------------------------------------------------------------------------------------------------------------------------------------------------------------------------------------------------------------------------------------------+------------------------------------------------------------------------------------------------------+
| 16        | 2777     | 132594720252 | 6499.96 | 4541.4  | 1560.44 | 8539.4   | 9049.3497 | 2039-7-1  | rqoTvX93zwwbJSFWRISYLFPJPAnuhNoW3qB6LRkG8VRBFk7KVW                                                                                                                                                                                                              | luYyGGxHFUDiREGg8wrX7z7zAIo9kMIpW1524zJsI9LVPJgTCaPekwREUb7h6GVVEYPeIFyLgPDmn17PGBAeVxiMoroohbiMoRpB |
| 16        | 4990     | 193636974007 | 6729.5  | 2777.5  | 3073.85 | 2499.61  | 8195.47   | 2027-4-25 | CUehtCTV8bMsVmycprepkFFpuaivFVDchCviKI9ZkAkUSfLUzD                                                                                                                                                                                                              | TBkgjJHCLuOVn01nHPBkDnuxz0OJTbsVAkAgxLiYKFkvARgzrteisUFEkRFEGnsGztkAgWSeRWuMACaiDWHvMnIX6KtdZAfv6raA |
| 16        | 4990     | 947466609911 | 6740.11 | 9390.07 | 7616.82 | 5894.02  | 1716.5906 | 2040-12-2 | OsiA5rVlbIr7a2MqBFl3meywujevKFA6dOadYKz8cCxEvV0feI                                                                                                                                                                                                              | qsnBMx1OapA2Gy6JSNVqLHdiZbRBV0bsM0RP59803G6qN1SzZZm1j7UHZywqB3lsm774ceJ8jUPFmo7wnDTOc2SBrtF0GRnW8B9u |
| 16        | 36068    | 863723665551 | 3689.49 | 9113.67 | 3493.5  | 1725.87  | 4354.0519 | 2045-9-28 | LSu9dJZTHhjIOZdMFssp1l3H6txw7JpXaaKM6zXbq6e3bAELVS                                                                                                                                                                                                              | 4bOoe3TtyxlTglVlRVWYKC7APilGWl5vKeJ37vxNSeHuVGMauBB6XxGCmToGxYif7FMv6RrupiDJjbpab1Y4rF5gRO7sozRpTe4j |
| 16        | 36068    | 903899013508 | 2176.05 | 5996.82 | 3056.08 | 5540.46  | 7792.0112 | 1984-4-16 | HG0GLNqFdCNRRc01zn6YHBbD7m0ZPRAhmYEC9MYIaM3jnNaAp9                                                                                                                                                                                                              | YAPYJgXXedB9rtuw2Mxe3rxWfYKzwvXLmgb3sxCtmbPC0eBt55X8C7BE6lxAGnIvoUWnsGxRxkF4LVcJ3ZDtKi6gwZ0eOD8aFjte |
| 16        | 36565    | 706634624539 | 4748.99 | 8417.02 | 4565.58 | 2303.64  | 2186.3931 | 2047-5-30 | UKAhXf7il9IdcqW6M5baTESg10OLFS2JDpYcylkwJaHGRPLHBB                                                                                                                                                                                                              | tkGWgd59R1GGuXXFm1dNC9ZuYwYdskuOt6BAW188ErtVcl0q2R0gwChHDFqjAmGOtv7RbRV6FuFenpnL8MYWE3s3ttFP4Yv8IlYX |
| 16        | 40111    | 823194049533 | 1115.04 | 9520.67 | 6269.02 | 2690.75  | 3701.3628 | 2032-2-10 | lDW7wLTgAHH35oLiIWOdjLdXZuZLmcsj4gRo82tupjzabOFnm8                                                                                                                                                                                                              | ZOtV6E5UO4GS0oWHthC3Ds3dDOMMPHB2MsKIDsS6GRfESNYzEZGuD0ViOcVkFI9O4x3CDRqCHaMrRXM3gDUuYcMcgCRFa6bPMhPZ |
| 16        | 78784    | 442883665312 | 6182.75 | 5464.02 | 9005.51 | 1420.3   | 3882.2946 | 1984-4-26 | yppEb7A8Mij2y0DYkdwuR5Pl6yRUVRCdFf9ELeA1UflwrTgRs3                                                                                                                                                                                                              | kGJX7bnoq96dwr3C6KwAXOTZbSL8BXuac2zKjX9WuFl3s3Wx38hNHzRTOEcmXqEz0ZozfYBYund6B6wEJMUaJEDRUchWgE6TjRRt |
| 16        | 78784    | 558126882701 | 6993.69 | 6036.11 | 2003.12 | 5201.9   | 685.5066  | 1982-4-9  | FgwRRzxzlK6yy2544NxZhKFRDgCEmVREKV7KKqrOWotZrbBZxc                                                                                                                                                                                                              | G9h3luGZLTHJTNjR4bFGLWRJMPWlc5u2OGAaAMm7dUpqnMAhwmysh7EHzWFhlFZHT6CcN9c7lsilHiEFBLhIq5Up5zZvoO5maPqi |
| 16        | 80728    | 906569997380 | 2029.84 | 9257.54 | 9144.62 | 7762.51  | 882.1202  | 2030-3-17 | XmMWNojUxBxhDAzaLk7kN9sqrd7HUACns2pzz42a9682tceRxm                                                                                                                                                                                                              | aBl7uxR4MSBc22aZejZSxkk4F18OEnH2MmfrFFvlDxnd6V4ov6RgVYGnM6qgeylFlF7iOH7NgGrxN1z7aDnBhwiB99l1uhblADcZ |
+-----------+----------+--------------+---------+---------+---------+----------+-----------+-----------+-----------------------------------------------------------------------------------------------------------------------------------------------------------------------------------------------------------------------------------------------------------------+------------------------------------------------------------------------------------------------------+
10 rows selected.
Running time elapsed:      3.45 Seconds
SQL> -- 把查询出的数据insert到T_TYPE_ALL表中
SQL> DROP TABLE T_TYPE_ALL IF EXISTS;
0 rows affected
Running time elapsed:      0.20 Seconds
SQL> CREATE TABLE T_TYPE_ALL AS (SELECT TSMALLINT,TINTEGER,TBIGINT,TREAL,TDOUBLE,TFLOAT,TDECIMAL,TNUMERIC,TDATE,TCHAR,TVARCHAR FROM P1000 GROUP BY TSMALLINT, TINTEGER, TBIGINT, TREAL, TDOUBLE, TFLOAT, TDECIMAL, TNUMERIC, TDATE, TCHAR, TVARCHAR) WITH DATA;
0 rows affected
Running time elapsed:      9.05 Seconds
SQL> -- 查看返回结果
SQL> SELECT * FROM T_TYPE_ALL ORDER BY TSMALLINT,TINTEGER,TBIGINT LIMIT 10;
+-----------+----------+--------------+---------+---------+---------+----------+-----------+-----------+-----------------------------------------------------------------------------------------------------------------------------------------------------------------------------------------------------------------------------------------------------------------+------------------------------------------------------------------------------------------------------+
| TSMALLINT | TINTEGER | TBIGINT      | TREAL   | TDOUBLE | TFLOAT  | TDECIMAL | TNUMERIC  | TDATE     | TCHAR                                                                                                                                                                                                                                                           | TVARCHAR                                                                                             |
+-----------+----------+--------------+---------+---------+---------+----------+-----------+-----------+-----------------------------------------------------------------------------------------------------------------------------------------------------------------------------------------------------------------------------------------------------------------+------------------------------------------------------------------------------------------------------+
| 16        | 2777     | 132594720252 | 6499.96 | 4541.4  | 1560.44 | 8539.4   | 9049.3497 | 2039-7-1  | rqoTvX93zwwbJSFWRISYLFPJPAnuhNoW3qB6LRkG8VRBFk7KVW                                                                                                                                                                                                              | luYyGGxHFUDiREGg8wrX7z7zAIo9kMIpW1524zJsI9LVPJgTCaPekwREUb7h6GVVEYPeIFyLgPDmn17PGBAeVxiMoroohbiMoRpB |
| 16        | 4990     | 193636974007 | 6729.5  | 2777.5  | 3073.85 | 2499.61  | 8195.47   | 2027-4-25 | CUehtCTV8bMsVmycprepkFFpuaivFVDchCviKI9ZkAkUSfLUzD                                                                                                                                                                                                              | TBkgjJHCLuOVn01nHPBkDnuxz0OJTbsVAkAgxLiYKFkvARgzrteisUFEkRFEGnsGztkAgWSeRWuMACaiDWHvMnIX6KtdZAfv6raA |
| 16        | 4990     | 947466609911 | 6740.11 | 9390.07 | 7616.82 | 5894.02  | 1716.5906 | 2040-12-2 | OsiA5rVlbIr7a2MqBFl3meywujevKFA6dOadYKz8cCxEvV0feI                                                                                                                                                                                                              | qsnBMx1OapA2Gy6JSNVqLHdiZbRBV0bsM0RP59803G6qN1SzZZm1j7UHZywqB3lsm774ceJ8jUPFmo7wnDTOc2SBrtF0GRnW8B9u |
| 16        | 36068    | 863723665551 | 3689.49 | 9113.67 | 3493.5  | 1725.87  | 4354.0519 | 2045-9-28 | LSu9dJZTHhjIOZdMFssp1l3H6txw7JpXaaKM6zXbq6e3bAELVS                                                                                                                                                                                                              | 4bOoe3TtyxlTglVlRVWYKC7APilGWl5vKeJ37vxNSeHuVGMauBB6XxGCmToGxYif7FMv6RrupiDJjbpab1Y4rF5gRO7sozRpTe4j |
| 16        | 36068    | 903899013508 | 2176.05 | 5996.82 | 3056.08 | 5540.46  | 7792.0112 | 1984-4-16 | HG0GLNqFdCNRRc01zn6YHBbD7m0ZPRAhmYEC9MYIaM3jnNaAp9                                                                                                                                                                                                              | YAPYJgXXedB9rtuw2Mxe3rxWfYKzwvXLmgb3sxCtmbPC0eBt55X8C7BE6lxAGnIvoUWnsGxRxkF4LVcJ3ZDtKi6gwZ0eOD8aFjte |
| 16        | 36565    | 706634624539 | 4748.99 | 8417.02 | 4565.58 | 2303.64  | 2186.3931 | 2047-5-30 | UKAhXf7il9IdcqW6M5baTESg10OLFS2JDpYcylkwJaHGRPLHBB                                                                                                                                                                                                              | tkGWgd59R1GGuXXFm1dNC9ZuYwYdskuOt6BAW188ErtVcl0q2R0gwChHDFqjAmGOtv7RbRV6FuFenpnL8MYWE3s3ttFP4Yv8IlYX |
| 16        | 40111    | 823194049533 | 1115.04 | 9520.67 | 6269.02 | 2690.75  | 3701.3628 | 2032-2-10 | lDW7wLTgAHH35oLiIWOdjLdXZuZLmcsj4gRo82tupjzabOFnm8                                                                                                                                                                                                              | ZOtV6E5UO4GS0oWHthC3Ds3dDOMMPHB2MsKIDsS6GRfESNYzEZGuD0ViOcVkFI9O4x3CDRqCHaMrRXM3gDUuYcMcgCRFa6bPMhPZ |
| 16        | 78784    | 442883665312 | 6182.75 | 5464.02 | 9005.51 | 1420.3   | 3882.2946 | 1984-4-26 | yppEb7A8Mij2y0DYkdwuR5Pl6yRUVRCdFf9ELeA1UflwrTgRs3                                                                                                                                                                                                              | kGJX7bnoq96dwr3C6KwAXOTZbSL8BXuac2zKjX9WuFl3s3Wx38hNHzRTOEcmXqEz0ZozfYBYund6B6wEJMUaJEDRUchWgE6TjRRt |
| 16        | 78784    | 558126882701 | 6993.69 | 6036.11 | 2003.12 | 5201.9   | 685.5066  | 1982-4-9  | FgwRRzxzlK6yy2544NxZhKFRDgCEmVREKV7KKqrOWotZrbBZxc                                                                                                                                                                                                              | G9h3luGZLTHJTNjR4bFGLWRJMPWlc5u2OGAaAMm7dUpqnMAhwmysh7EHzWFhlFZHT6CcN9c7lsilHiEFBLhIq5Up5zZvoO5maPqi |
| 16        | 80728    | 906569997380 | 2029.84 | 9257.54 | 9144.62 | 7762.51  | 882.1202  | 2030-3-17 | XmMWNojUxBxhDAzaLk7kN9sqrd7HUACns2pzz42a9682tceRxm                                                                                                                                                                                                              | aBl7uxR4MSBc22aZejZSxkk4F18OEnH2MmfrFFvlDxnd6V4ov6RgVYGnM6qgeylFlF7iOH7NgGrxN1z7aDnBhwiB99l1uhblADcZ |
+-----------+----------+--------------+---------+---------+---------+----------+-----------+-----------+-----------------------------------------------------------------------------------------------------------------------------------------------------------------------------------------------------------------------------------------------------------------+------------------------------------------------------------------------------------------------------+
10 rows selected.
Running time elapsed:      1.22 Seconds
SQL> 
SQL> 
SQL> -- drop创建的表
SQL> DROP TABLE T_TYPE_SMALLINT IF EXISTS;
0 rows affected
Running time elapsed:      0.47 Seconds
SQL> DROP TABLE T_TYPE_INTEGER IF EXISTS;
0 rows affected
Running time elapsed:      0.44 Seconds
SQL> DROP TABLE T_TYPE_BIGINT IF EXISTS;
0 rows affected
Running time elapsed:      0.42 Seconds
SQL> DROP TABLE T_TYPE_REAL IF EXISTS;
0 rows affected
Running time elapsed:      0.45 Seconds
SQL> DROP TABLE T_TYPE_DOUBLE IF EXISTS;
0 rows affected
Running time elapsed:      0.31 Seconds
SQL> DROP TABLE T_TYPE_FLOAT IF EXISTS;
0 rows affected
Running time elapsed:      0.53 Seconds
SQL> DROP TABLE T_TYPE_DECIMAL IF EXISTS;
0 rows affected
Running time elapsed:      0.76 Seconds
SQL> DROP TABLE T_TYPE_NUMERIC IF EXISTS;
0 rows affected
Running time elapsed:      0.63 Seconds
SQL> DROP TABLE T_TYPE_DATE IF EXISTS;
0 rows affected
Running time elapsed:      0.36 Seconds
SQL> DROP TABLE T_TYPE_TIMESTAMP IF EXISTS;
0 rows affected
Running time elapsed:      0.52 Seconds
SQL> DROP TABLE T_TYPE_BOOL IF EXISTS;
0 rows affected
Running time elapsed:      0.35 Seconds
SQL> DROP TABLE T_TYPE_CHAR IF EXISTS;
0 rows affected
Running time elapsed:      0.46 Seconds
SQL> DROP TABLE T_TYPE_VARCHAR IF EXISTS;
0 rows affected
Running time elapsed:      0.42 Seconds
SQL> DROP TABLE T_TYPE_INTS IF EXISTS;
0 rows affected
Running time elapsed:      0.32 Seconds
SQL> DROP TABLE T_TYPE_FLOATS IF EXISTS;
0 rows affected
Running time elapsed:      0.34 Seconds
SQL> DROP TABLE T_TYPE_CHARS IF EXISTS;
0 rows affected
Running time elapsed:      0.36 Seconds
SQL> DROP TABLE T_TYPE_DATES IF EXISTS;
0 rows affected
Running time elapsed:      0.30 Seconds
SQL> DROP TABLE T_TYPE_ARRAY4 IF EXISTS;
0 rows affected
Running time elapsed:      0.34 Seconds
SQL> DROP TABLE T_TYPE_ARRAY21 IF EXISTS;
0 rows affected
Running time elapsed:      0.32 Seconds
SQL> DROP TABLE T_TYPE_ARRAY22 IF EXISTS;
0 rows affected
Running time elapsed:      0.43 Seconds
SQL> DROP TABLE T_TYPE_ARRAY23 IF EXISTS;
0 rows affected
Running time elapsed:      0.54 Seconds
SQL> DROP TABLE T_TYPE_ARRAY31 IF EXISTS;
0 rows affected
Running time elapsed:      0.39 Seconds
SQL> DROP TABLE T_TYPE_ARRAY32 IF EXISTS;
0 rows affected
Running time elapsed:      0.42 Seconds
SQL> DROP TABLE T_TYPE_ARRAY33 IF EXISTS;
0 rows affected
Running time elapsed:      0.36 Seconds
SQL> DROP TABLE T_TYPE_ALL IF EXISTS;
0 rows affected
Running time elapsed:      0.42 Seconds
Running time elapsed:    309.12 Seconds
SQL> exit
Disconnected.
