SQLCli Release 0.0.60
SQL> connect admin/123456
Database connected.
SQL> start GroupBy.sql
SQL> -- Description：
   > --             LDB专项测试
   > --             1.group by 全部类型
   > --             2.insert 到其他表
   > --             3.直接返回结果
   > -- Date：2020-05-09
   > -- Author：李爱敏
SQL> SET ECHO ON
SQL> SET TIMING ON
Running time elapsed:      0.00 Seconds
SQL> 
SQL> -- GROUP BY语法
   > -- 穷举所有数据类型进行group by查询
SQL> SELECT TSMALLINT FROM P1000 GROUP BY TSMALLINT ORDER BY TSMALLINT LIMIT 10;
+-----------+
| TSMALLINT |
+-----------+
| 16        |
| 30        |
| 38        |
| 70        |
| 75        |
| 86        |
| 111       |
| 112       |
| 186       |
| 232       |
+-----------+
10 rows selected.
Running time elapsed:     54.09 Seconds
SQL> -- 把查询出的数据insert到T_TYPE_SMALLINT表中
SQL> DROP TABLE T_TYPE_SMALLINT IF EXISTS;
0 rows affected
Running time elapsed:      0.20 Seconds
SQL> CREATE TABLE T_TYPE_SMALLINT AS (SELECT TSMALLINT FROM P1000 GROUP BY TSMALLINT) WITH DATA;
0 rows affected
Running time elapsed:    122.77 Seconds
SQL> -- 查看返回结果
SQL> SELECT * FROM T_TYPE_SMALLINT ORDER BY TSMALLINT LIMIT 10;
+-----------+
| TSMALLINT |
+-----------+
| 16        |
| 30        |
| 38        |
| 70        |
| 75        |
| 86        |
| 111       |
| 112       |
| 186       |
| 232       |
+-----------+
10 rows selected.
Running time elapsed:     26.73 Seconds
SQL> SELECT TINTEGER FROM P1000 GROUP BY TINTEGER ORDER BY TINTEGER LIMIT 10;
+----------+
| TINTEGER |
+----------+
| 2777     |
| 3358     |
| 4990     |
| 8244     |
| 24674    |
| 36068    |
| 36565    |
| 39351    |
| 40111    |
| 43988    |
+----------+
10 rows selected.
Running time elapsed:     44.78 Seconds
SQL> -- 把查询出的数据insert到T_TYPE_INTEGER表中
SQL> DROP TABLE T_TYPE_INTEGER IF EXISTS;
0 rows affected
Running time elapsed:      0.20 Seconds
SQL> CREATE TABLE T_TYPE_INTEGER AS (SELECT TINTEGER FROM P1000 GROUP BY TINTEGER) WITH DATA;
0 rows affected
Running time elapsed:     89.89 Seconds
SQL> -- 查看返回结果
SQL> SELECT * FROM T_TYPE_INTEGER ORDER BY TINTEGER LIMIT 10;
+----------+
| TINTEGER |
+----------+
| 2777     |
| 3358     |
| 4990     |
| 8244     |
| 24674    |
| 36068    |
| 36565    |
| 39351    |
| 40111    |
| 43988    |
+----------+
10 rows selected.
Running time elapsed:     31.45 Seconds
SQL> SELECT TBIGINT FROM P1000 GROUP BY TBIGINT ORDER BY TBIGINT LIMIT 10;
+-----------+
| TBIGINT   |
+-----------+
| 27770954  |
| 33582059  |
| 49909414  |
| 82449639  |
| 246745776 |
| 360689167 |
| 365656026 |
| 393510421 |
| 401113184 |
| 439883390 |
+-----------+
10 rows selected.
Running time elapsed:     21.92 Seconds
SQL> -- 把查询出的数据insert到T_TYPE_BIGINT表中
SQL> DROP TABLE T_TYPE_BIGINT IF EXISTS;
0 rows affected
Running time elapsed:      0.20 Seconds
SQL> CREATE TABLE T_TYPE_BIGINT AS (SELECT TBIGINT FROM P1000 GROUP BY TBIGINT)  WITH DATA;
0 rows affected
Running time elapsed:     23.71 Seconds
SQL> -- 查看返回结果
SQL> SELECT * FROM T_TYPE_BIGINT ORDER BY TBIGINT LIMIT 10;
+-----------+
| TBIGINT   |
+-----------+
| 27770954  |
| 33582059  |
| 49909414  |
| 82449639  |
| 246745776 |
| 360689167 |
| 365656026 |
| 393510421 |
| 401113184 |
| 439883390 |
+-----------+
10 rows selected.
Running time elapsed:      1.36 Seconds
SQL> SELECT TREAL FROM P1000 GROUP BY TREAL ORDER BY TREAL LIMIT 10;
+-------+
| TREAL |
+-------+
| 16    |
| 16.02 |
| 16.03 |
| 16.04 |
| 16.05 |
| 16.07 |
| 16.08 |
| 16.11 |
| 16.12 |
| 16.13 |
+-------+
10 rows selected.
Running time elapsed:      6.95 Seconds
SQL> -- 把查询出的数据insert到T_TYPE_REAL表中
SQL> DROP TABLE T_TYPE_REAL IF EXISTS;
0 rows affected
Running time elapsed:      0.19 Seconds
SQL> CREATE TABLE T_TYPE_REAL AS (SELECT TREAL FROM P1000 GROUP BY TREAL) WITH DATA;
0 rows affected
Running time elapsed:     21.75 Seconds
SQL> -- 查看返回结果
SQL> SELECT * FROM T_TYPE_REAL ORDER BY TREAL LIMIT 10;
+-------+
| TREAL |
+-------+
| 16    |
| 16.02 |
| 16.03 |
| 16.04 |
| 16.05 |
| 16.07 |
| 16.08 |
| 16.11 |
| 16.12 |
| 16.13 |
+-------+
10 rows selected.
Running time elapsed:      0.96 Seconds
SQL> SELECT TDOUBLE FROM P1000 GROUP BY TDOUBLE ORDER BY TDOUBLE LIMIT 10;
+---------+
| TDOUBLE |
+---------+
| 16      |
| 16.02   |
| 16.03   |
| 16.04   |
| 16.05   |
| 16.07   |
| 16.08   |
| 16.11   |
| 16.12   |
| 16.13   |
+---------+
10 rows selected.
Running time elapsed:      3.99 Seconds
SQL> -- 把查询出的数据insert到T_TYPE_DOUBLE表中
SQL> DROP TABLE T_TYPE_DOUBLE IF EXISTS;
0 rows affected
Running time elapsed:      0.21 Seconds
SQL> CREATE TABLE T_TYPE_DOUBLE AS (SELECT TDOUBLE FROM P1000 GROUP BY TDOUBLE) WITH DATA;
0 rows affected
Running time elapsed:     12.21 Seconds
SQL> -- 查看返回结果
SQL> SELECT * FROM T_TYPE_DOUBLE ORDER BY TDOUBLE LIMIT 10;
+---------+
| TDOUBLE |
+---------+
| 16      |
| 16.02   |
| 16.03   |
| 16.04   |
| 16.05   |
| 16.07   |
| 16.08   |
| 16.11   |
| 16.12   |
| 16.13   |
+---------+
10 rows selected.
Running time elapsed:      1.25 Seconds
SQL> SELECT TFLOAT FROM P1000 GROUP BY TFLOAT ORDER BY TFLOAT LIMIT 10;
+--------+
| TFLOAT |
+--------+
| 16     |
| 16.02  |
| 16.03  |
| 16.04  |
| 16.05  |
| 16.07  |
| 16.08  |
| 16.11  |
| 16.12  |
| 16.13  |
+--------+
10 rows selected.
Running time elapsed:      3.47 Seconds
SQL> -- 把查询出的数据insert到T_TYPE_FLOAT表中
SQL> DROP TABLE T_TYPE_FLOAT IF EXISTS;
0 rows affected
Running time elapsed:      0.20 Seconds
SQL> CREATE TABLE T_TYPE_FLOAT AS (SELECT TFLOAT FROM P1000 GROUP BY TFLOAT) WITH DATA;
0 rows affected
Running time elapsed:     11.18 Seconds
SQL> -- 查看返回结果
SQL> SELECT * FROM T_TYPE_FLOAT ORDER BY TFLOAT LIMIT 10;
+--------+
| TFLOAT |
+--------+
| 16     |
| 16.02  |
| 16.03  |
| 16.04  |
| 16.05  |
| 16.07  |
| 16.08  |
| 16.11  |
| 16.12  |
| 16.13  |
+--------+
10 rows selected.
Running time elapsed:      0.98 Seconds
SQL> SELECT TDECIMAL FROM P1000 GROUP BY TDECIMAL ORDER BY TDECIMAL LIMIT 10;
+----------+
| TDECIMAL |
+----------+
| 16.0     |
| 16.02    |
| 16.03    |
| 16.04    |
| 16.05    |
| 16.07    |
| 16.08    |
| 16.11    |
| 16.12    |
| 16.13    |
+----------+
10 rows selected.
Running time elapsed:      3.21 Seconds
SQL> -- 把查询出的数据insert到T_TYPE_DECIMAL表中
SQL> DROP TABLE T_TYPE_DECIMAL IF EXISTS;
0 rows affected
Running time elapsed:      0.21 Seconds
SQL> CREATE TABLE T_TYPE_DECIMAL AS (SELECT TDECIMAL FROM P1000 GROUP BY TDECIMAL) WITH DATA;
0 rows affected
Running time elapsed:     11.61 Seconds
SQL> -- 查看返回结果
SQL> SELECT * FROM T_TYPE_DECIMAL ORDER BY TDECIMAL LIMIT 10;
+----------+
| TDECIMAL |
+----------+
| 16.0     |
| 16.02    |
| 16.03    |
| 16.04    |
| 16.05    |
| 16.07    |
| 16.08    |
| 16.11    |
| 16.12    |
| 16.13    |
+----------+
10 rows selected.
Running time elapsed:      0.92 Seconds
SQL> SELECT TNUMERIC FROM P1000 GROUP BY TNUMERIC ORDER BY TNUMERIC LIMIT 10;
+----------+
| TNUMERIC |
+----------+
| 16.0016  |
| 16.003   |
| 16.0038  |
| 16.007   |
| 16.0075  |
| 16.0086  |
| 16.0111  |
| 16.0112  |
| 16.0186  |
| 16.0232  |
+----------+
10 rows selected.
Running time elapsed:      3.22 Seconds
SQL> -- 把查询出的数据insert到T_TYPE_NUMERIC表中
SQL> DROP TABLE T_TYPE_NUMERIC IF EXISTS;
0 rows affected
Running time elapsed:      0.19 Seconds
SQL> CREATE TABLE T_TYPE_NUMERIC AS (SELECT TNUMERIC FROM P1000 GROUP BY TNUMERIC) WITH DATA;
0 rows affected
Running time elapsed:     10.45 Seconds
SQL> -- 查看返回结果
SQL> SELECT * FROM T_TYPE_NUMERIC ORDER BY TNUMERIC LIMIT 10;
+----------+
| TNUMERIC |
+----------+
| 16.0016  |
| 16.003   |
| 16.0038  |
| 16.007   |
| 16.0075  |
| 16.0086  |
| 16.0111  |
| 16.0112  |
| 16.0186  |
| 16.0232  |
+----------+
10 rows selected.
Running time elapsed:      1.28 Seconds
SQL> SELECT TDATE FROM P1000 GROUP BY TDATE ORDER BY TDATE LIMIT 10;
+-----------+
| TDATE     |
+-----------+
| 1979-1-1  |
| 1979-1-2  |
| 1979-1-3  |
| 1979-1-4  |
| 1979-1-5  |
| 1979-1-6  |
| 1979-1-7  |
| 1979-1-8  |
| 1979-1-9  |
| 1979-1-10 |
+-----------+
10 rows selected.
Running time elapsed:      2.52 Seconds
SQL> -- 把查询出的数据insert到T_TYPE_DATE表中
SQL> DROP TABLE T_TYPE_DATE IF EXISTS;
0 rows affected
Running time elapsed:      0.20 Seconds
SQL> CREATE TABLE T_TYPE_DATE AS (SELECT TDATE FROM P1000 GROUP BY TDATE) WITH DATA;
0 rows affected
Running time elapsed:      9.94 Seconds
SQL> SELECT * FROM T_TYPE_DATE ORDER BY TDATE LIMIT 10;
+-----------+
| TDATE     |
+-----------+
| 1979-1-1  |
| 1979-1-2  |
| 1979-1-3  |
| 1979-1-4  |
| 1979-1-5  |
| 1979-1-6  |
| 1979-1-7  |
| 1979-1-8  |
| 1979-1-9  |
| 1979-1-10 |
+-----------+
10 rows selected.
Running time elapsed:      0.84 Seconds
SQL> SELECT TTIMESTAMP FROM P1000 GROUP BY TTIMESTAMP ORDER BY TTIMESTAMP LIMIT 10;
+---------------------+
| TTIMESTAMP          |
+---------------------+
| 1979-01-01 00:00:31 |
| 1979-01-01 00:02:27 |
| 1979-01-01 00:08:21 |
| 1979-01-01 00:10:29 |
| 1979-01-01 00:13:48 |
| 1979-01-01 00:17:18 |
| 1979-01-01 00:25:36 |
| 1979-01-01 00:25:59 |
| 1979-01-01 00:26:26 |
| 1979-01-01 00:30:20 |
+---------------------+
10 rows selected.
Running time elapsed:      3.44 Seconds
SQL> -- 把查询出的数据insert到T_TYPE_TIMESTAMP表中
SQL> DROP TABLE T_TYPE_TIMESTAMP IF EXISTS;
0 rows affected
Running time elapsed:      0.19 Seconds
SQL> CREATE TABLE T_TYPE_TIMESTAMP AS (SELECT TTIMESTAMP FROM P1000 GROUP BY TTIMESTAMP) WITH DATA;
0 rows affected
Running time elapsed:     11.55 Seconds
SQL> -- 查看返回结果
SQL> SELECT * FROM T_TYPE_TIMESTAMP ORDER BY TTIMESTAMP LIMIT 10;
+---------------------+
| TTIMESTAMP          |
+---------------------+
| 1979-01-01 00:00:31 |
| 1979-01-01 00:02:27 |
| 1979-01-01 00:08:21 |
| 1979-01-01 00:10:29 |
| 1979-01-01 00:13:48 |
| 1979-01-01 00:17:18 |
| 1979-01-01 00:25:36 |
| 1979-01-01 00:25:59 |
| 1979-01-01 00:26:26 |
| 1979-01-01 00:30:20 |
+---------------------+
10 rows selected.
Running time elapsed:      0.89 Seconds
SQL> SELECT TBOOL FROM P1000 GROUP BY TBOOL ORDER BY TBOOL LIMIT 10;
+-------+
| TBOOL |
+-------+
| False |
| True  |
+-------+
2 rows selected.
Running time elapsed:      1.59 Seconds
SQL> -- 把查询出的数据insert到T_TYPE_BOOL表中
SQL> DROP TABLE T_TYPE_BOOL IF EXISTS;
0 rows affected
Running time elapsed:      0.19 Seconds
SQL> CREATE TABLE T_TYPE_BOOL AS (SELECT TBOOL FROM P1000 GROUP BY TBOOL) WITH DATA;
0 rows affected
Running time elapsed:      3.44 Seconds
SQL> -- 查看返回结果
SQL> SELECT * FROM T_TYPE_BOOL ORDER BY TBOOL LIMIT 10;
+-------+
| TBOOL |
+-------+
| False |
| True  |
+-------+
2 rows selected.
Running time elapsed:      0.44 Seconds
SQL> SELECT TCHAR FROM P1000 GROUP BY TCHAR ORDER BY TCHAR LIMIT 10;
+-----------------------------------------------------------------------------------------------------------------------------------------------------------------------------------------------------------------------------------------------------------------+
| TCHAR                                                                                                                                                                                                                                                           |
+-----------------------------------------------------------------------------------------------------------------------------------------------------------------------------------------------------------------------------------------------------------------+
| 00Yp4DMxZ9hPOVwsqXazo141sCXqxnluJF7YH2NRveJZx3XJbd                                                                                                                                                                                                              |
| 01fenKRX0xnAlT5KcHsM3FogARg6T1UnLEsvrgtNsm5Xce2oEY                                                                                                                                                                                                              |
| 0211FEbiYdJUGnFxH91Xnrhcn3tAqnXAF3P3cbeDCYCEN63Kqh                                                                                                                                                                                                              |
| 02MzKlKczsTbzNdEhEqr1vim4uyCHtzS9G1vf6H9wsv8XpqeeE                                                                                                                                                                                                              |
| 03K4tOHEje2KLkocP5iGfgZFWCEM1y7X7sDwCZcd6yhY5j1yH4                                                                                                                                                                                                              |
| 04cW1XDXbpVzcjGcgwdUxIHKjbac0smxGrG6fMsA3OEGN7SDbl                                                                                                                                                                                                              |
| 05DReCgk1YlG515yiRPdf12XgNHVXRMtjoTe7dwPRIJuj1A4e5                                                                                                                                                                                                              |
| 0618kq7yjlFM3fRzgFGZyswvLrYudK1snuGTuZXmPUsoM7CHTm                                                                                                                                                                                                              |
| 06Xzyij776CSPxIbVKCEDjiLIgDqlgywPfBXD4FM5L1xCRu5FI                                                                                                                                                                                                              |
| 06gf53PWtrpKOVHqToc6gKTo9Gq5z54Mi9aMvGDcxlKyOZ6IK5                                                                                                                                                                                                              |
+-----------------------------------------------------------------------------------------------------------------------------------------------------------------------------------------------------------------------------------------------------------------+
10 rows selected.
Running time elapsed:      3.00 Seconds
SQL> -- 把查询出的数据insert到T_TYPE_CHAR表中
SQL> DROP TABLE T_TYPE_CHAR IF EXISTS;
0 rows affected
Running time elapsed:      0.20 Seconds
SQL> CREATE TABLE T_TYPE_CHAR AS (SELECT TCHAR FROM P1000 GROUP BY TCHAR) WITH DATA;
0 rows affected
Running time elapsed:      9.51 Seconds
SQL> -- 查看返回结果
SQL> SELECT * FROM T_TYPE_CHAR ORDER BY TCHAR LIMIT 10;
+-----------------------------------------------------------------------------------------------------------------------------------------------------------------------------------------------------------------------------------------------------------------+
| TCHAR                                                                                                                                                                                                                                                           |
+-----------------------------------------------------------------------------------------------------------------------------------------------------------------------------------------------------------------------------------------------------------------+
| 00Yp4DMxZ9hPOVwsqXazo141sCXqxnluJF7YH2NRveJZx3XJbd                                                                                                                                                                                                              |
| 01fenKRX0xnAlT5KcHsM3FogARg6T1UnLEsvrgtNsm5Xce2oEY                                                                                                                                                                                                              |
| 0211FEbiYdJUGnFxH91Xnrhcn3tAqnXAF3P3cbeDCYCEN63Kqh                                                                                                                                                                                                              |
| 02MzKlKczsTbzNdEhEqr1vim4uyCHtzS9G1vf6H9wsv8XpqeeE                                                                                                                                                                                                              |
| 03K4tOHEje2KLkocP5iGfgZFWCEM1y7X7sDwCZcd6yhY5j1yH4                                                                                                                                                                                                              |
| 04cW1XDXbpVzcjGcgwdUxIHKjbac0smxGrG6fMsA3OEGN7SDbl                                                                                                                                                                                                              |
| 05DReCgk1YlG515yiRPdf12XgNHVXRMtjoTe7dwPRIJuj1A4e5                                                                                                                                                                                                              |
| 0618kq7yjlFM3fRzgFGZyswvLrYudK1snuGTuZXmPUsoM7CHTm                                                                                                                                                                                                              |
| 06Xzyij776CSPxIbVKCEDjiLIgDqlgywPfBXD4FM5L1xCRu5FI                                                                                                                                                                                                              |
| 06gf53PWtrpKOVHqToc6gKTo9Gq5z54Mi9aMvGDcxlKyOZ6IK5                                                                                                                                                                                                              |
+-----------------------------------------------------------------------------------------------------------------------------------------------------------------------------------------------------------------------------------------------------------------+
10 rows selected.
Running time elapsed:      0.95 Seconds
SQL> SELECT TVARCHAR FROM P1000 GROUP BY TVARCHAR ORDER BY TVARCHAR LIMIT 10;
+------------------------------------------------------------------------------------------------------+
| TVARCHAR                                                                                             |
+------------------------------------------------------------------------------------------------------+
| 00Yp4DMxZ9hPOVwsqXazo141sCXqxnluJF7YH2NRveJZx3XJbdcdKUGWvVLD9YjfYlb2xrcTY8dTr00Ldbx9iAo2UreComC7je2g |
| 01fenKRX0xnAlT5KcHsM3FogARg6T1UnLEsvrgtNsm5Xce2oEYDsZYRRxET579FCaXdtYz4uzKPdBCzo3LRc6G6olGhDzkpze7J0 |
| 0211FEbiYdJUGnFxH91Xnrhcn3tAqnXAF3P3cbeDCYCEN63KqhBHucNjzzzl0SxBk2YlD4YKvWDgfETgfB1KjZwVxhXWylD7nO89 |
| 02MzKlKczsTbzNdEhEqr1vim4uyCHtzS9G1vf6H9wsv8XpqeeEzTxks6Gy7rXDAhYzndgrch9bVRsD9748tdWMUR8UdSiNL2HE1T |
| 03K4tOHEje2KLkocP5iGfgZFWCEM1y7X7sDwCZcd6yhY5j1yH4LlRhRHZHAysZY77hqzb4NzjM03TNZJVPzqmiIwE2LxfVFGsA4N |
| 04cW1XDXbpVzcjGcgwdUxIHKjbac0smxGrG6fMsA3OEGN7SDblJ9k4MxFOHzH5mvAlVROEdDdN9hHZY2icRfRdGSJfVs4qCu06G1 |
| 05DReCgk1YlG515yiRPdf12XgNHVXRMtjoTe7dwPRIJuj1A4e5q4l1yqUxxwGnPUvq6aHeUXIoUHm9vJiA7Z7vnwWUKPVwIZ07Si |
| 0618kq7yjlFM3fRzgFGZyswvLrYudK1snuGTuZXmPUsoM7CHTmg0UOLBsxUJybSvUAz94gUVKRH7CorhtNeqNTgxMvlGUSVV7skF |
| 06Xzyij776CSPxIbVKCEDjiLIgDqlgywPfBXD4FM5L1xCRu5FIt4IYGcI31FjkBgfdXB7g4VddNCLsHJ96BMBxKRoV0RxRCevRUq |
| 06gf53PWtrpKOVHqToc6gKTo9Gq5z54Mi9aMvGDcxlKyOZ6IK5TXR48KpyquIAIeZe25WuZFaRMENDBV8PFDLRpHK9UyHsxFo1Tw |
+------------------------------------------------------------------------------------------------------+
10 rows selected.
Running time elapsed:      3.08 Seconds
SQL> -- 把查询出的数据insert到T_TYPE_VARCHAR表中
SQL> DROP TABLE T_TYPE_VARCHAR IF EXISTS;
0 rows affected
Running time elapsed:      0.20 Seconds
SQL> CREATE TABLE T_TYPE_VARCHAR AS (SELECT TVARCHAR FROM P1000 GROUP BY TVARCHAR) WITH DATA;
0 rows affected
Running time elapsed:      9.84 Seconds
SQL> -- 查看返回结果
SQL> SELECT * FROM T_TYPE_VARCHAR ORDER BY TVARCHAR LIMIT 10;
+------------------------------------------------------------------------------------------------------+
| TVARCHAR                                                                                             |
+------------------------------------------------------------------------------------------------------+
| 00Yp4DMxZ9hPOVwsqXazo141sCXqxnluJF7YH2NRveJZx3XJbdcdKUGWvVLD9YjfYlb2xrcTY8dTr00Ldbx9iAo2UreComC7je2g |
| 01fenKRX0xnAlT5KcHsM3FogARg6T1UnLEsvrgtNsm5Xce2oEYDsZYRRxET579FCaXdtYz4uzKPdBCzo3LRc6G6olGhDzkpze7J0 |
| 0211FEbiYdJUGnFxH91Xnrhcn3tAqnXAF3P3cbeDCYCEN63KqhBHucNjzzzl0SxBk2YlD4YKvWDgfETgfB1KjZwVxhXWylD7nO89 |
| 02MzKlKczsTbzNdEhEqr1vim4uyCHtzS9G1vf6H9wsv8XpqeeEzTxks6Gy7rXDAhYzndgrch9bVRsD9748tdWMUR8UdSiNL2HE1T |
| 03K4tOHEje2KLkocP5iGfgZFWCEM1y7X7sDwCZcd6yhY5j1yH4LlRhRHZHAysZY77hqzb4NzjM03TNZJVPzqmiIwE2LxfVFGsA4N |
| 04cW1XDXbpVzcjGcgwdUxIHKjbac0smxGrG6fMsA3OEGN7SDblJ9k4MxFOHzH5mvAlVROEdDdN9hHZY2icRfRdGSJfVs4qCu06G1 |
| 05DReCgk1YlG515yiRPdf12XgNHVXRMtjoTe7dwPRIJuj1A4e5q4l1yqUxxwGnPUvq6aHeUXIoUHm9vJiA7Z7vnwWUKPVwIZ07Si |
| 0618kq7yjlFM3fRzgFGZyswvLrYudK1snuGTuZXmPUsoM7CHTmg0UOLBsxUJybSvUAz94gUVKRH7CorhtNeqNTgxMvlGUSVV7skF |
| 06Xzyij776CSPxIbVKCEDjiLIgDqlgywPfBXD4FM5L1xCRu5FIt4IYGcI31FjkBgfdXB7g4VddNCLsHJ96BMBxKRoV0RxRCevRUq |
| 06gf53PWtrpKOVHqToc6gKTo9Gq5z54Mi9aMvGDcxlKyOZ6IK5TXR48KpyquIAIeZe25WuZFaRMENDBV8PFDLRpHK9UyHsxFo1Tw |
+------------------------------------------------------------------------------------------------------+
10 rows selected.
Running time elapsed:      1.00 Seconds
SQL> 
SQL> 
SQL> -- 不同数据类型组合进行group by查询
   > -- 3种整型数据类型组合
SQL> SELECT TSMALLINT,TINTEGER,TBIGINT
   > FROM P1000 GROUP BY TSMALLINT, TINTEGER,TBIGINT
   > ORDER BY TSMALLINT,TINTEGER,TBIGINT LIMIT 10;
+-----------+----------+--------------+
| TSMALLINT | TINTEGER | TBIGINT      |
+-----------+----------+--------------+
| 16        | 2777     | 132594720252 |
| 16        | 4990     | 193636974007 |
| 16        | 4990     | 947466609911 |
| 16        | 36068    | 863723665551 |
| 16        | 36068    | 903899013508 |
| 16        | 36565    | 706634624539 |
| 16        | 40111    | 823194049533 |
| 16        | 78784    | 442883665312 |
| 16        | 78784    | 558126882701 |
| 16        | 80728    | 906569997380 |
+-----------+----------+--------------+
10 rows selected.
Running time elapsed:      2.97 Seconds
SQL> 
SQL> -- 把查询出的数据insert到T_TYPE_INTS表中
SQL> DROP TABLE T_TYPE_INTS IF EXISTS;
0 rows affected
Running time elapsed:      0.27 Seconds
SQL> CREATE TABLE T_TYPE_INTS AS (SELECT TSMALLINT,TINTEGER,TBIGINT FROM P1000 GROUP BY TSMALLINT, TINTEGER,TBIGINT) WITH DATA;
0 rows affected
Running time elapsed:     10.50 Seconds
SQL> -- 查看返回结果
SQL> SELECT * FROM T_TYPE_INTS ORDER BY TSMALLINT,TINTEGER,TBIGINT LIMIT 10;
+-----------+----------+--------------+
| TSMALLINT | TINTEGER | TBIGINT      |
+-----------+----------+--------------+
| 16        | 2777     | 132594720252 |
| 16        | 4990     | 193636974007 |
| 16        | 4990     | 947466609911 |
| 16        | 36068    | 863723665551 |
| 16        | 36068    | 903899013508 |
| 16        | 36565    | 706634624539 |
| 16        | 40111    | 823194049533 |
| 16        | 78784    | 442883665312 |
| 16        | 78784    | 558126882701 |
| 16        | 80728    | 906569997380 |
+-----------+----------+--------------+
10 rows selected.
Running time elapsed:      1.00 Seconds
SQL> 
SQL> -- 5种浮点型数据类型组合
SQL> SELECT TREAL,TDOUBLE,TFLOAT,TDECIMAL,TNUMERIC FROM P1000 GROUP BY TREAL, TDOUBLE, TFLOAT, TDECIMAL, TNUMERIC ORDER BY TREAL,TDOUBLE,TFLOAT LIMIT 10;
+-------+---------+---------+----------+-----------+
| TREAL | TDOUBLE | TFLOAT  | TDECIMAL | TNUMERIC  |
+-------+---------+---------+----------+-----------+
| 16    | 75.53   | 9583.11 | 8130.61  | 5464.3584 |
| 16    | 407.57  | 1108.13 | 6729.75  | 375.3299  |
| 16    | 489.21  | 9140.73 | 9508.08  | 2529.8773 |
| 16    | 519.07  | 1871.99 | 2463.79  | 9367.9279 |
| 16    | 646.57  | 3815.67 | 8639.02  | 8288.4953 |
| 16    | 647.13  | 7154.53 | 6068.99  | 3797.2422 |
| 16    | 695.02  | 5559.33 | 3882.2   | 4768.8532 |
| 16    | 778.27  | 5509.41 | 8522.44  | 9361.9051 |
| 16    | 876.82  | 7574.84 | 5529.11  | 186.5201  |
| 16    | 927.11  | 2202.16 | 2282.82  | 948.4616  |
+-------+---------+---------+----------+-----------+
10 rows selected.
Running time elapsed:      2.66 Seconds
SQL> -- 把查询出的数据insert到T_TYPE_FLOATS表中
SQL> DROP TABLE T_TYPE_FLOATS IF EXISTS;
0 rows affected
Running time elapsed:      0.22 Seconds
SQL> CREATE TABLE T_TYPE_FLOATS AS (SELECT TREAL,TDOUBLE,TFLOAT,TDECIMAL,TNUMERIC FROM P1000 GROUP BY TREAL, TDOUBLE, TFLOAT, TDECIMAL, TNUMERIC) WITH DATA;
0 rows affected
Running time elapsed:      9.68 Seconds
SQL> -- 查看返回结果
SQL> SELECT * FROM T_TYPE_FLOATS ORDER BY TREAL,TDOUBLE,TFLOAT LIMIT 10;
+-------+---------+---------+----------+-----------+
| TREAL | TDOUBLE | TFLOAT  | TDECIMAL | TNUMERIC  |
+-------+---------+---------+----------+-----------+
| 16    | 75.53   | 9583.11 | 8130.61  | 5464.3584 |
| 16    | 407.57  | 1108.13 | 6729.75  | 375.3299  |
| 16    | 489.21  | 9140.73 | 9508.08  | 2529.8773 |
| 16    | 519.07  | 1871.99 | 2463.79  | 9367.9279 |
| 16    | 646.57  | 3815.67 | 8639.02  | 8288.4953 |
| 16    | 647.13  | 7154.53 | 6068.99  | 3797.2422 |
| 16    | 695.02  | 5559.33 | 3882.2   | 4768.8532 |
| 16    | 778.27  | 5509.41 | 8522.44  | 9361.9051 |
| 16    | 876.82  | 7574.84 | 5529.11  | 186.5201  |
| 16    | 927.11  | 2202.16 | 2282.82  | 948.4616  |
+-------+---------+---------+----------+-----------+
10 rows selected.
Running time elapsed:      1.53 Seconds
SQL> 
SQL> -- 2种字符型数据类型组合
SQL> SELECT TCHAR,TVARCHAR FROM P1000 GROUP BY TCHAR, TVARCHAR ORDER BY TCHAR,TVARCHAR LIMIT 10;
+-----------------------------------------------------------------------------------------------------------------------------------------------------------------------------------------------------------------------------------------------------------------+------------------------------------------------------------------------------------------------------+
| TCHAR                                                                                                                                                                                                                                                           | TVARCHAR                                                                                             |
+-----------------------------------------------------------------------------------------------------------------------------------------------------------------------------------------------------------------------------------------------------------------+------------------------------------------------------------------------------------------------------+
| 00Yp4DMxZ9hPOVwsqXazo141sCXqxnluJF7YH2NRveJZx3XJbd                                                                                                                                                                                                              | 08R9cHeiUFKhnynSYHqRkk4bFubBAPEBaKGJZeVIKLoDN2xp8Tw65TDJLnl5O48R3ltIjbLjILLW3RNPTHBMqGDEUYinCzG6wyel |
| 00Yp4DMxZ9hPOVwsqXazo141sCXqxnluJF7YH2NRveJZx3XJbd                                                                                                                                                                                                              | 08j6NvJ68WnxC5plj7I3A9zrC7L7b2Dnn6dmEzxVlAtRxRkocW0mhs2fg1f2D1H3JPnBzgPR15wozGCiSSdzEmtCjAHBCoaNhuG2 |
| 00Yp4DMxZ9hPOVwsqXazo141sCXqxnluJF7YH2NRveJZx3XJbd                                                                                                                                                                                                              | 0B4YRvvoipnT8R0vYdzDuVdq1YNgWtdNa4oL9KrB7Daj7mNgzyno9OJ3wKT0uEGGccew6S8S7wfDRjKLnbnqEYt0VGnjUaDxNIRg |
| 00Yp4DMxZ9hPOVwsqXazo141sCXqxnluJF7YH2NRveJZx3XJbd                                                                                                                                                                                                              | 0DpbeP689pVJ0Hlcep2HGh0GCLFC3oFDiZBm0IHm4beBNvoRdMnh3MjpNa6FPkeEzFGEu4onE3ZDLkYg0CtfKURJs7OJibrrjl3o |
| 00Yp4DMxZ9hPOVwsqXazo141sCXqxnluJF7YH2NRveJZx3XJbd                                                                                                                                                                                                              | 0IjellZi0VBV3HqNJJHIk4HTRZGiFEz5oRRTjDVXxATDGqJtvk9qCw3GfakJzzIvZfzOvkK2XYLTGsNdDZufWEMYBKSHinB99Cwy |
| 00Yp4DMxZ9hPOVwsqXazo141sCXqxnluJF7YH2NRveJZx3XJbd                                                                                                                                                                                                              | 0MAu3XOzRNhcEKhmbXo1UB78E2xAHMl5IXFUSfwan8dCo3Ns0MaHMPTxvpppVB6wRjwlfy7KalvAy0IKhF0siZEcKZG7JU65u29N |
| 00Yp4DMxZ9hPOVwsqXazo141sCXqxnluJF7YH2NRveJZx3XJbd                                                                                                                                                                                                              | 0NRFlEFkU8xwx50DBqOq0ZdruBgFVyjZNvujzqMGKxebmi8DsAgvlV4KR2BlytJSOys8om932rI7AzpCrlrR1i9W0ZjAADMULGXM |
| 00Yp4DMxZ9hPOVwsqXazo141sCXqxnluJF7YH2NRveJZx3XJbd                                                                                                                                                                                                              | 0P9yujXt7PHJNqeY97ubDlYRRKWYtUZuqKhbB4RHafciN3lCwDzLRpbYJtb6RyYOnwNee3H9LfdekJouUBHEpdFAACnsKnut5OXz |
| 00Yp4DMxZ9hPOVwsqXazo141sCXqxnluJF7YH2NRveJZx3XJbd                                                                                                                                                                                                              | 0jFTeIwZMsdGJzDP53vzckxRL3HsfAqSJ9EU2ziR7NgB9aDKem5omADMBJRVksa5oRwdvkxpOdbDg24duRroJFF8Og9psAgHzRSp |
| 00Yp4DMxZ9hPOVwsqXazo141sCXqxnluJF7YH2NRveJZx3XJbd                                                                                                                                                                                                              | 0kRPUTfYSgRkYpedvI6qEgljlw2kpclPgNEX8Iidm4lETRRRdZZXBIo2mIIn8fLlInVjZERib7NhGPnx0MLNc9W2nikECFhbJMHj |
+-----------------------------------------------------------------------------------------------------------------------------------------------------------------------------------------------------------------------------------------------------------------+------------------------------------------------------------------------------------------------------+
10 rows selected.
Running time elapsed:      3.30 Seconds
SQL> -- 把查询出的数据insert到T_TYPE_CHARS表中
SQL> DROP TABLE T_TYPE_CHARS IF EXISTS;
0 rows affected
Running time elapsed:      0.20 Seconds
SQL> CREATE TABLE T_TYPE_CHARS AS (SELECT TCHAR,TVARCHAR FROM P1000 GROUP BY TCHAR, TVARCHAR) WITH DATA;
0 rows affected
Running time elapsed:     12.87 Seconds
SQL> -- 查看返回结果
SQL> SELECT * FROM T_TYPE_CHARS ORDER BY TCHAR,TVARCHAR LIMIT 10;
+-----------------------------------------------------------------------------------------------------------------------------------------------------------------------------------------------------------------------------------------------------------------+------------------------------------------------------------------------------------------------------+
| TCHAR                                                                                                                                                                                                                                                           | TVARCHAR                                                                                             |
+-----------------------------------------------------------------------------------------------------------------------------------------------------------------------------------------------------------------------------------------------------------------+------------------------------------------------------------------------------------------------------+
| 00Yp4DMxZ9hPOVwsqXazo141sCXqxnluJF7YH2NRveJZx3XJbd                                                                                                                                                                                                              | 08R9cHeiUFKhnynSYHqRkk4bFubBAPEBaKGJZeVIKLoDN2xp8Tw65TDJLnl5O48R3ltIjbLjILLW3RNPTHBMqGDEUYinCzG6wyel |
| 00Yp4DMxZ9hPOVwsqXazo141sCXqxnluJF7YH2NRveJZx3XJbd                                                                                                                                                                                                              | 08j6NvJ68WnxC5plj7I3A9zrC7L7b2Dnn6dmEzxVlAtRxRkocW0mhs2fg1f2D1H3JPnBzgPR15wozGCiSSdzEmtCjAHBCoaNhuG2 |
| 00Yp4DMxZ9hPOVwsqXazo141sCXqxnluJF7YH2NRveJZx3XJbd                                                                                                                                                                                                              | 0B4YRvvoipnT8R0vYdzDuVdq1YNgWtdNa4oL9KrB7Daj7mNgzyno9OJ3wKT0uEGGccew6S8S7wfDRjKLnbnqEYt0VGnjUaDxNIRg |
| 00Yp4DMxZ9hPOVwsqXazo141sCXqxnluJF7YH2NRveJZx3XJbd                                                                                                                                                                                                              | 0DpbeP689pVJ0Hlcep2HGh0GCLFC3oFDiZBm0IHm4beBNvoRdMnh3MjpNa6FPkeEzFGEu4onE3ZDLkYg0CtfKURJs7OJibrrjl3o |
| 00Yp4DMxZ9hPOVwsqXazo141sCXqxnluJF7YH2NRveJZx3XJbd                                                                                                                                                                                                              | 0IjellZi0VBV3HqNJJHIk4HTRZGiFEz5oRRTjDVXxATDGqJtvk9qCw3GfakJzzIvZfzOvkK2XYLTGsNdDZufWEMYBKSHinB99Cwy |
| 00Yp4DMxZ9hPOVwsqXazo141sCXqxnluJF7YH2NRveJZx3XJbd                                                                                                                                                                                                              | 0MAu3XOzRNhcEKhmbXo1UB78E2xAHMl5IXFUSfwan8dCo3Ns0MaHMPTxvpppVB6wRjwlfy7KalvAy0IKhF0siZEcKZG7JU65u29N |
| 00Yp4DMxZ9hPOVwsqXazo141sCXqxnluJF7YH2NRveJZx3XJbd                                                                                                                                                                                                              | 0NRFlEFkU8xwx50DBqOq0ZdruBgFVyjZNvujzqMGKxebmi8DsAgvlV4KR2BlytJSOys8om932rI7AzpCrlrR1i9W0ZjAADMULGXM |
| 00Yp4DMxZ9hPOVwsqXazo141sCXqxnluJF7YH2NRveJZx3XJbd                                                                                                                                                                                                              | 0P9yujXt7PHJNqeY97ubDlYRRKWYtUZuqKhbB4RHafciN3lCwDzLRpbYJtb6RyYOnwNee3H9LfdekJouUBHEpdFAACnsKnut5OXz |
| 00Yp4DMxZ9hPOVwsqXazo141sCXqxnluJF7YH2NRveJZx3XJbd                                                                                                                                                                                                              | 0jFTeIwZMsdGJzDP53vzckxRL3HsfAqSJ9EU2ziR7NgB9aDKem5omADMBJRVksa5oRwdvkxpOdbDg24duRroJFF8Og9psAgHzRSp |
| 00Yp4DMxZ9hPOVwsqXazo141sCXqxnluJF7YH2NRveJZx3XJbd                                                                                                                                                                                                              | 0kRPUTfYSgRkYpedvI6qEgljlw2kpclPgNEX8Iidm4lETRRRdZZXBIo2mIIn8fLlInVjZERib7NhGPnx0MLNc9W2nikECFhbJMHj |
+-----------------------------------------------------------------------------------------------------------------------------------------------------------------------------------------------------------------------------------------------------------------+------------------------------------------------------------------------------------------------------+
10 rows selected.
Running time elapsed:      1.29 Seconds
SQL> 
SQL> -- 2种日期类型数据类型组合
SQL> SELECT TDATE,TTIMESTAMP FROM P1000 GROUP BY TDATE,TTIMESTAMP ORDER BY TTIMESTAMP LIMIT 10;
+------------+---------------------+
| TDATE      | TTIMESTAMP          |
+------------+---------------------+
| 2002-2-18  | 1979-01-01 00:00:31 |
| 1990-8-2   | 1979-01-01 00:02:27 |
| 2038-11-7  | 1979-01-01 00:08:21 |
| 2042-12-7  | 1979-01-01 00:10:29 |
| 2008-12-25 | 1979-01-01 00:13:48 |
| 1987-8-2   | 1979-01-01 00:17:18 |
| 1992-12-18 | 1979-01-01 00:25:36 |
| 2039-12-21 | 1979-01-01 00:25:59 |
| 2040-2-26  | 1979-01-01 00:26:26 |
| 2033-9-25  | 1979-01-01 00:30:20 |
+------------+---------------------+
10 rows selected.
Running time elapsed:      2.69 Seconds
SQL> -- 把查询出的数据insert到T_TYPE_DATES表中
SQL> DROP TABLE T_TYPE_DATES IF EXISTS;
0 rows affected
Running time elapsed:      0.27 Seconds
SQL> CREATE TABLE T_TYPE_DATES AS (SELECT TDATE,TTIMESTAMP FROM P1000 GROUP BY TDATE,TTIMESTAMP) WITH DATA;
0 rows affected
Running time elapsed:      9.84 Seconds
SQL> -- 查看返回结果
SQL> SELECT * FROM T_TYPE_DATES ORDER BY TTIMESTAMP LIMIT 10;
+------------+---------------------+
| TDATE      | TTIMESTAMP          |
+------------+---------------------+
| 2002-2-18  | 1979-01-01 00:00:31 |
| 1990-8-2   | 1979-01-01 00:02:27 |
| 2038-11-7  | 1979-01-01 00:08:21 |
| 2042-12-7  | 1979-01-01 00:10:29 |
| 2008-12-25 | 1979-01-01 00:13:48 |
| 1987-8-2   | 1979-01-01 00:17:18 |
| 1992-12-18 | 1979-01-01 00:25:36 |
| 2039-12-21 | 1979-01-01 00:25:59 |
| 2040-2-26  | 1979-01-01 00:26:26 |
| 2033-9-25  | 1979-01-01 00:30:20 |
+------------+---------------------+
10 rows selected.
Running time elapsed:      1.26 Seconds
SQL> 
SQL> -- 整型，浮点型，字符型，日期型4种数据类型组合
SQL> SELECT TBIGINT,TDOUBLE,TCHAR,TDATE FROM P1000 GROUP BY TBIGINT, TDOUBLE, TCHAR,TDATE ORDER BY TBIGINT,TDOUBLE,TCHAR LIMIT 10;
+----------+---------+-----------------------------------------------------------------------------------------------------------------------------------------------------------------------------------------------------------------------------------------------------------------+------------+
| TBIGINT  | TDOUBLE | TCHAR                                                                                                                                                                                                                                                           | TDATE      |
+----------+---------+-----------------------------------------------------------------------------------------------------------------------------------------------------------------------------------------------------------------------------------------------------------------+------------+
| 27770954 | 16.02   | Lrt059AHPtP5XapR0Yi7Ti7gpy8YxmHg8tUO5jKERjFRJeCkF5                                                                                                                                                                                                              | 2024-3-31  |
| 27770954 | 16.25   | ABF33nte6i19WSTzxzR4OFMz1e1559mxLfdA9RHXFW3izgfYIR                                                                                                                                                                                                              | 2025-7-13  |
| 27770954 | 16.5    | ulM2SJIXj6yUvFkT7Bg7RTXBWKf5FAOfaJUYlpjkha7JCKNCph                                                                                                                                                                                                              | 2022-5-26  |
| 27770954 | 38.62   | fYUwDYmHYRPMv2A9vy0zi8blL03AxppIMI7EnDEdqhxVUefbyh                                                                                                                                                                                                              | 2010-4-16  |
| 27770954 | 38.95   | vPRfy5LdoxeYisxayXd6sWcm8L5TUzVtFtBHN410qN8G5TLleW                                                                                                                                                                                                              | 2025-11-22 |
| 27770954 | 86.67   | TuADGAWJywneZJwxuPGi4oSRuKdcE1kImyAytAKRSmw9AMIzyr                                                                                                                                                                                                              | 2018-6-28  |
| 27770954 | 111.6   | bNtoOFb63T18EuWbWEiZL4GvpV0y6P5Zn8eFfayqlEmjyocA2W                                                                                                                                                                                                              | 1989-3-1   |
| 27770954 | 111.67  | kmLcVzcAE4aE7o7639xRbyBqNC4mYALD8R76vzFvFkHMO2CueR                                                                                                                                                                                                              | 2013-9-27  |
| 27770954 | 112.7   | TuXek6Rmg4RpW2tIekfB7WsD3gwzwhCpNeHhbOZaFstiBUKBF8                                                                                                                                                                                                              | 1998-5-29  |
| 27770954 | 186.03  | mCiD1pLk2HRIu58LqMRKzTM704lSvGANdKIwsVx7sHPFD12VIW                                                                                                                                                                                                              | 1988-1-20  |
+----------+---------+-----------------------------------------------------------------------------------------------------------------------------------------------------------------------------------------------------------------------------------------------------------------+------------+
10 rows selected.
Running time elapsed:      2.62 Seconds
SQL> -- 把查询出的数据insert到T_TYPE_ARRAY4表中
SQL> DROP TABLE T_TYPE_ARRAY4 IF EXISTS;
0 rows affected
Running time elapsed:      0.16 Seconds
SQL> CREATE TABLE T_TYPE_ARRAY4 AS (SELECT TBIGINT,TDOUBLE,TCHAR,TDATE FROM P1000 GROUP BY TBIGINT, TDOUBLE, TCHAR,TDATE) WITH DATA;
0 rows affected
Running time elapsed:     15.84 Seconds
SQL> -- 查看返回结果
SQL> SELECT * FROM T_TYPE_ARRAY4 ORDER BY TBIGINT,TDOUBLE,TCHAR LIMIT 10;
+----------+---------+-----------------------------------------------------------------------------------------------------------------------------------------------------------------------------------------------------------------------------------------------------------------+------------+
| TBIGINT  | TDOUBLE | TCHAR                                                                                                                                                                                                                                                           | TDATE      |
+----------+---------+-----------------------------------------------------------------------------------------------------------------------------------------------------------------------------------------------------------------------------------------------------------------+------------+
| 27770954 | 16.02   | Lrt059AHPtP5XapR0Yi7Ti7gpy8YxmHg8tUO5jKERjFRJeCkF5                                                                                                                                                                                                              | 2024-3-31  |
| 27770954 | 16.25   | ABF33nte6i19WSTzxzR4OFMz1e1559mxLfdA9RHXFW3izgfYIR                                                                                                                                                                                                              | 2025-7-13  |
| 27770954 | 16.5    | ulM2SJIXj6yUvFkT7Bg7RTXBWKf5FAOfaJUYlpjkha7JCKNCph                                                                                                                                                                                                              | 2022-5-26  |
| 27770954 | 38.62   | fYUwDYmHYRPMv2A9vy0zi8blL03AxppIMI7EnDEdqhxVUefbyh                                                                                                                                                                                                              | 2010-4-16  |
| 27770954 | 38.95   | vPRfy5LdoxeYisxayXd6sWcm8L5TUzVtFtBHN410qN8G5TLleW                                                                                                                                                                                                              | 2025-11-22 |
| 27770954 | 86.67   | TuADGAWJywneZJwxuPGi4oSRuKdcE1kImyAytAKRSmw9AMIzyr                                                                                                                                                                                                              | 2018-6-28  |
| 27770954 | 111.6   | bNtoOFb63T18EuWbWEiZL4GvpV0y6P5Zn8eFfayqlEmjyocA2W                                                                                                                                                                                                              | 1989-3-1   |
| 27770954 | 111.67  | kmLcVzcAE4aE7o7639xRbyBqNC4mYALD8R76vzFvFkHMO2CueR                                                                                                                                                                                                              | 2013-9-27  |
| 27770954 | 112.7   | TuXek6Rmg4RpW2tIekfB7WsD3gwzwhCpNeHhbOZaFstiBUKBF8                                                                                                                                                                                                              | 1998-5-29  |
| 27770954 | 186.03  | mCiD1pLk2HRIu58LqMRKzTM704lSvGANdKIwsVx7sHPFD12VIW                                                                                                                                                                                                              | 1988-1-20  |
+----------+---------+-----------------------------------------------------------------------------------------------------------------------------------------------------------------------------------------------------------------------------------------------------------------+------------+
10 rows selected.
Running time elapsed:      1.31 Seconds
SQL> 
SQL> -- 整型，浮点型2种数据类型组合
SQL> SELECT TSMALLINT,TREAL FROM P1000 GROUP BY TSMALLINT, TREAL ORDER BY TSMALLINT,TREAL LIMIT 10;
+-----------+-------+
| TSMALLINT | TREAL |
+-----------+-------+
| 16        | 16.16 |
| 16        | 16.44 |
| 16        | 16.46 |
| 16        | 16.53 |
| 16        | 16.75 |
| 16        | 16.82 |
| 16        | 16.86 |
| 16        | 30.02 |
| 16        | 30.05 |
| 16        | 30.29 |
+-----------+-------+
10 rows selected.
Running time elapsed:      2.37 Seconds
SQL> -- 把查询出的数据insert到T_TYPE_ARRAY21表中
SQL> DROP TABLE T_TYPE_ARRAY21 IF EXISTS;
0 rows affected
Running time elapsed:      0.19 Seconds
SQL> CREATE TABLE T_TYPE_ARRAY21 AS (SELECT TSMALLINT,TREAL FROM P1000 GROUP BY TSMALLINT, TREAL) WITH DATA;
0 rows affected
Running time elapsed:      9.17 Seconds
SQL> -- 查看返回结果
SQL> SELECT * FROM T_TYPE_ARRAY21 ORDER BY TSMALLINT,TREAL LIMIT 10;
+-----------+-------+
| TSMALLINT | TREAL |
+-----------+-------+
| 16        | 16.16 |
| 16        | 16.44 |
| 16        | 16.46 |
| 16        | 16.53 |
| 16        | 16.75 |
| 16        | 16.82 |
| 16        | 16.86 |
| 16        | 30.02 |
| 16        | 30.05 |
| 16        | 30.29 |
+-----------+-------+
10 rows selected.
Running time elapsed:      1.10 Seconds
SQL> 
SQL> -- 整型，字符型2种数据类型组合
SQL> SELECT TINTEGER,TVARCHAR FROM P1000 GROUP BY TINTEGER, TVARCHAR ORDER BY TINTEGER,TVARCHAR LIMIT 10;
+----------+------------------------------------------------------------------------------------------------------+
| TINTEGER | TVARCHAR                                                                                             |
+----------+------------------------------------------------------------------------------------------------------+
| 2777     | 0618kq7yjlFM3fRzgFGZyswvLrYudK1snuGTuZXmPUsoM7CHTmg0UOLBsxUJybSvUAz94gUVKRH7CorhtNeqNTgxMvlGUSVV7skF |
| 2777     | 07T4NGHaxdDtf7LscVqhdlw8Iac6GGxcJUzVRAM9ONqajzAgGi9mb0VifDTv9pziliV8N0Bfi2kNE7tV5CqtyYj6IH6m6HCwO5kT |
| 2777     | 07wtfCSygjqA6FWCI4r4NqGLpDWCkpRlJMItmoBM9ihRmbIwcakC9C4xyl1bHk9uTFIa2ankOGn9bCc19kzLRnaE1vt5GVMX01Mg |
| 2777     | 0GM5DPcYlBHHt1gjFF9MgWe7iDkNrEh0NCvmly2xfzdAsmUh1ET5NnHOdlBS59FjeITkRvB5RxDsJSXUMmmYUfi2DHDFn5wsORji |
| 2777     | 0JcG1XSOjWsF3tc7qzoGESW8Ril9VbC0FGsbJrGKT5GPNq0WbFRM1G1M3MJiYVHstSzsZgnxtfwzIthA5vRgAnEslHYopgp0ELBr |
| 2777     | 0KtiRpGxaaDiunOGqjZ0cCXFG5iGhqvAd7eCtbPDLW6lwB2n8cmCsIyaEHyANpW1nSyDDTShhvy47sA4r4WlwK9mGFpMSv0xr0J4 |
| 2777     | 0RzePdHR3kfNJNbpO744ZRAszaYsrtVOWhzseZ7Il8G8P5Zk90KhWvqikVU919Bo5pRRuA8dDiDASXiYMwJS5MTBHvJIgH2y927U |
| 2777     | 0Y0ASICGcq7GLvuWdWSU2O6KSL4n1Or8jxRRAFd0YI3yTCqDMsyANygbMaYVVosizLtRMoU2FkaAVV4ULhqecYroWWAWrRAVkHRT |
| 2777     | 0gFBTEV11FVGD7ckD2v3edG886xE1ywdHjCZ9WddOP6UXeD2Jo9KHO84BaRJfRpJR7Bi7J8zqyf0YF523h5qt3AaJzjAPvdbhDT3 |
| 2777     | 0iADjFoIFCKH6vKWDrNRU0BAsGum8qbE1Zt0NlFByrOwfgFdtjFNNS3FmUKakcpSoFYfOTZZy2gRBJARIxgFREvjayIUgWUXImJU |
+----------+------------------------------------------------------------------------------------------------------+
10 rows selected.
Running time elapsed:      3.23 Seconds
SQL> -- 把查询出的数据insert到T_TYPE_ARRAY22表中
SQL> DROP TABLE T_TYPE_ARRAY22 IF EXISTS;
0 rows affected
Running time elapsed:      0.20 Seconds
SQL> CREATE TABLE T_TYPE_ARRAY22 AS (SELECT TINTEGER,TVARCHAR FROM P1000 GROUP BY TINTEGER, TVARCHAR) WITH DATA;
0 rows affected
Running time elapsed:     12.01 Seconds
SQL> -- 查看返回结果
SQL> SELECT * FROM T_TYPE_ARRAY22 ORDER BY TINTEGER,TVARCHAR LIMIT 10;
+----------+------------------------------------------------------------------------------------------------------+
| TINTEGER | TVARCHAR                                                                                             |
+----------+------------------------------------------------------------------------------------------------------+
| 2777     | 0618kq7yjlFM3fRzgFGZyswvLrYudK1snuGTuZXmPUsoM7CHTmg0UOLBsxUJybSvUAz94gUVKRH7CorhtNeqNTgxMvlGUSVV7skF |
| 2777     | 07T4NGHaxdDtf7LscVqhdlw8Iac6GGxcJUzVRAM9ONqajzAgGi9mb0VifDTv9pziliV8N0Bfi2kNE7tV5CqtyYj6IH6m6HCwO5kT |
| 2777     | 07wtfCSygjqA6FWCI4r4NqGLpDWCkpRlJMItmoBM9ihRmbIwcakC9C4xyl1bHk9uTFIa2ankOGn9bCc19kzLRnaE1vt5GVMX01Mg |
| 2777     | 0GM5DPcYlBHHt1gjFF9MgWe7iDkNrEh0NCvmly2xfzdAsmUh1ET5NnHOdlBS59FjeITkRvB5RxDsJSXUMmmYUfi2DHDFn5wsORji |
| 2777     | 0JcG1XSOjWsF3tc7qzoGESW8Ril9VbC0FGsbJrGKT5GPNq0WbFRM1G1M3MJiYVHstSzsZgnxtfwzIthA5vRgAnEslHYopgp0ELBr |
| 2777     | 0KtiRpGxaaDiunOGqjZ0cCXFG5iGhqvAd7eCtbPDLW6lwB2n8cmCsIyaEHyANpW1nSyDDTShhvy47sA4r4WlwK9mGFpMSv0xr0J4 |
| 2777     | 0RzePdHR3kfNJNbpO744ZRAszaYsrtVOWhzseZ7Il8G8P5Zk90KhWvqikVU919Bo5pRRuA8dDiDASXiYMwJS5MTBHvJIgH2y927U |
| 2777     | 0Y0ASICGcq7GLvuWdWSU2O6KSL4n1Or8jxRRAFd0YI3yTCqDMsyANygbMaYVVosizLtRMoU2FkaAVV4ULhqecYroWWAWrRAVkHRT |
| 2777     | 0gFBTEV11FVGD7ckD2v3edG886xE1ywdHjCZ9WddOP6UXeD2Jo9KHO84BaRJfRpJR7Bi7J8zqyf0YF523h5qt3AaJzjAPvdbhDT3 |
| 2777     | 0iADjFoIFCKH6vKWDrNRU0BAsGum8qbE1Zt0NlFByrOwfgFdtjFNNS3FmUKakcpSoFYfOTZZy2gRBJARIxgFREvjayIUgWUXImJU |
+----------+------------------------------------------------------------------------------------------------------+
10 rows selected.
Running time elapsed:      1.06 Seconds
SQL> 
SQL> -- 整型，日期型2种数据类型组合
SQL> SELECT TBIGINT,TDATE FROM P1000 GROUP BY TBIGINT, TDATE ORDER BY TBIGINT,TDATE LIMIT 10;
+----------+-----------+
| TBIGINT  | TDATE     |
+----------+-----------+
| 27770954 | 1979-1-12 |
| 27770954 | 1979-1-19 |
| 27770954 | 1979-2-17 |
| 27770954 | 1979-2-20 |
| 27770954 | 1979-2-22 |
| 27770954 | 1979-2-23 |
| 27770954 | 1979-4-9  |
| 27770954 | 1979-6-11 |
| 27770954 | 1979-6-14 |
| 27770954 | 1979-6-17 |
+----------+-----------+
10 rows selected.
Running time elapsed:      3.39 Seconds
SQL> -- 把查询出的数据insert到T_TYPE_ARRAY23表中
SQL> DROP TABLE T_TYPE_ARRAY23 IF EXISTS;
0 rows affected
Running time elapsed:      0.16 Seconds
SQL> CREATE TABLE T_TYPE_ARRAY23 AS (SELECT TBIGINT,TDATE FROM P1000 GROUP BY TBIGINT, TDATE) WITH DATA;
0 rows affected
Running time elapsed:     12.16 Seconds
SQL> -- 查看返回结果
SQL> SELECT * FROM T_TYPE_ARRAY23 ORDER BY TBIGINT,TDATE LIMIT 10;
+----------+-----------+
| TBIGINT  | TDATE     |
+----------+-----------+
| 27770954 | 1979-1-12 |
| 27770954 | 1979-1-19 |
| 27770954 | 1979-2-17 |
| 27770954 | 1979-2-20 |
| 27770954 | 1979-2-22 |
| 27770954 | 1979-2-23 |
| 27770954 | 1979-4-9  |
| 27770954 | 1979-6-11 |
| 27770954 | 1979-6-14 |
| 27770954 | 1979-6-17 |
+----------+-----------+
10 rows selected.
Running time elapsed:      0.92 Seconds
SQL> 
SQL> -- 整型，浮点型，字符型3种数据类型组合
SQL> SELECT TSMALLINT,TREAL,TCHAR FROM P1000 GROUP BY TSMALLINT, TREAL, TCHAR ORDER BY TSMALLINT,TREAL,TCHAR LIMIT 10;
+-----------+-------+-----------------------------------------------------------------------------------------------------------------------------------------------------------------------------------------------------------------------------------------------------------------+
| TSMALLINT | TREAL | TCHAR                                                                                                                                                                                                                                                           |
+-----------+-------+-----------------------------------------------------------------------------------------------------------------------------------------------------------------------------------------------------------------------------------------------------------------+
| 16        | 16.16 | OW5hnj8MBp4jpCwuOL0KRBW2LgHEzyY6EnIJEkvSuGg9BSTcyD                                                                                                                                                                                                              |
| 16        | 16.16 | kSkzVdzMjaRL8Rae0modhI2GrTsy4G6WD2Hb48xXYyg9rJOKY5                                                                                                                                                                                                              |
| 16        | 16.44 | 2yEkqigvGn8DxfOhfTbcmMOo8ZnkRqpWsfMuUOyPBf2CJpG1jC                                                                                                                                                                                                              |
| 16        | 16.46 | HhBCF99f5ub3A4jtjBjBFFEKLyTqCHfagiTa3Bxqscti06A3CD                                                                                                                                                                                                              |
| 16        | 16.53 | z1zqEizVzmOGARudnTED9ybVF8npGUfH9bG1mVcjEBPFAfNyGL                                                                                                                                                                                                              |
| 16        | 16.75 | mbHnIU5eZ2BFKoHmwRGxp9KiFEpPKMT7bk1WBIqDdvx2SIHwyv                                                                                                                                                                                                              |
| 16        | 16.82 | Y7RFA3FBj4tTPxdzjgGuBI1FUVuNG9JXLJ7YHcAZb02hAlr9TS                                                                                                                                                                                                              |
| 16        | 16.86 | Dxp3B9md21O3HaAIKlesOEDmkag5Wp9JTPZLdRy6k4M789wS8t                                                                                                                                                                                                              |
| 16        | 30.02 | 1cHEy8TK82AEUksVGpeF3Axtlk1ckJsGRWTedFPFXDd7UGiAFc                                                                                                                                                                                                              |
| 16        | 30.05 | XbarCMRDZtpgV81BPXp95em2PL6CrykxolRThr9qCawYY51gin                                                                                                                                                                                                              |
+-----------+-------+-----------------------------------------------------------------------------------------------------------------------------------------------------------------------------------------------------------------------------------------------------------------+
10 rows selected.
Running time elapsed:      3.39 Seconds
SQL> -- 把查询出的数据insert到T_TYPE_ARRAY31表中
SQL> DROP TABLE T_TYPE_ARRAY31 IF EXISTS;
0 rows affected
Running time elapsed:      0.19 Seconds
SQL> CREATE TABLE T_TYPE_ARRAY31 AS (SELECT TSMALLINT,TREAL,TCHAR FROM P1000 GROUP BY TSMALLINT, TREAL, TCHAR) WITH DATA;
0 rows affected
Running time elapsed:     10.23 Seconds
SQL> -- 查看返回结果
SQL> SELECT * FROM T_TYPE_ARRAY31 ORDER BY TSMALLINT,TREAL,TCHAR LIMIT 10;
+-----------+-------+-----------------------------------------------------------------------------------------------------------------------------------------------------------------------------------------------------------------------------------------------------------------+
| TSMALLINT | TREAL | TCHAR                                                                                                                                                                                                                                                           |
+-----------+-------+-----------------------------------------------------------------------------------------------------------------------------------------------------------------------------------------------------------------------------------------------------------------+
| 16        | 16.16 | OW5hnj8MBp4jpCwuOL0KRBW2LgHEzyY6EnIJEkvSuGg9BSTcyD                                                                                                                                                                                                              |
| 16        | 16.16 | kSkzVdzMjaRL8Rae0modhI2GrTsy4G6WD2Hb48xXYyg9rJOKY5                                                                                                                                                                                                              |
| 16        | 16.44 | 2yEkqigvGn8DxfOhfTbcmMOo8ZnkRqpWsfMuUOyPBf2CJpG1jC                                                                                                                                                                                                              |
| 16        | 16.46 | HhBCF99f5ub3A4jtjBjBFFEKLyTqCHfagiTa3Bxqscti06A3CD                                                                                                                                                                                                              |
| 16        | 16.53 | z1zqEizVzmOGARudnTED9ybVF8npGUfH9bG1mVcjEBPFAfNyGL                                                                                                                                                                                                              |
| 16        | 16.75 | mbHnIU5eZ2BFKoHmwRGxp9KiFEpPKMT7bk1WBIqDdvx2SIHwyv                                                                                                                                                                                                              |
| 16        | 16.82 | Y7RFA3FBj4tTPxdzjgGuBI1FUVuNG9JXLJ7YHcAZb02hAlr9TS                                                                                                                                                                                                              |
| 16        | 16.86 | Dxp3B9md21O3HaAIKlesOEDmkag5Wp9JTPZLdRy6k4M789wS8t                                                                                                                                                                                                              |
| 16        | 30.02 | 1cHEy8TK82AEUksVGpeF3Axtlk1ckJsGRWTedFPFXDd7UGiAFc                                                                                                                                                                                                              |
| 16        | 30.05 | XbarCMRDZtpgV81BPXp95em2PL6CrykxolRThr9qCawYY51gin                                                                                                                                                                                                              |
+-----------+-------+-----------------------------------------------------------------------------------------------------------------------------------------------------------------------------------------------------------------------------------------------------------------+
10 rows selected.
Running time elapsed:      1.36 Seconds
SQL> 
SQL> -- 整型，浮点型，日期型3种数据类型组合
SQL> SELECT TSMALLINT,TREAL,TDATE FROM P1000 GROUP BY TSMALLINT, TREAL, TDATE ORDER BY TSMALLINT,TREAL,TDATE LIMIT 10;
+-----------+-------+------------+
| TSMALLINT | TREAL | TDATE      |
+-----------+-------+------------+
| 16        | 16.16 | 1980-8-21  |
| 16        | 16.16 | 2045-7-9   |
| 16        | 16.44 | 2000-10-25 |
| 16        | 16.46 | 2049-11-11 |
| 16        | 16.53 | 2049-11-28 |
| 16        | 16.75 | 2016-8-22  |
| 16        | 16.82 | 2035-7-1   |
| 16        | 16.86 | 2021-3-31  |
| 16        | 30.02 | 1985-4-2   |
| 16        | 30.05 | 2008-9-6   |
+-----------+-------+------------+
10 rows selected.
Running time elapsed:      2.40 Seconds
SQL> -- 把查询出的数据insert到T_TYPE_ARRAY32表中
SQL> DROP TABLE T_TYPE_ARRAY32 IF EXISTS;
0 rows affected
Running time elapsed:      0.20 Seconds
SQL> CREATE TABLE T_TYPE_ARRAY32 AS (SELECT TSMALLINT,TREAL,TDATE FROM P1000 GROUP BY TSMALLINT, TREAL, TDATE) WITH DATA;
0 rows affected
Running time elapsed:      9.41 Seconds
SQL> -- 查看返回结果
SQL> SELECT * FROM T_TYPE_ARRAY32 ORDER BY TSMALLINT,TREAL,TDATE LIMIT 10;
+-----------+-------+------------+
| TSMALLINT | TREAL | TDATE      |
+-----------+-------+------------+
| 16        | 16.16 | 1980-8-21  |
| 16        | 16.16 | 2045-7-9   |
| 16        | 16.44 | 2000-10-25 |
| 16        | 16.46 | 2049-11-11 |
| 16        | 16.53 | 2049-11-28 |
| 16        | 16.75 | 2016-8-22  |
| 16        | 16.82 | 2035-7-1   |
| 16        | 16.86 | 2021-3-31  |
| 16        | 30.02 | 1985-4-2   |
| 16        | 30.05 | 2008-9-6   |
+-----------+-------+------------+
10 rows selected.
Running time elapsed:      1.02 Seconds
SQL> 
SQL> -- 浮点型，字符型，日期型3种数据类型组合
SQL> SELECT TREAL,TCHAR,TDATE FROM P1000 GROUP BY TREAL,TCHAR, TDATE ORDER BY TDATE,TCHAR LIMIT 10;
+---------+-----------------------------------------------------------------------------------------------------------------------------------------------------------------------------------------------------------------------------------------------------------------+----------+
| TREAL   | TCHAR                                                                                                                                                                                                                                                           | TDATE    |
+---------+-----------------------------------------------------------------------------------------------------------------------------------------------------------------------------------------------------------------------------------------------------------------+----------+
| 1553.85 | 0RKWyLyO7f2265s2rnmujTmXF0vM44w8vitmbJVjWG9RE0JdAt                                                                                                                                                                                                              | 1979-1-1 |
| 9625.67 | 0YFrh96Xyw30LwZbzcvAXWc6pCr5RKTyUIZR3uA8LtYydawsFl                                                                                                                                                                                                              | 1979-1-1 |
| 789.99  | 0iTRFJj2RIGpFD42d3yRCPluB9h33pejXWoYkTOnyWerzyUvPK                                                                                                                                                                                                              | 1979-1-1 |
| 2089.08 | 1WwZRhF6B8Jo9kZVRnzx2qVzC2pcahcL94lCH5BnsEqXV3kYkt                                                                                                                                                                                                              | 1979-1-1 |
| 789.7   | 1bC5j4fdkmhAKgGFezOASCKuflsGShCYvn8X7Wm15ONMnDZncH                                                                                                                                                                                                              | 1979-1-1 |
| 4470.64 | 1kdyGS7H72V6SJMGT4kyihJsV7Pq1KHXrBxUhAXEbuSLwGcUG1                                                                                                                                                                                                              | 1979-1-1 |
| 6976.49 | 1ljwgCV2EoCdtyS2t5UpxlU7KKpVukJJvwIckN1clNBf2dyBAX                                                                                                                                                                                                              | 1979-1-1 |
| 3514.82 | 25xRf6zORmECZDrNVeJORWElY4THFk0ZLLpPw6A5ZjtiPuAhwy                                                                                                                                                                                                              | 1979-1-1 |
| 6740.93 | 2H4UoFptxm7YosfqhgmL5F8iM0WBy9hZCqL4Xe0vqB7tmyIuLJ                                                                                                                                                                                                              | 1979-1-1 |
| 681.95  | 2HBHtO6HBZqjW6H0VDGjbxvvr4lzi0JMcnHxxTHeHnc2z7buRW                                                                                                                                                                                                              | 1979-1-1 |
+---------+-----------------------------------------------------------------------------------------------------------------------------------------------------------------------------------------------------------------------------------------------------------------+----------+
10 rows selected.
Running time elapsed:      2.55 Seconds
SQL> -- 把查询出的数据insert到T_TYPE_ARRAY33表中
SQL> DROP TABLE T_TYPE_ARRAY33 IF EXISTS;
0 rows affected
Running time elapsed:      0.28 Seconds
SQL> CREATE TABLE T_TYPE_ARRAY33 AS (SELECT TREAL,TCHAR,TDATE FROM P1000 GROUP BY TREAL,TCHAR, TDATE) WITH DATA;
0 rows affected
Running time elapsed:     13.97 Seconds
SQL> -- 查看返回结果
SQL> SELECT * FROM T_TYPE_ARRAY33 ORDER BY TDATE,TCHAR LIMIT 10;
+---------+-----------------------------------------------------------------------------------------------------------------------------------------------------------------------------------------------------------------------------------------------------------------+----------+
| TREAL   | TCHAR                                                                                                                                                                                                                                                           | TDATE    |
+---------+-----------------------------------------------------------------------------------------------------------------------------------------------------------------------------------------------------------------------------------------------------------------+----------+
| 1553.85 | 0RKWyLyO7f2265s2rnmujTmXF0vM44w8vitmbJVjWG9RE0JdAt                                                                                                                                                                                                              | 1979-1-1 |
| 9625.67 | 0YFrh96Xyw30LwZbzcvAXWc6pCr5RKTyUIZR3uA8LtYydawsFl                                                                                                                                                                                                              | 1979-1-1 |
| 789.99  | 0iTRFJj2RIGpFD42d3yRCPluB9h33pejXWoYkTOnyWerzyUvPK                                                                                                                                                                                                              | 1979-1-1 |
| 2089.08 | 1WwZRhF6B8Jo9kZVRnzx2qVzC2pcahcL94lCH5BnsEqXV3kYkt                                                                                                                                                                                                              | 1979-1-1 |
| 789.7   | 1bC5j4fdkmhAKgGFezOASCKuflsGShCYvn8X7Wm15ONMnDZncH                                                                                                                                                                                                              | 1979-1-1 |
| 4470.64 | 1kdyGS7H72V6SJMGT4kyihJsV7Pq1KHXrBxUhAXEbuSLwGcUG1                                                                                                                                                                                                              | 1979-1-1 |
| 6976.49 | 1ljwgCV2EoCdtyS2t5UpxlU7KKpVukJJvwIckN1clNBf2dyBAX                                                                                                                                                                                                              | 1979-1-1 |
| 3514.82 | 25xRf6zORmECZDrNVeJORWElY4THFk0ZLLpPw6A5ZjtiPuAhwy                                                                                                                                                                                                              | 1979-1-1 |
| 6740.93 | 2H4UoFptxm7YosfqhgmL5F8iM0WBy9hZCqL4Xe0vqB7tmyIuLJ                                                                                                                                                                                                              | 1979-1-1 |
| 681.95  | 2HBHtO6HBZqjW6H0VDGjbxvvr4lzi0JMcnHxxTHeHnc2z7buRW                                                                                                                                                                                                              | 1979-1-1 |
+---------+-----------------------------------------------------------------------------------------------------------------------------------------------------------------------------------------------------------------------------------------------------------------+----------+
10 rows selected.
Running time elapsed:      1.32 Seconds
SQL> 
SQL> -- 因为布尔型的数据在数据库表里只有一种数据：True，timestamp类型的数据在数据库表里没有重复数据，所以选取余下的11种类型的数据进行组合查询
SQL> SELECT TSMALLINT,TINTEGER,TBIGINT,TREAL,TDOUBLE,TFLOAT,TDECIMAL,TNUMERIC,TDATE,TCHAR,TVARCHAR FROM P1000
   > GROUP BY TSMALLINT, TINTEGER, TBIGINT, TREAL, TDOUBLE, TFLOAT, TDECIMAL, TNUMERIC, TDATE, TCHAR, TVARCHAR
   > ORDER BY TSMALLINT ,TINTEGER,TBIGINT LIMIT 10;
+-----------+----------+--------------+---------+---------+---------+----------+-----------+-----------+-----------------------------------------------------------------------------------------------------------------------------------------------------------------------------------------------------------------------------------------------------------------+------------------------------------------------------------------------------------------------------+
| TSMALLINT | TINTEGER | TBIGINT      | TREAL   | TDOUBLE | TFLOAT  | TDECIMAL | TNUMERIC  | TDATE     | TCHAR                                                                                                                                                                                                                                                           | TVARCHAR                                                                                             |
+-----------+----------+--------------+---------+---------+---------+----------+-----------+-----------+-----------------------------------------------------------------------------------------------------------------------------------------------------------------------------------------------------------------------------------------------------------------+------------------------------------------------------------------------------------------------------+
| 16        | 2777     | 132594720252 | 6499.96 | 4541.4  | 1560.44 | 8539.4   | 9049.3497 | 2039-7-1  | rqoTvX93zwwbJSFWRISYLFPJPAnuhNoW3qB6LRkG8VRBFk7KVW                                                                                                                                                                                                              | luYyGGxHFUDiREGg8wrX7z7zAIo9kMIpW1524zJsI9LVPJgTCaPekwREUb7h6GVVEYPeIFyLgPDmn17PGBAeVxiMoroohbiMoRpB |
| 16        | 4990     | 193636974007 | 6729.5  | 2777.5  | 3073.85 | 2499.61  | 8195.47   | 2027-4-25 | CUehtCTV8bMsVmycprepkFFpuaivFVDchCviKI9ZkAkUSfLUzD                                                                                                                                                                                                              | TBkgjJHCLuOVn01nHPBkDnuxz0OJTbsVAkAgxLiYKFkvARgzrteisUFEkRFEGnsGztkAgWSeRWuMACaiDWHvMnIX6KtdZAfv6raA |
| 16        | 4990     | 947466609911 | 6740.11 | 9390.07 | 7616.82 | 5894.02  | 1716.5906 | 2040-12-2 | OsiA5rVlbIr7a2MqBFl3meywujevKFA6dOadYKz8cCxEvV0feI                                                                                                                                                                                                              | qsnBMx1OapA2Gy6JSNVqLHdiZbRBV0bsM0RP59803G6qN1SzZZm1j7UHZywqB3lsm774ceJ8jUPFmo7wnDTOc2SBrtF0GRnW8B9u |
| 16        | 36068    | 863723665551 | 3689.49 | 9113.67 | 3493.5  | 1725.87  | 4354.0519 | 2045-9-28 | LSu9dJZTHhjIOZdMFssp1l3H6txw7JpXaaKM6zXbq6e3bAELVS                                                                                                                                                                                                              | 4bOoe3TtyxlTglVlRVWYKC7APilGWl5vKeJ37vxNSeHuVGMauBB6XxGCmToGxYif7FMv6RrupiDJjbpab1Y4rF5gRO7sozRpTe4j |
| 16        | 36068    | 903899013508 | 2176.05 | 5996.82 | 3056.08 | 5540.46  | 7792.0112 | 1984-4-16 | HG0GLNqFdCNRRc01zn6YHBbD7m0ZPRAhmYEC9MYIaM3jnNaAp9                                                                                                                                                                                                              | YAPYJgXXedB9rtuw2Mxe3rxWfYKzwvXLmgb3sxCtmbPC0eBt55X8C7BE6lxAGnIvoUWnsGxRxkF4LVcJ3ZDtKi6gwZ0eOD8aFjte |
| 16        | 36565    | 706634624539 | 4748.99 | 8417.02 | 4565.58 | 2303.64  | 2186.3931 | 2047-5-30 | UKAhXf7il9IdcqW6M5baTESg10OLFS2JDpYcylkwJaHGRPLHBB                                                                                                                                                                                                              | tkGWgd59R1GGuXXFm1dNC9ZuYwYdskuOt6BAW188ErtVcl0q2R0gwChHDFqjAmGOtv7RbRV6FuFenpnL8MYWE3s3ttFP4Yv8IlYX |
| 16        | 40111    | 823194049533 | 1115.04 | 9520.67 | 6269.02 | 2690.75  | 3701.3628 | 2032-2-10 | lDW7wLTgAHH35oLiIWOdjLdXZuZLmcsj4gRo82tupjzabOFnm8                                                                                                                                                                                                              | ZOtV6E5UO4GS0oWHthC3Ds3dDOMMPHB2MsKIDsS6GRfESNYzEZGuD0ViOcVkFI9O4x3CDRqCHaMrRXM3gDUuYcMcgCRFa6bPMhPZ |
| 16        | 78784    | 442883665312 | 6182.75 | 5464.02 | 9005.51 | 1420.3   | 3882.2946 | 1984-4-26 | yppEb7A8Mij2y0DYkdwuR5Pl6yRUVRCdFf9ELeA1UflwrTgRs3                                                                                                                                                                                                              | kGJX7bnoq96dwr3C6KwAXOTZbSL8BXuac2zKjX9WuFl3s3Wx38hNHzRTOEcmXqEz0ZozfYBYund6B6wEJMUaJEDRUchWgE6TjRRt |
| 16        | 78784    | 558126882701 | 6993.69 | 6036.11 | 2003.12 | 5201.9   | 685.5066  | 1982-4-9  | FgwRRzxzlK6yy2544NxZhKFRDgCEmVREKV7KKqrOWotZrbBZxc                                                                                                                                                                                                              | G9h3luGZLTHJTNjR4bFGLWRJMPWlc5u2OGAaAMm7dUpqnMAhwmysh7EHzWFhlFZHT6CcN9c7lsilHiEFBLhIq5Up5zZvoO5maPqi |
| 16        | 80728    | 906569997380 | 2029.84 | 9257.54 | 9144.62 | 7762.51  | 882.1202  | 2030-3-17 | XmMWNojUxBxhDAzaLk7kN9sqrd7HUACns2pzz42a9682tceRxm                                                                                                                                                                                                              | aBl7uxR4MSBc22aZejZSxkk4F18OEnH2MmfrFFvlDxnd6V4ov6RgVYGnM6qgeylFlF7iOH7NgGrxN1z7aDnBhwiB99l1uhblADcZ |
+-----------+----------+--------------+---------+---------+---------+----------+-----------+-----------+-----------------------------------------------------------------------------------------------------------------------------------------------------------------------------------------------------------------------------------------------------------------+------------------------------------------------------------------------------------------------------+
10 rows selected.
Running time elapsed:      3.34 Seconds
SQL> -- 把查询出的数据insert到T_TYPE_ALL表中
SQL> DROP TABLE T_TYPE_ALL IF EXISTS;
0 rows affected
Running time elapsed:      0.20 Seconds
SQL> CREATE TABLE T_TYPE_ALL AS (SELECT TSMALLINT,TINTEGER,TBIGINT,TREAL,TDOUBLE,TFLOAT,TDECIMAL,TNUMERIC,TDATE,TCHAR,TVARCHAR FROM P1000 GROUP BY TSMALLINT, TINTEGER, TBIGINT, TREAL, TDOUBLE, TFLOAT, TDECIMAL, TNUMERIC, TDATE, TCHAR, TVARCHAR) WITH DATA;
0 rows affected
Running time elapsed:     11.46 Seconds
SQL> -- 查看返回结果
SQL> SELECT * FROM T_TYPE_ALL ORDER BY TSMALLINT,TINTEGER,TBIGINT LIMIT 10;
+-----------+----------+--------------+---------+---------+---------+----------+-----------+-----------+-----------------------------------------------------------------------------------------------------------------------------------------------------------------------------------------------------------------------------------------------------------------+------------------------------------------------------------------------------------------------------+
| TSMALLINT | TINTEGER | TBIGINT      | TREAL   | TDOUBLE | TFLOAT  | TDECIMAL | TNUMERIC  | TDATE     | TCHAR                                                                                                                                                                                                                                                           | TVARCHAR                                                                                             |
+-----------+----------+--------------+---------+---------+---------+----------+-----------+-----------+-----------------------------------------------------------------------------------------------------------------------------------------------------------------------------------------------------------------------------------------------------------------+------------------------------------------------------------------------------------------------------+
| 16        | 2777     | 132594720252 | 6499.96 | 4541.4  | 1560.44 | 8539.4   | 9049.3497 | 2039-7-1  | rqoTvX93zwwbJSFWRISYLFPJPAnuhNoW3qB6LRkG8VRBFk7KVW                                                                                                                                                                                                              | luYyGGxHFUDiREGg8wrX7z7zAIo9kMIpW1524zJsI9LVPJgTCaPekwREUb7h6GVVEYPeIFyLgPDmn17PGBAeVxiMoroohbiMoRpB |
| 16        | 4990     | 193636974007 | 6729.5  | 2777.5  | 3073.85 | 2499.61  | 8195.47   | 2027-4-25 | CUehtCTV8bMsVmycprepkFFpuaivFVDchCviKI9ZkAkUSfLUzD                                                                                                                                                                                                              | TBkgjJHCLuOVn01nHPBkDnuxz0OJTbsVAkAgxLiYKFkvARgzrteisUFEkRFEGnsGztkAgWSeRWuMACaiDWHvMnIX6KtdZAfv6raA |
| 16        | 4990     | 947466609911 | 6740.11 | 9390.07 | 7616.82 | 5894.02  | 1716.5906 | 2040-12-2 | OsiA5rVlbIr7a2MqBFl3meywujevKFA6dOadYKz8cCxEvV0feI                                                                                                                                                                                                              | qsnBMx1OapA2Gy6JSNVqLHdiZbRBV0bsM0RP59803G6qN1SzZZm1j7UHZywqB3lsm774ceJ8jUPFmo7wnDTOc2SBrtF0GRnW8B9u |
| 16        | 36068    | 863723665551 | 3689.49 | 9113.67 | 3493.5  | 1725.87  | 4354.0519 | 2045-9-28 | LSu9dJZTHhjIOZdMFssp1l3H6txw7JpXaaKM6zXbq6e3bAELVS                                                                                                                                                                                                              | 4bOoe3TtyxlTglVlRVWYKC7APilGWl5vKeJ37vxNSeHuVGMauBB6XxGCmToGxYif7FMv6RrupiDJjbpab1Y4rF5gRO7sozRpTe4j |
| 16        | 36068    | 903899013508 | 2176.05 | 5996.82 | 3056.08 | 5540.46  | 7792.0112 | 1984-4-16 | HG0GLNqFdCNRRc01zn6YHBbD7m0ZPRAhmYEC9MYIaM3jnNaAp9                                                                                                                                                                                                              | YAPYJgXXedB9rtuw2Mxe3rxWfYKzwvXLmgb3sxCtmbPC0eBt55X8C7BE6lxAGnIvoUWnsGxRxkF4LVcJ3ZDtKi6gwZ0eOD8aFjte |
| 16        | 36565    | 706634624539 | 4748.99 | 8417.02 | 4565.58 | 2303.64  | 2186.3931 | 2047-5-30 | UKAhXf7il9IdcqW6M5baTESg10OLFS2JDpYcylkwJaHGRPLHBB                                                                                                                                                                                                              | tkGWgd59R1GGuXXFm1dNC9ZuYwYdskuOt6BAW188ErtVcl0q2R0gwChHDFqjAmGOtv7RbRV6FuFenpnL8MYWE3s3ttFP4Yv8IlYX |
| 16        | 40111    | 823194049533 | 1115.04 | 9520.67 | 6269.02 | 2690.75  | 3701.3628 | 2032-2-10 | lDW7wLTgAHH35oLiIWOdjLdXZuZLmcsj4gRo82tupjzabOFnm8                                                                                                                                                                                                              | ZOtV6E5UO4GS0oWHthC3Ds3dDOMMPHB2MsKIDsS6GRfESNYzEZGuD0ViOcVkFI9O4x3CDRqCHaMrRXM3gDUuYcMcgCRFa6bPMhPZ |
| 16        | 78784    | 442883665312 | 6182.75 | 5464.02 | 9005.51 | 1420.3   | 3882.2946 | 1984-4-26 | yppEb7A8Mij2y0DYkdwuR5Pl6yRUVRCdFf9ELeA1UflwrTgRs3                                                                                                                                                                                                              | kGJX7bnoq96dwr3C6KwAXOTZbSL8BXuac2zKjX9WuFl3s3Wx38hNHzRTOEcmXqEz0ZozfYBYund6B6wEJMUaJEDRUchWgE6TjRRt |
| 16        | 78784    | 558126882701 | 6993.69 | 6036.11 | 2003.12 | 5201.9   | 685.5066  | 1982-4-9  | FgwRRzxzlK6yy2544NxZhKFRDgCEmVREKV7KKqrOWotZrbBZxc                                                                                                                                                                                                              | G9h3luGZLTHJTNjR4bFGLWRJMPWlc5u2OGAaAMm7dUpqnMAhwmysh7EHzWFhlFZHT6CcN9c7lsilHiEFBLhIq5Up5zZvoO5maPqi |
| 16        | 80728    | 906569997380 | 2029.84 | 9257.54 | 9144.62 | 7762.51  | 882.1202  | 2030-3-17 | XmMWNojUxBxhDAzaLk7kN9sqrd7HUACns2pzz42a9682tceRxm                                                                                                                                                                                                              | aBl7uxR4MSBc22aZejZSxkk4F18OEnH2MmfrFFvlDxnd6V4ov6RgVYGnM6qgeylFlF7iOH7NgGrxN1z7aDnBhwiB99l1uhblADcZ |
+-----------+----------+--------------+---------+---------+---------+----------+-----------+-----------+-----------------------------------------------------------------------------------------------------------------------------------------------------------------------------------------------------------------------------------------------------------------+------------------------------------------------------------------------------------------------------+
10 rows selected.
Running time elapsed:      1.37 Seconds
SQL> 
SQL> 
SQL> -- drop创建的表
SQL> DROP TABLE T_TYPE_SMALLINT IF EXISTS;
0 rows affected
Running time elapsed:      0.40 Seconds
SQL> DROP TABLE T_TYPE_INTEGER IF EXISTS;
0 rows affected
Running time elapsed:      0.44 Seconds
SQL> DROP TABLE T_TYPE_BIGINT IF EXISTS;
0 rows affected
Running time elapsed:      0.39 Seconds
SQL> DROP TABLE T_TYPE_REAL IF EXISTS;
0 rows affected
Running time elapsed:      0.32 Seconds
SQL> DROP TABLE T_TYPE_DOUBLE IF EXISTS;
0 rows affected
Running time elapsed:      0.34 Seconds
SQL> DROP TABLE T_TYPE_FLOAT IF EXISTS;
0 rows affected
Running time elapsed:      0.60 Seconds
SQL> DROP TABLE T_TYPE_DECIMAL IF EXISTS;
0 rows affected
Running time elapsed:      0.43 Seconds
SQL> DROP TABLE T_TYPE_NUMERIC IF EXISTS;
0 rows affected
Running time elapsed:      0.64 Seconds
SQL> DROP TABLE T_TYPE_DATE IF EXISTS;
0 rows affected
Running time elapsed:      0.48 Seconds
SQL> DROP TABLE T_TYPE_TIMESTAMP IF EXISTS;
0 rows affected
Running time elapsed:      0.40 Seconds
SQL> DROP TABLE T_TYPE_BOOL IF EXISTS;
0 rows affected
Running time elapsed:      0.38 Seconds
SQL> DROP TABLE T_TYPE_CHAR IF EXISTS;
0 rows affected
Running time elapsed:      0.40 Seconds
SQL> DROP TABLE T_TYPE_VARCHAR IF EXISTS;
0 rows affected
Running time elapsed:      0.56 Seconds
SQL> DROP TABLE T_TYPE_INTS IF EXISTS;
0 rows affected
Running time elapsed:      0.52 Seconds
SQL> DROP TABLE T_TYPE_FLOATS IF EXISTS;
0 rows affected
Running time elapsed:      0.36 Seconds
SQL> DROP TABLE T_TYPE_CHARS IF EXISTS;
0 rows affected
Running time elapsed:      0.43 Seconds
SQL> DROP TABLE T_TYPE_DATES IF EXISTS;
0 rows affected
Running time elapsed:      0.42 Seconds
SQL> DROP TABLE T_TYPE_ARRAY4 IF EXISTS;
0 rows affected
Running time elapsed:      0.35 Seconds
SQL> DROP TABLE T_TYPE_ARRAY21 IF EXISTS;
0 rows affected
Running time elapsed:      0.39 Seconds
SQL> DROP TABLE T_TYPE_ARRAY22 IF EXISTS;
0 rows affected
Running time elapsed:      0.40 Seconds
SQL> DROP TABLE T_TYPE_ARRAY23 IF EXISTS;
0 rows affected
Running time elapsed:      0.31 Seconds
SQL> DROP TABLE T_TYPE_ARRAY31 IF EXISTS;
0 rows affected
Running time elapsed:      0.43 Seconds
SQL> DROP TABLE T_TYPE_ARRAY32 IF EXISTS;
0 rows affected
Running time elapsed:      0.43 Seconds
SQL> DROP TABLE T_TYPE_ARRAY33 IF EXISTS;
0 rows affected
Running time elapsed:      0.32 Seconds
SQL> DROP TABLE T_TYPE_ALL IF EXISTS;
0 rows affected
Running time elapsed:      0.77 Seconds
Running time elapsed:    787.62 Seconds
SQL> exit
Disconnected.
