SQLCli Release 0.0.60
SQL> connect admin/123456
Database connected.
SQL> start Having.sql
SQL> -- Description：
   > --             LDB专项测试
   > --             1.having 全部类型
   > --             2.insert 到其他表
   > --             3.直接返回结果
   > -- Date：2020-05-09
   > -- Author：李爱敏
SQL> SET ECHO ON
SQL> SET TIMING ON
Running time elapsed:      0.00 Seconds
SQL> 
SQL> -- HAVING语法
   > -- 穷举所有数据类型进行having查询
SQL> SELECT TSMALLINT FROM P1000 GROUP BY TSMALLINT HAVING TSMALLINT > 8498 ORDER BY TSMALLINT LIMIT 10;
+-----------+
| TSMALLINT |
+-----------+
| 8503      |
| 8522      |
| 8526      |
| 8527      |
| 8532      |
| 8539      |
| 8552      |
| 8560      |
| 8577      |
| 8598      |
+-----------+
10 rows selected.
Running time elapsed:      1.47 Seconds
SQL> -- 把查询出的数据insert到T_TYPE_SMALLINT表中
SQL> DROP TABLE T_TYPE_SMALLINT IF EXISTS;
0 rows affected
Running time elapsed:      0.20 Seconds
SQL> CREATE TABLE T_TYPE_SMALLINT AS (SELECT TSMALLINT FROM P1000) WITH NO DATA;
0 rows affected
Running time elapsed:      0.38 Seconds
SQL> INSERT INTO T_TYPE_SMALLINT (SELECT TSMALLINT FROM P1000 GROUP BY TSMALLINT HAVING TSMALLINT > 8498);
133 rows affected
Running time elapsed:      4.48 Seconds
SQL> -- 查看返回结果
SQL> SELECT * FROM T_TYPE_SMALLINT ORDER BY TSMALLINT LIMIT 10;
+-----------+
| TSMALLINT |
+-----------+
| 8503      |
| 8522      |
| 8526      |
| 8527      |
| 8532      |
| 8539      |
| 8552      |
| 8560      |
| 8577      |
| 8598      |
+-----------+
10 rows selected.
Running time elapsed:      0.57 Seconds
SQL> SELECT TINTEGER FROM P1000 GROUP BY TINTEGER HAVING TINTEGER < 94523070 ORDER BY TINTEGER LIMIT 10;
+----------+
| TINTEGER |
+----------+
| 2777     |
| 3358     |
| 4990     |
| 8244     |
| 24674    |
| 36068    |
| 36565    |
| 39351    |
| 40111    |
| 43988    |
+----------+
10 rows selected.
Running time elapsed:      1.68 Seconds
SQL> -- 把查询出的数据insert到T_TYPE_INTEGER表中
SQL> DROP TABLE T_TYPE_INTEGER IF EXISTS;
0 rows affected
Running time elapsed:      0.20 Seconds
SQL> CREATE TABLE T_TYPE_INTEGER AS (SELECT TINTEGER FROM P1000) WITH NO DATA;
0 rows affected
Running time elapsed:      0.41 Seconds
SQL> INSERT INTO T_TYPE_INTEGER (SELECT TINTEGER FROM P1000 GROUP BY TINTEGER HAVING TINTEGER < 94523070);
9499 rows affected
Running time elapsed:      7.67 Seconds
SQL> -- 查看返回结果
SQL> SELECT * FROM T_TYPE_INTEGER ORDER BY TINTEGER LIMIT 10;
+----------+
| TINTEGER |
+----------+
| 2777     |
| 3358     |
| 4990     |
| 8244     |
| 24674    |
| 36068    |
| 36565    |
| 39351    |
| 40111    |
| 43988    |
+----------+
10 rows selected.
Running time elapsed:      0.90 Seconds
SQL> SELECT TBIGINT FROM P1000 GROUP BY TBIGINT HAVING TBIGINT < 977486944212 ORDER BY TBIGINT LIMIT 10;
+-----------+
| TBIGINT   |
+-----------+
| 27770954  |
| 33582059  |
| 49909414  |
| 82449639  |
| 246745776 |
| 360689167 |
| 365656026 |
| 393510421 |
| 401113184 |
| 439883390 |
+-----------+
10 rows selected.
Running time elapsed:      1.67 Seconds
SQL> -- 把查询出的数据insert到T_TYPE_BIGINT表中
SQL> DROP TABLE T_TYPE_BIGINT IF EXISTS;
0 rows affected
Running time elapsed:      0.19 Seconds
SQL> CREATE TABLE T_TYPE_BIGINT AS (SELECT TBIGINT FROM P1000) WITH NO DATA;
0 rows affected
Running time elapsed:      0.35 Seconds
SQL> INSERT INTO T_TYPE_BIGINT (SELECT TBIGINT FROM P1000 GROUP BY TBIGINT HAVING TBIGINT < 977486944212);
9795 rows affected
Running time elapsed:      9.86 Seconds
SQL> -- 查看返回结果
SQL> SELECT * FROM T_TYPE_BIGINT ORDER BY TBIGINT LIMIT 10;
+-----------+
| TBIGINT   |
+-----------+
| 27770954  |
| 33582059  |
| 49909414  |
| 82449639  |
| 246745776 |
| 360689167 |
| 365656026 |
| 393510421 |
| 401113184 |
| 439883390 |
+-----------+
10 rows selected.
Running time elapsed:      1.85 Seconds
SQL> SELECT TREAL FROM P1000 GROUP BY TREAL HAVING TREAL < 9812.82 ORDER BY TREAL LIMIT 10;
+-------+
| TREAL |
+-------+
| 16    |
| 16.02 |
| 16.03 |
| 16.04 |
| 16.05 |
| 16.07 |
| 16.08 |
| 16.11 |
| 16.12 |
| 16.13 |
+-------+
10 rows selected.
Running time elapsed:      2.23 Seconds
SQL> -- 把查询出的数据insert到T_TYPE_REAL表中
SQL> DROP TABLE T_TYPE_REAL IF EXISTS;
0 rows affected
Running time elapsed:      0.15 Seconds
SQL> CREATE TABLE T_TYPE_REAL AS (SELECT TREAL FROM P1000) WITH NO DATA;
0 rows affected
Running time elapsed:      0.37 Seconds
SQL> INSERT INTO T_TYPE_REAL (SELECT TREAL FROM P1000 GROUP BY TREAL HAVING TREAL < 9812.82);
55440 rows affected
Running time elapsed:      8.87 Seconds
SQL> -- 查看返回结果
SQL> SELECT * FROM T_TYPE_REAL ORDER BY TREAL LIMIT 10;
+-------+
| TREAL |
+-------+
| 16    |
| 16.02 |
| 16.03 |
| 16.04 |
| 16.05 |
| 16.07 |
| 16.08 |
| 16.11 |
| 16.12 |
| 16.13 |
+-------+
10 rows selected.
Running time elapsed:      0.85 Seconds
SQL> SELECT TDOUBLE FROM P1000 GROUP BY TDOUBLE HAVING TDOUBLE > 47.95 ORDER BY TDOUBLE LIMIT 10;
+---------+
| TDOUBLE |
+---------+
| 70      |
| 70.02   |
| 70.03   |
| 70.04   |
| 70.05   |
| 70.07   |
| 70.08   |
| 70.11   |
| 70.12   |
| 70.13   |
+---------+
10 rows selected.
Running time elapsed:      1.72 Seconds
SQL> -- 把查询出的数据insert到T_TYPE_DOUBLE表中
SQL> DROP TABLE T_TYPE_DOUBLE IF EXISTS;
0 rows affected
Running time elapsed:      0.19 Seconds
SQL> CREATE TABLE T_TYPE_DOUBLE AS (SELECT TDOUBLE FROM P1000) WITH NO DATA;
0 rows affected
Running time elapsed:      0.39 Seconds
SQL> INSERT INTO T_TYPE_DOUBLE (SELECT TDOUBLE FROM P1000 GROUP BY TDOUBLE HAVING TDOUBLE > 47.95);
56460 rows affected
Running time elapsed:      7.75 Seconds
SQL> -- 查看返回结果
SQL> SELECT * FROM T_TYPE_DOUBLE ORDER BY TDOUBLE LIMIT 10;
+---------+
| TDOUBLE |
+---------+
| 70      |
| 70.02   |
| 70.03   |
| 70.04   |
| 70.05   |
| 70.07   |
| 70.08   |
| 70.11   |
| 70.12   |
| 70.13   |
+---------+
10 rows selected.
Running time elapsed:      0.84 Seconds
SQL> SELECT TFLOAT FROM P1000 GROUP BY TFLOAT HAVING TFLOAT > 52.8899 ORDER BY TFLOAT LIMIT 10;
+--------+
| TFLOAT |
+--------+
| 70     |
| 70.02  |
| 70.03  |
| 70.04  |
| 70.05  |
| 70.07  |
| 70.08  |
| 70.11  |
| 70.12  |
| 70.13  |
+--------+
10 rows selected.
Running time elapsed:      1.73 Seconds
SQL> -- 把查询出的数据insert到T_TYPE_FLOAT表中
SQL> DROP TABLE T_TYPE_FLOAT IF EXISTS;
0 rows affected
Running time elapsed:      0.19 Seconds
SQL> CREATE TABLE T_TYPE_FLOAT AS (SELECT TFLOAT FROM P1000) WITH NO DATA;
0 rows affected
Running time elapsed:      0.38 Seconds
SQL> INSERT INTO T_TYPE_FLOAT (SELECT TFLOAT FROM P1000 GROUP BY TFLOAT HAVING TFLOAT > 52.8899);
56460 rows affected
Running time elapsed:      8.62 Seconds
SQL> -- 查看返回结果
SQL> SELECT * FROM T_TYPE_FLOAT ORDER BY TFLOAT LIMIT 10;
+--------+
| TFLOAT |
+--------+
| 70     |
| 70.02  |
| 70.03  |
| 70.04  |
| 70.05  |
| 70.07  |
| 70.08  |
| 70.11  |
| 70.12  |
| 70.13  |
+--------+
10 rows selected.
Running time elapsed:      0.94 Seconds
SQL> SELECT TDECIMAL FROM P1000 GROUP BY TDECIMAL HAVING TDECIMAL < 9934.32 ORDER BY TDECIMAL LIMIT 10;
+----------+
| TDECIMAL |
+----------+
| 16.0     |
| 16.02    |
| 16.03    |
| 16.04    |
| 16.05    |
| 16.07    |
| 16.08    |
| 16.11    |
| 16.12    |
| 16.13    |
+----------+
10 rows selected.
Running time elapsed:      2.35 Seconds
SQL> -- 把查询出的数据insert到T_TYPE_DECIMAL表中
SQL> DROP TABLE T_TYPE_DECIMAL IF EXISTS;
0 rows affected
Running time elapsed:      0.19 Seconds
SQL> CREATE TABLE T_TYPE_DECIMAL AS (SELECT TDECIMAL FROM P1000) WITH NO DATA;
0 rows affected
Running time elapsed:      0.33 Seconds
SQL> INSERT INTO T_TYPE_DECIMAL (SELECT TDECIMAL FROM P1000 GROUP BY TDECIMAL HAVING TDECIMAL < 9934.32);
56340 rows affected
Running time elapsed:      7.76 Seconds
SQL> -- 查看返回结果
SQL> SELECT * FROM T_TYPE_DECIMAL ORDER BY TDECIMAL LIMIT 10;
+----------+
| TDECIMAL |
+----------+
| 16.0     |
| 16.02    |
| 16.03    |
| 16.04    |
| 16.05    |
| 16.07    |
| 16.08    |
| 16.11    |
| 16.12    |
| 16.13    |
+----------+
10 rows selected.
Running time elapsed:      0.93 Seconds
SQL> SELECT TNUMERIC FROM P1000 GROUP BY TNUMERIC HAVING TNUMERIC > 43.1703 ORDER BY TNUMERIC LIMIT 10;
+----------+
| TNUMERIC |
+----------+
| 70.0016  |
| 70.003   |
| 70.0038  |
| 70.007   |
| 70.0075  |
| 70.0086  |
| 70.0111  |
| 70.0112  |
| 70.0186  |
| 70.0232  |
+----------+
10 rows selected.
Running time elapsed:      1.92 Seconds
SQL> -- 把查询出的数据insert到T_TYPE_NUMERIC表中
SQL> DROP TABLE T_TYPE_NUMERIC IF EXISTS;
0 rows affected
Running time elapsed:      0.19 Seconds
SQL> CREATE TABLE T_TYPE_NUMERIC AS (SELECT TNUMERIC FROM P1000) WITH NO DATA;
0 rows affected
Running time elapsed:      0.39 Seconds
SQL> INSERT INTO T_TYPE_NUMERIC (SELECT TNUMERIC FROM P1000 GROUP BY TNUMERIC HAVING TNUMERIC > 43.1703);
888268 rows affected
Running time elapsed:      8.96 Seconds
SQL> -- 查看返回结果
SQL> SELECT * FROM T_TYPE_NUMERIC ORDER BY TNUMERIC LIMIT 10;
+----------+
| TNUMERIC |
+----------+
| 70.0016  |
| 70.003   |
| 70.0038  |
| 70.007   |
| 70.0075  |
| 70.0086  |
| 70.0111  |
| 70.0112  |
| 70.0186  |
| 70.0232  |
+----------+
10 rows selected.
Running time elapsed:      0.92 Seconds
SQL> SELECT TDATE FROM P1000 GROUP BY TDATE HAVING TDATE BETWEEN TO_DATE('1979-02-19','YYYY-MM-DD') AND TO_DATE('2010-02-19','YYYY-MM-DD') ORDER BY TDATE LIMIT 10;
+-----------+
| TDATE     |
+-----------+
| 1979-2-19 |
| 1979-2-20 |
| 1979-2-21 |
| 1979-2-22 |
| 1979-2-23 |
| 1979-2-24 |
| 1979-2-25 |
| 1979-2-26 |
| 1979-2-27 |
| 1979-2-28 |
+-----------+
10 rows selected.
Running time elapsed:      1.81 Seconds
SQL> -- 把查询出的数据insert到T_TYPE_DATE表中
SQL> DROP TABLE T_TYPE_DATE IF EXISTS;
0 rows affected
Running time elapsed:      0.19 Seconds
SQL> CREATE TABLE T_TYPE_DATE AS (SELECT TDATE FROM P1000) WITH NO DATA;
0 rows affected
Running time elapsed:      0.39 Seconds
SQL> INSERT INTO T_TYPE_DATE (SELECT TDATE FROM P1000 GROUP BY TDATE HAVING TDATE BETWEEN TO_DATE('1979-02-19','YYYY-MM-DD') AND TO_DATE('2010-02-19','YYYY-MM-DD'));
11324 rows affected
Running time elapsed:      7.94 Seconds
SQL> -- 查看返回结果
SQL> SELECT * FROM T_TYPE_DATE ORDER BY TDATE LIMIT 10;
+-----------+
| TDATE     |
+-----------+
| 1979-2-19 |
| 1979-2-20 |
| 1979-2-21 |
| 1979-2-22 |
| 1979-2-23 |
| 1979-2-24 |
| 1979-2-25 |
| 1979-2-26 |
| 1979-2-27 |
| 1979-2-28 |
+-----------+
10 rows selected.
Running time elapsed:      0.90 Seconds
SQL> SELECT TTIMESTAMP FROM P1000 GROUP BY TTIMESTAMP HAVING TTIMESTAMP < TO_TIMESTAMP('2049-08-05 05:40:39.000000','YYYY-MM-DD HH24:MI:SS.FF') ORDER BY TTIMESTAMP LIMIT 10;
+---------------------+
| TTIMESTAMP          |
+---------------------+
| 1979-01-01 00:00:31 |
| 1979-01-01 00:02:27 |
| 1979-01-01 00:08:21 |
| 1979-01-01 00:10:29 |
| 1979-01-01 00:13:48 |
| 1979-01-01 00:17:18 |
| 1979-01-01 00:25:36 |
| 1979-01-01 00:25:59 |
| 1979-01-01 00:26:26 |
| 1979-01-01 00:30:20 |
+---------------------+
10 rows selected.
Running time elapsed:      2.05 Seconds
SQL> -- 把查询出的数据insert到T_TYPE_TIMESTAMP表中
SQL> DROP TABLE T_TYPE_TIMESTAMP IF EXISTS;
0 rows affected
Running time elapsed:      0.19 Seconds
SQL> CREATE TABLE T_TYPE_TIMESTAMP AS (SELECT TTIMESTAMP FROM P1000) WITH NO DATA;
0 rows affected
Running time elapsed:      0.31 Seconds
SQL> INSERT INTO T_TYPE_TIMESTAMP (SELECT TTIMESTAMP FROM P1000 GROUP BY TTIMESTAMP HAVING TTIMESTAMP < TO_TIMESTAMP('2049-08-05 05:40:39.000000','YYYY-MM-DD HH24:MI:SS.FF'));
9920520 rows affected
Running time elapsed:      8.31 Seconds
SQL> -- 查看返回结果
SQL> SELECT * FROM T_TYPE_TIMESTAMP ORDER BY TTIMESTAMP LIMIT 10;
+---------------------+
| TTIMESTAMP          |
+---------------------+
| 1979-01-01 00:00:31 |
| 1979-01-01 00:02:27 |
| 1979-01-01 00:08:21 |
| 1979-01-01 00:10:29 |
| 1979-01-01 00:13:48 |
| 1979-01-01 00:17:18 |
| 1979-01-01 00:25:36 |
| 1979-01-01 00:25:59 |
| 1979-01-01 00:26:26 |
| 1979-01-01 00:30:20 |
+---------------------+
10 rows selected.
Running time elapsed:      0.91 Seconds
SQL> SELECT TBOOL FROM P1000 GROUP BY TBOOL HAVING TBOOL = True ORDER BY TBOOL LIMIT 10;
+-------+
| TBOOL |
+-------+
| True  |
+-------+
1 row selected.
Running time elapsed:      1.07 Seconds
SQL> -- 把查询出的数据insert到T_TYPE_BOOL表中
SQL> DROP TABLE T_TYPE_BOOL IF EXISTS;
0 rows affected
Running time elapsed:      0.20 Seconds
SQL> CREATE TABLE T_TYPE_BOOL AS (SELECT TBOOL FROM P1000) WITH NO DATA;
0 rows affected
Running time elapsed:      0.36 Seconds
SQL> INSERT INTO T_TYPE_BOOL (SELECT TBOOL FROM P1000 GROUP BY TBOOL HAVING TBOOL = True);
1 row affected
Running time elapsed:      2.64 Seconds
SQL> -- 查看返回结果
SQL> SELECT * FROM T_TYPE_BOOL ORDER BY TBOOL LIMIT 10;
+-------+
| TBOOL |
+-------+
| True  |
+-------+
1 row selected.
Running time elapsed:      0.45 Seconds
SQL> SELECT TCHAR FROM P1000 GROUP BY TCHAR HAVING TCHAR = 'NBr2nMF7JorJ9LKRZefRKlWj9vR3G8IRC5Wg86OeYzfuMBV7f6' ORDER BY TCHAR LIMIT 10;
0 rows selected.
Running time elapsed:      1.06 Seconds
SQL> -- 把查询出的数据insert到T_TYPE_CHAR表中
SQL> DROP TABLE T_TYPE_CHAR IF EXISTS;
0 rows affected
Running time elapsed:      0.19 Seconds
SQL> CREATE TABLE T_TYPE_CHAR AS (SELECT TCHAR FROM P1000) WITH NO DATA;
0 rows affected
Running time elapsed:      0.36 Seconds
SQL> INSERT INTO T_TYPE_CHAR (SELECT TCHAR FROM P1000 GROUP BY TCHAR HAVING TCHAR = 'NBr2nMF7JorJ9LKRZefRKlWj9vR3G8IRC5Wg86OeYzfuMBV7f6');
0 rows affected
Running time elapsed:      2.13 Seconds
SQL> -- 查看返回结果
SQL> SELECT * FROM T_TYPE_CHAR ORDER BY TCHAR LIMIT 10;
0 rows selected.
Running time elapsed:      0.19 Seconds
SQL> SELECT TVARCHAR FROM P1000 GROUP BY TVARCHAR HAVING TVARCHAR IN ('1SGYlFg5qlxYSOJm3RZF9KyGeIYMnIx8hJTWtG2Z4ABSpWlDN7pszRqJ2ujWLHfUJIR0UXPxFIDk3SrvURGL0P6qf375DfNyC9nO','LXFlGmwOWyAn4FaGV9xc5KkhInSWCOdM8n6o9PFmInF1w4Z1bnzRK78h2e2PoG83835E4t85ArAyLvIVkBvPnISZSFiG1aR4oeME') ORDER BY TVARCHAR LIMIT 10;
0 rows selected.
Running time elapsed:      1.17 Seconds
SQL> -- 把查询出的数据insert到T_TYPE_VARCHAR表中
SQL> DROP TABLE T_TYPE_VARCHAR IF EXISTS;
0 rows affected
Running time elapsed:      0.15 Seconds
SQL> CREATE TABLE T_TYPE_VARCHAR AS (SELECT TVARCHAR FROM P1000) WITH NO DATA;
0 rows affected
Running time elapsed:      0.39 Seconds
SQL> INSERT INTO T_TYPE_VARCHAR (SELECT TVARCHAR FROM P1000 GROUP BY TVARCHAR HAVING TVARCHAR IN ('1SGYlFg5qlxYSOJm3RZF9KyGeIYMnIx8hJTWtG2Z4ABSpWlDN7pszRqJ2ujWLHfUJIR0UXPxFIDk3SrvURGL0P6qf375DfNyC9nO','LXFlGmwOWyAn4FaGV9xc5KkhInSWCOdM8n6o9PFmInF1w4Z1bnzRK78h2e2PoG83835E4t85ArAyLvIVkBvPnISZSFiG1aR4oeME'));
0 rows affected
Running time elapsed:      2.66 Seconds
SQL> -- 查看返回结果
SQL> SELECT * FROM T_TYPE_VARCHAR ORDER BY TVARCHAR LIMIT 10;
0 rows selected.
Running time elapsed:      0.24 Seconds
SQL> 
SQL> 
SQL> -- 不同数据类型组合进行having查询
   > -- 3种整型数据类型组合
SQL> SELECT TSMALLINT,TINTEGER,TBIGINT
   > FROM P1000
   > GROUP BY TSMALLINT, TINTEGER,TBIGINT
   > HAVING TSMALLINT > 300 AND TINTEGER > 400 AND TBIGINT > 500
   > ORDER BY TSMALLINT,TINTEGER,TBIGINT LIMIT 10;
+-----------+----------+--------------+
| TSMALLINT | TINTEGER | TBIGINT      |
+-----------+----------+--------------+
| 303       | 4990     | 255470251397 |
| 303       | 4990     | 335478044137 |
| 303       | 4990     | 625318731753 |
| 303       | 8244     | 293836527403 |
| 303       | 8244     | 350297046376 |
| 303       | 24674    | 766823598497 |
| 303       | 36068    | 727888522756 |
| 303       | 36068    | 831186561952 |
| 303       | 36565    | 303937880950 |
| 303       | 36565    | 723428224234 |
+-----------+----------+--------------+
10 rows selected.
Running time elapsed:      2.43 Seconds
SQL> -- 把查询出的数据insert到T_TYPE_INTS表中
SQL> DROP TABLE T_TYPE_INTS IF EXISTS;
0 rows affected
Running time elapsed:      0.28 Seconds
SQL> CREATE TABLE T_TYPE_INTS AS (SELECT TSMALLINT,TINTEGER,TBIGINT FROM P1000) WITH NO DATA;
0 rows affected
Running time elapsed:      0.50 Seconds
SQL> INSERT INTO T_TYPE_INTS (SELECT TSMALLINT,TINTEGER,TBIGINT FROM P1000 GROUP BY TSMALLINT, TINTEGER,TBIGINT HAVING TSMALLINT > 300 AND TINTEGER > 400 AND TBIGINT > 500);
9849103 rows affected
Running time elapsed:      8.36 Seconds
SQL> -- 查看返回结果
SQL> SELECT * FROM T_TYPE_INTS ORDER BY TSMALLINT,TINTEGER,TBIGINT LIMIT 10;
+-----------+----------+--------------+
| TSMALLINT | TINTEGER | TBIGINT      |
+-----------+----------+--------------+
| 303       | 4990     | 255470251397 |
| 303       | 4990     | 335478044137 |
| 303       | 4990     | 625318731753 |
| 303       | 8244     | 293836527403 |
| 303       | 8244     | 350297046376 |
| 303       | 24674    | 766823598497 |
| 303       | 36068    | 727888522756 |
| 303       | 36068    | 831186561952 |
| 303       | 36565    | 303937880950 |
| 303       | 36565    | 723428224234 |
+-----------+----------+--------------+
10 rows selected.
Running time elapsed:      1.30 Seconds
SQL> 
SQL> -- 5种浮点型数据类型组合
SQL> SELECT TREAL,TDOUBLE,TFLOAT,TDECIMAL,TNUMERIC
   > FROM P1000
   > GROUP BY TREAL,TDOUBLE,TFLOAT,TDECIMAL,TNUMERIC
   > HAVING TREAL > 400.22 OR TDOUBLE > 200.22 OR TDECIMAL > 400.11 OR TNUMERIC > 800.11
   > ORDER BY TREAL,TDOUBLE,TFLOAT LIMIT 10;
+-------+---------+---------+----------+-----------+
| TREAL | TDOUBLE | TFLOAT  | TDECIMAL | TNUMERIC  |
+-------+---------+---------+----------+-----------+
| 16    | 75.53   | 9583.11 | 8130.61  | 5464.3584 |
| 16    | 407.57  | 1108.13 | 6729.75  | 375.3299  |
| 16    | 489.21  | 9140.73 | 9508.08  | 2529.8773 |
| 16    | 519.07  | 1871.99 | 2463.79  | 9367.9279 |
| 16    | 646.57  | 3815.67 | 8639.02  | 8288.4953 |
| 16    | 647.13  | 7154.53 | 6068.99  | 3797.2422 |
| 16    | 695.02  | 5559.33 | 3882.2   | 4768.8532 |
| 16    | 778.27  | 5509.41 | 8522.44  | 9361.9051 |
| 16    | 876.82  | 7574.84 | 5529.11  | 186.5201  |
| 16    | 927.11  | 2202.16 | 2282.82  | 948.4616  |
+-------+---------+---------+----------+-----------+
10 rows selected.
Running time elapsed:      2.31 Seconds
SQL> 
SQL> -- 把查询出的数据insert到T_TYPE_FLOATS表中
SQL> DROP TABLE T_TYPE_FLOATS IF EXISTS;
0 rows affected
Running time elapsed:      0.15 Seconds
SQL> CREATE TABLE T_TYPE_FLOATS AS (SELECT TREAL,TDOUBLE,TFLOAT,TDECIMAL,TNUMERIC FROM P1000) WITH NO DATA;
0 rows affected
Running time elapsed:      0.50 Seconds
SQL> INSERT INTO T_TYPE_FLOATS (SELECT TREAL,TDOUBLE,TFLOAT,TDECIMAL,TNUMERIC FROM P1000 GROUP BY TREAL,TDOUBLE,TFLOAT,TDECIMAL,TNUMERIC HAVING TREAL > 400.22 OR TDOUBLE > 200.22 OR TDECIMAL > 400.11 OR TNUMERIC > 800.11);
9999994 rows affected
Running time elapsed:      9.19 Seconds
SQL> -- 查看返回结果
SQL> SELECT * FROM T_TYPE_FLOATS ORDER BY TREAL,TDOUBLE,TFLOAT LIMIT 10;
+-------+---------+---------+----------+-----------+
| TREAL | TDOUBLE | TFLOAT  | TDECIMAL | TNUMERIC  |
+-------+---------+---------+----------+-----------+
| 16    | 75.53   | 9583.11 | 8130.61  | 5464.3584 |
| 16    | 407.57  | 1108.13 | 6729.75  | 375.3299  |
| 16    | 489.21  | 9140.73 | 9508.08  | 2529.8773 |
| 16    | 519.07  | 1871.99 | 2463.79  | 9367.9279 |
| 16    | 646.57  | 3815.67 | 8639.02  | 8288.4953 |
| 16    | 647.13  | 7154.53 | 6068.99  | 3797.2422 |
| 16    | 695.02  | 5559.33 | 3882.2   | 4768.8532 |
| 16    | 778.27  | 5509.41 | 8522.44  | 9361.9051 |
| 16    | 876.82  | 7574.84 | 5529.11  | 186.5201  |
| 16    | 927.11  | 2202.16 | 2282.82  | 948.4616  |
+-------+---------+---------+----------+-----------+
10 rows selected.
Running time elapsed:      1.30 Seconds
SQL> 
SQL> -- 2种日期数据类型组合
SQL> SELECT TDATE,TTIMESTAMP FROM P1000 GROUP BY TDATE,TTIMESTAMP HAVING TDATE > TO_DATE('1979-02-19','YYYY-MM-DD') AND TTIMESTAMP > TO_TIMESTAMP('1979-01-21 21:45:16.000000','YYYY-MM-DD HH24:MI:SS.FF') ORDER BY TTIMESTAMP LIMIT 10;
+------------+---------------------+
| TDATE      | TTIMESTAMP          |
+------------+---------------------+
| 1980-10-11 | 1979-01-21 21:52:31 |
| 2005-2-19  | 1979-01-21 21:54:46 |
| 2010-8-28  | 1979-01-21 21:59:50 |
| 2007-7-31  | 1979-01-21 22:01:06 |
| 1992-6-11  | 1979-01-21 22:04:52 |
| 2022-10-18 | 1979-01-21 22:07:01 |
| 2030-5-15  | 1979-01-21 22:13:27 |
| 2001-3-6   | 1979-01-21 22:14:35 |
| 2043-11-5  | 1979-01-21 22:26:24 |
| 2012-1-28  | 1979-01-21 22:29:46 |
+------------+---------------------+
10 rows selected.
Running time elapsed:      2.14 Seconds
SQL> -- 把查询出的数据insert到T_TYPE_DATES表中
SQL> DROP TABLE T_TYPE_DATES IF EXISTS;
0 rows affected
Running time elapsed:      0.21 Seconds
SQL> CREATE TABLE T_TYPE_DATES AS (SELECT TCHAR,TVARCHAR FROM P1000) WITH NO DATA;
0 rows affected
Running time elapsed:      0.30 Seconds
SQL> INSERT INTO T_TYPE_DATES (SELECT TDATE,TTIMESTAMP FROM P1000 GROUP BY TDATE,TTIMESTAMP HAVING TDATE > TO_DATE('1979-02-19','YYYY-MM-DD') AND TTIMESTAMP > TO_TIMESTAMP('1979-01-21 21:45:16.000000','YYYY-MM-DD HH24:MI:SS.FF'));
9972332 rows affected
Running time elapsed:     10.89 Seconds
SQL> -- 查看返回结果
SQL> SELECT * FROM T_TYPE_DATES ORDER BY TCHAR,TVARCHAR LIMIT 10;
+-----------------------------------------------------------------------------------------------------------------------------------------------------------------------------------------------------------------------------------------------------------------+---------------------+
| TCHAR                                                                                                                                                                                                                                                           | TVARCHAR            |
+-----------------------------------------------------------------------------------------------------------------------------------------------------------------------------------------------------------------------------------------------------------------+---------------------+
| 1979-02-20                                                                                                                                                                                                                                                      | 1979-05-12 13:02:07 |
| 1979-02-20                                                                                                                                                                                                                                                      | 1979-11-22 02:35:50 |
| 1979-02-20                                                                                                                                                                                                                                                      | 1980-05-20 05:52:20 |
| 1979-02-20                                                                                                                                                                                                                                                      | 1980-12-25 11:29:33 |
| 1979-02-20                                                                                                                                                                                                                                                      | 1981-01-06 06:46:00 |
| 1979-02-20                                                                                                                                                                                                                                                      | 1981-02-01 17:22:48 |
| 1979-02-20                                                                                                                                                                                                                                                      | 1981-07-12 02:56:39 |
| 1979-02-20                                                                                                                                                                                                                                                      | 1981-07-17 21:35:56 |
| 1979-02-20                                                                                                                                                                                                                                                      | 1981-08-29 21:15:49 |
| 1979-02-20                                                                                                                                                                                                                                                      | 1981-09-20 21:39:21 |
+-----------------------------------------------------------------------------------------------------------------------------------------------------------------------------------------------------------------------------------------------------------------+---------------------+
10 rows selected.
Running time elapsed:      1.14 Seconds
SQL> 
SQL> -- 2种字符数据类型组合
SQL> SELECT TCHAR,TVARCHAR FROM P1000 GROUP BY TCHAR, TVARCHAR HAVING TCHAR = 'NBr2nMF7JorJ9LKRZefRKlWj9vR3G8IRC5Wg86OeYzfuMBV7f6' OR TVARCHAR IN ('1SGYlFg5qlxYSOJm3RZF9KyGeIYMnIx8hJTWtG2Z4ABSpWlDN7pszRqJ2ujWLHfUJIR0UXPxFIDk3SrvURGL0P6qf375DfNyC9nO','LXFlGmwOWyAn4FaGV9xc5KkhInSWCOdM8n6o9PFmInF1w4Z1bnzRK78h2e2PoG83835E4t85ArAyLvIVkBvPnISZSFiG1aR4oeME') ORDER BY TCHAR LIMIT 10;
0 rows selected.
Running time elapsed:      1.33 Seconds
SQL> -- 把查询出的数据insert到T_TYPE_CHARS表中
SQL> DROP TABLE T_TYPE_CHARS IF EXISTS;
0 rows affected
Running time elapsed:      0.20 Seconds
SQL> CREATE TABLE T_TYPE_CHARS AS (SELECT TDATE,TTIMESTAMP FROM P1000) WITH NO DATA;
0 rows affected
Running time elapsed:      0.35 Seconds
SQL> INSERT INTO T_TYPE_CHARS (SELECT TCHAR,TVARCHAR FROM P1000 GROUP BY TCHAR, TVARCHAR HAVING TCHAR = 'NBr2nMF7JorJ9LKRZefRKlWj9vR3G8IRC5Wg86OeYzfuMBV7f6' OR TVARCHAR IN ('1SGYlFg5qlxYSOJm3RZF9KyGeIYMnIx8hJTWtG2Z4ABSpWlDN7pszRqJ2ujWLHfUJIR0UXPxFIDk3SrvURGL0P6qf375DfNyC9nO','LXFlGmwOWyAn4FaGV9xc5KkhInSWCOdM8n6o9PFmInF1w4Z1bnzRK78h2e2PoG83835E4t85ArAyLvIVkBvPnISZSFiG1aR4oeME'));
0 rows affected
Running time elapsed:      2.71 Seconds
SQL> -- 查看返回结果
SQL> SELECT * FROM T_TYPE_CHARS ORDER BY TDATE,TTIMESTAMP LIMIT 10;
0 rows selected.
Running time elapsed:      0.19 Seconds
SQL> 
SQL> -- 整型，浮点型，字符型，日期类型4种数据类型组合
SQL> SELECT TBIGINT,TDOUBLE,TCHAR,TDATE
   > FROM P1000
   > GROUP BY TBIGINT, TDOUBLE, TCHAR,TDATE HAVING TBIGINT > 500 OR TDOUBLE < 400.22
   > OR TCHAR IN ('NBr2nMF7JorJ9LKRZefRKlWj9vR3G8IRC5Wg86OeYzfuMBV7f6','EicGCMKTtawEbtLLWkJuECm9ywDONiUgBqKMS45rfj947v7hAU')
   > AND TDATE BETWEEN TO_DATE('1979-02-19','YYYY-MM-DD') AND TO_DATE('2010-11-21','YYYY-MM-DD')
   > ORDER BY TBIGINT,TDOUBLE,TCHAR LIMIT 10;
+----------+---------+-----------------------------------------------------------------------------------------------------------------------------------------------------------------------------------------------------------------------------------------------------------------+------------+
| TBIGINT  | TDOUBLE | TCHAR                                                                                                                                                                                                                                                           | TDATE      |
+----------+---------+-----------------------------------------------------------------------------------------------------------------------------------------------------------------------------------------------------------------------------------------------------------------+------------+
| 27770954 | 16.02   | Lrt059AHPtP5XapR0Yi7Ti7gpy8YxmHg8tUO5jKERjFRJeCkF5                                                                                                                                                                                                              | 2024-3-31  |
| 27770954 | 16.25   | ABF33nte6i19WSTzxzR4OFMz1e1559mxLfdA9RHXFW3izgfYIR                                                                                                                                                                                                              | 2025-7-13  |
| 27770954 | 16.5    | ulM2SJIXj6yUvFkT7Bg7RTXBWKf5FAOfaJUYlpjkha7JCKNCph                                                                                                                                                                                                              | 2022-5-26  |
| 27770954 | 38.62   | fYUwDYmHYRPMv2A9vy0zi8blL03AxppIMI7EnDEdqhxVUefbyh                                                                                                                                                                                                              | 2010-4-16  |
| 27770954 | 38.95   | vPRfy5LdoxeYisxayXd6sWcm8L5TUzVtFtBHN410qN8G5TLleW                                                                                                                                                                                                              | 2025-11-22 |
| 27770954 | 86.67   | TuADGAWJywneZJwxuPGi4oSRuKdcE1kImyAytAKRSmw9AMIzyr                                                                                                                                                                                                              | 2018-6-28  |
| 27770954 | 111.6   | bNtoOFb63T18EuWbWEiZL4GvpV0y6P5Zn8eFfayqlEmjyocA2W                                                                                                                                                                                                              | 1989-3-1   |
| 27770954 | 111.67  | kmLcVzcAE4aE7o7639xRbyBqNC4mYALD8R76vzFvFkHMO2CueR                                                                                                                                                                                                              | 2013-9-27  |
| 27770954 | 112.7   | TuXek6Rmg4RpW2tIekfB7WsD3gwzwhCpNeHhbOZaFstiBUKBF8                                                                                                                                                                                                              | 1998-5-29  |
| 27770954 | 186.03  | mCiD1pLk2HRIu58LqMRKzTM704lSvGANdKIwsVx7sHPFD12VIW                                                                                                                                                                                                              | 1988-1-20  |
+----------+---------+-----------------------------------------------------------------------------------------------------------------------------------------------------------------------------------------------------------------------------------------------------------------+------------+
10 rows selected.
Running time elapsed:      2.20 Seconds
SQL> 
SQL> -- 把查询出的数据insert到T_TYPE_ARRAY4表中
SQL> DROP TABLE T_TYPE_ARRAY4 IF EXISTS;
0 rows affected
Running time elapsed:      0.19 Seconds
SQL> CREATE TABLE T_TYPE_ARRAY4 AS (SELECT TBIGINT,TDOUBLE,TCHAR,TDATE FROM P1000) WITH NO DATA;
0 rows affected
Running time elapsed:      0.33 Seconds
SQL> INSERT INTO T_TYPE_ARRAY4 (SELECT TBIGINT,TDOUBLE,TCHAR,TDATE FROM P1000 GROUP BY TBIGINT, TDOUBLE, TCHAR,TDATE HAVING TBIGINT > 500 OR TDOUBLE < 400.22 OR TCHAR IN ('NBr2nMF7JorJ9LKRZefRKlWj9vR3G8IRC5Wg86OeYzfuMBV7f6','EicGCMKTtawEbtLLWkJuECm9ywDONiUgBqKMS45rfj947v7hAU') AND TDATE BETWEEN TO_DATE('1979-02-19','YYYY-MM-DD') AND TO_DATE('2010-11-21','YYYY-MM-DD'));
10000000 rows affected
Running time elapsed:     11.30 Seconds
SQL> -- 查看返回结果
SQL> SELECT * FROM T_TYPE_ARRAY4 ORDER BY TBIGINT,TDOUBLE,TCHAR LIMIT 10;
+----------+---------+-----------------------------------------------------------------------------------------------------------------------------------------------------------------------------------------------------------------------------------------------------------------+------------+
| TBIGINT  | TDOUBLE | TCHAR                                                                                                                                                                                                                                                           | TDATE      |
+----------+---------+-----------------------------------------------------------------------------------------------------------------------------------------------------------------------------------------------------------------------------------------------------------------+------------+
| 27770954 | 16.02   | Lrt059AHPtP5XapR0Yi7Ti7gpy8YxmHg8tUO5jKERjFRJeCkF5                                                                                                                                                                                                              | 2024-3-31  |
| 27770954 | 16.25   | ABF33nte6i19WSTzxzR4OFMz1e1559mxLfdA9RHXFW3izgfYIR                                                                                                                                                                                                              | 2025-7-13  |
| 27770954 | 16.5    | ulM2SJIXj6yUvFkT7Bg7RTXBWKf5FAOfaJUYlpjkha7JCKNCph                                                                                                                                                                                                              | 2022-5-26  |
| 27770954 | 38.62   | fYUwDYmHYRPMv2A9vy0zi8blL03AxppIMI7EnDEdqhxVUefbyh                                                                                                                                                                                                              | 2010-4-16  |
| 27770954 | 38.95   | vPRfy5LdoxeYisxayXd6sWcm8L5TUzVtFtBHN410qN8G5TLleW                                                                                                                                                                                                              | 2025-11-22 |
| 27770954 | 86.67   | TuADGAWJywneZJwxuPGi4oSRuKdcE1kImyAytAKRSmw9AMIzyr                                                                                                                                                                                                              | 2018-6-28  |
| 27770954 | 111.6   | bNtoOFb63T18EuWbWEiZL4GvpV0y6P5Zn8eFfayqlEmjyocA2W                                                                                                                                                                                                              | 1989-3-1   |
| 27770954 | 111.67  | kmLcVzcAE4aE7o7639xRbyBqNC4mYALD8R76vzFvFkHMO2CueR                                                                                                                                                                                                              | 2013-9-27  |
| 27770954 | 112.7   | TuXek6Rmg4RpW2tIekfB7WsD3gwzwhCpNeHhbOZaFstiBUKBF8                                                                                                                                                                                                              | 1998-5-29  |
| 27770954 | 186.03  | mCiD1pLk2HRIu58LqMRKzTM704lSvGANdKIwsVx7sHPFD12VIW                                                                                                                                                                                                              | 1988-1-20  |
+----------+---------+-----------------------------------------------------------------------------------------------------------------------------------------------------------------------------------------------------------------------------------------------------------------+------------+
10 rows selected.
Running time elapsed:      1.05 Seconds
SQL> 
SQL> -- 整型，浮点型2种数据类型组合
SQL> SELECT TSMALLINT,TREAL FROM P1000 GROUP BY TSMALLINT, TREAL HAVING TSMALLINT >30 AND TREAL > 40.34
   > ORDER BY TSMALLINT,TREAL LIMIT 10;
+-----------+-------+
| TSMALLINT | TREAL |
+-----------+-------+
| 38        | 70.11 |
| 38        | 70.25 |
| 38        | 70.29 |
| 38        | 70.3  |
| 38        | 70.6  |
| 38        | 70.62 |
| 38        | 70.67 |
| 38        | 70.82 |
| 38        | 75.15 |
| 38        | 75.21 |
+-----------+-------+
10 rows selected.
Running time elapsed:      1.76 Seconds
SQL> 
SQL> -- 把查询出的数据insert到T_TYPE_ARRAY21表中
SQL> DROP TABLE T_TYPE_ARRAY21 IF EXISTS;
0 rows affected
Running time elapsed:      0.20 Seconds
SQL> CREATE TABLE T_TYPE_ARRAY21 AS (SELECT TSMALLINT,TREAL FROM P1000) WITH NO DATA;
0 rows affected
Running time elapsed:      0.28 Seconds
SQL> INSERT INTO T_TYPE_ARRAY21 (SELECT TSMALLINT,TREAL FROM P1000 GROUP BY TSMALLINT, TREAL HAVING TSMALLINT >30 AND TREAL > 40.34);
8768421 rows affected
Running time elapsed:      7.68 Seconds
SQL> SELECT * FROM T_TYPE_ARRAY21
   > ORDER BY TSMALLINT,TREAL LIMIT 10;
+-----------+-------+
| TSMALLINT | TREAL |
+-----------+-------+
| 38        | 70.11 |
| 38        | 70.25 |
| 38        | 70.29 |
| 38        | 70.3  |
| 38        | 70.6  |
| 38        | 70.62 |
| 38        | 70.67 |
| 38        | 70.82 |
| 38        | 75.15 |
| 38        | 75.21 |
+-----------+-------+
10 rows selected.
Running time elapsed:      0.88 Seconds
SQL> 
SQL> -- 整型，字符型2种数据类型组合
SQL> SELECT TINTEGER,TVARCHAR
   > FROM P1000
   > GROUP BY TINTEGER, TVARCHAR HAVING TINTEGER > 200
   > AND TVARCHAR NOT IN ('1SGYlFg5qlxYSOJm3RZF9KyGeIYMnIx8hJTWtG2Z4ABSpWlDN7pszRqJ2ujWLHfUJIR0UXPxFIDk3SrvURGL0P6qf375DfNyC9nO','LXFlGmwOWyAn4FaGV9xc5KkhInSWCOdM8n6o9PFmInF1w4Z1bnzRK78h2e2PoG83835E4t85ArAyLvIVkBvPnISZSFiG1aR4oeME')
   > ORDER BY TINTEGER,TVARCHAR LIMIT 10;
+----------+------------------------------------------------------------------------------------------------------+
| TINTEGER | TVARCHAR                                                                                             |
+----------+------------------------------------------------------------------------------------------------------+
| 2777     | 0618kq7yjlFM3fRzgFGZyswvLrYudK1snuGTuZXmPUsoM7CHTmg0UOLBsxUJybSvUAz94gUVKRH7CorhtNeqNTgxMvlGUSVV7skF |
| 2777     | 07T4NGHaxdDtf7LscVqhdlw8Iac6GGxcJUzVRAM9ONqajzAgGi9mb0VifDTv9pziliV8N0Bfi2kNE7tV5CqtyYj6IH6m6HCwO5kT |
| 2777     | 07wtfCSygjqA6FWCI4r4NqGLpDWCkpRlJMItmoBM9ihRmbIwcakC9C4xyl1bHk9uTFIa2ankOGn9bCc19kzLRnaE1vt5GVMX01Mg |
| 2777     | 0GM5DPcYlBHHt1gjFF9MgWe7iDkNrEh0NCvmly2xfzdAsmUh1ET5NnHOdlBS59FjeITkRvB5RxDsJSXUMmmYUfi2DHDFn5wsORji |
| 2777     | 0JcG1XSOjWsF3tc7qzoGESW8Ril9VbC0FGsbJrGKT5GPNq0WbFRM1G1M3MJiYVHstSzsZgnxtfwzIthA5vRgAnEslHYopgp0ELBr |
| 2777     | 0KtiRpGxaaDiunOGqjZ0cCXFG5iGhqvAd7eCtbPDLW6lwB2n8cmCsIyaEHyANpW1nSyDDTShhvy47sA4r4WlwK9mGFpMSv0xr0J4 |
| 2777     | 0RzePdHR3kfNJNbpO744ZRAszaYsrtVOWhzseZ7Il8G8P5Zk90KhWvqikVU919Bo5pRRuA8dDiDASXiYMwJS5MTBHvJIgH2y927U |
| 2777     | 0Y0ASICGcq7GLvuWdWSU2O6KSL4n1Or8jxRRAFd0YI3yTCqDMsyANygbMaYVVosizLtRMoU2FkaAVV4ULhqecYroWWAWrRAVkHRT |
| 2777     | 0gFBTEV11FVGD7ckD2v3edG886xE1ywdHjCZ9WddOP6UXeD2Jo9KHO84BaRJfRpJR7Bi7J8zqyf0YF523h5qt3AaJzjAPvdbhDT3 |
| 2777     | 0iADjFoIFCKH6vKWDrNRU0BAsGum8qbE1Zt0NlFByrOwfgFdtjFNNS3FmUKakcpSoFYfOTZZy2gRBJARIxgFREvjayIUgWUXImJU |
+----------+------------------------------------------------------------------------------------------------------+
10 rows selected.
Running time elapsed:      2.16 Seconds
SQL> 
SQL> -- 把查询出的数据insert到T_TYPE_ARRAY22表中
SQL> DROP TABLE T_TYPE_ARRAY22 IF EXISTS;
0 rows affected
Running time elapsed:      0.23 Seconds
SQL> CREATE TABLE T_TYPE_ARRAY22 AS (SELECT TINTEGER,TVARCHAR FROM P1000) WITH NO DATA;
0 rows affected
Running time elapsed:      0.46 Seconds
SQL> INSERT INTO T_TYPE_ARRAY22 (SELECT TINTEGER,TVARCHAR FROM P1000 GROUP BY TINTEGER, TVARCHAR HAVING TINTEGER > 200 AND TVARCHAR NOT IN ('1SGYlFg5qlxYSOJm3RZF9KyGeIYMnIx8hJTWtG2Z4ABSpWlDN7pszRqJ2ujWLHfUJIR0UXPxFIDk3SrvURGL0P6qf375DfNyC9nO','LXFlGmwOWyAn4FaGV9xc5KkhInSWCOdM8n6o9PFmInF1w4Z1bnzRK78h2e2PoG83835E4t85ArAyLvIVkBvPnISZSFiG1aR4oeME'));
9515664 rows affected
Running time elapsed:     12.81 Seconds
SQL> -- 查看返回结果
SQL> SELECT * FROM T_TYPE_ARRAY22 ORDER BY TINTEGER,TVARCHAR LIMIT 10;
+----------+------------------------------------------------------------------------------------------------------+
| TINTEGER | TVARCHAR                                                                                             |
+----------+------------------------------------------------------------------------------------------------------+
| 2777     | 0618kq7yjlFM3fRzgFGZyswvLrYudK1snuGTuZXmPUsoM7CHTmg0UOLBsxUJybSvUAz94gUVKRH7CorhtNeqNTgxMvlGUSVV7skF |
| 2777     | 07T4NGHaxdDtf7LscVqhdlw8Iac6GGxcJUzVRAM9ONqajzAgGi9mb0VifDTv9pziliV8N0Bfi2kNE7tV5CqtyYj6IH6m6HCwO5kT |
| 2777     | 07wtfCSygjqA6FWCI4r4NqGLpDWCkpRlJMItmoBM9ihRmbIwcakC9C4xyl1bHk9uTFIa2ankOGn9bCc19kzLRnaE1vt5GVMX01Mg |
| 2777     | 0GM5DPcYlBHHt1gjFF9MgWe7iDkNrEh0NCvmly2xfzdAsmUh1ET5NnHOdlBS59FjeITkRvB5RxDsJSXUMmmYUfi2DHDFn5wsORji |
| 2777     | 0JcG1XSOjWsF3tc7qzoGESW8Ril9VbC0FGsbJrGKT5GPNq0WbFRM1G1M3MJiYVHstSzsZgnxtfwzIthA5vRgAnEslHYopgp0ELBr |
| 2777     | 0KtiRpGxaaDiunOGqjZ0cCXFG5iGhqvAd7eCtbPDLW6lwB2n8cmCsIyaEHyANpW1nSyDDTShhvy47sA4r4WlwK9mGFpMSv0xr0J4 |
| 2777     | 0RzePdHR3kfNJNbpO744ZRAszaYsrtVOWhzseZ7Il8G8P5Zk90KhWvqikVU919Bo5pRRuA8dDiDASXiYMwJS5MTBHvJIgH2y927U |
| 2777     | 0Y0ASICGcq7GLvuWdWSU2O6KSL4n1Or8jxRRAFd0YI3yTCqDMsyANygbMaYVVosizLtRMoU2FkaAVV4ULhqecYroWWAWrRAVkHRT |
| 2777     | 0gFBTEV11FVGD7ckD2v3edG886xE1ywdHjCZ9WddOP6UXeD2Jo9KHO84BaRJfRpJR7Bi7J8zqyf0YF523h5qt3AaJzjAPvdbhDT3 |
| 2777     | 0iADjFoIFCKH6vKWDrNRU0BAsGum8qbE1Zt0NlFByrOwfgFdtjFNNS3FmUKakcpSoFYfOTZZy2gRBJARIxgFREvjayIUgWUXImJU |
+----------+------------------------------------------------------------------------------------------------------+
10 rows selected.
Running time elapsed:      1.17 Seconds
SQL> 
SQL> -- 整型，日期型2种数据类型组合
SQL> SELECT TBIGINT,TDATE FROM P1000 GROUP BY TBIGINT, TDATE HAVING TBIGINT > 400 AND TDATE > TO_DATE('1979-02-19','YYYY-MM-DD HH24:MI:SS') ORDER BY TBIGINT LIMIT 10;
0 rows selected.
Running time elapsed:      1.43 Seconds
SQL> -- 把查询出的数据insert到T_TYPE_ARRAY23表中
SQL> DROP TABLE T_TYPE_ARRAY23 IF EXISTS;
0 rows affected
Running time elapsed:      0.19 Seconds
SQL> CREATE TABLE T_TYPE_ARRAY23 AS (SELECT TBIGINT,TDATE FROM P1000) WITH NO DATA;
0 rows affected
Running time elapsed:      0.34 Seconds
SQL> INSERT INTO T_TYPE_ARRAY23 (SELECT TBIGINT,TDATE FROM P1000 GROUP BY TBIGINT, TDATE HAVING TBIGINT > 400 AND TDATE > TO_DATE('1979-02-19','YYYY-MM-DD HH24:MI:SS'));
0 rows affected
Running time elapsed:      2.47 Seconds
SQL> -- 查看返回结果
SQL> SELECT * FROM T_TYPE_ARRAY23 ORDER BY TBIGINT LIMIT 10;
0 rows selected.
Running time elapsed:      0.19 Seconds
SQL> 
SQL> -- 整型，浮点型，字符型3种数据类型组合
SQL> SELECT TSMALLINT,TREAL,TCHAR
   > FROM P1000 GROUP BY TSMALLINT, TREAL, TCHAR HAVING TSMALLINT > 300
   > AND TREAL<100.33 OR TCHAR = 'NBr2nMF7JorJ9LKRZefRKlWj9vR3G8IRC5Wg86OeYzfuMBV7f6'
   > ORDER BY TSMALLINT,TREAL,TCHAR LIMIT 10;
+-----------+-------+-----------------------------------------------------------------------------------------------------------------------------------------------------------------------------------------------------------------------------------------------------------------+
| TSMALLINT | TREAL | TCHAR                                                                                                                                                                                                                                                           |
+-----------+-------+-----------------------------------------------------------------------------------------------------------------------------------------------------------------------------------------------------------------------------------------------------------------+
| 303       | 16.12 | fH0cDnmeleH0VntsHFHOlkZIzJw28HcHOc3oSHVpgkeTzoU2rF                                                                                                                                                                                                              |
| 303       | 16.16 | 5nfwTw652Vm3R5EI8dxYRefTFSXsKgur60sw1mWOTgRWk4DlnU                                                                                                                                                                                                              |
| 303       | 16.16 | pI7lp5eo5LpwXO14F6XaXtP56aRoAfv8jZG9VvLlWZWCVCieHN                                                                                                                                                                                                              |
| 303       | 16.29 | l8XSoi0LdvhLmLybqLHbzRgENwhi754vn7JuRA3w1MhonoEmgR                                                                                                                                                                                                              |
| 303       | 16.42 | BB1xPREbZwsA2gmLFElR3fdZubgFouubCzOUePRaZPzxHudxus                                                                                                                                                                                                              |
| 303       | 16.46 | Vnk8IXraHs7icw7UEnlwjgFCGRo8FMaeKU9dp85cRgHKIqHNYw                                                                                                                                                                                                              |
| 303       | 16.54 | y8NFRGNiFZ608R0cFKgGJ4dto5kJILEBYJs3bIgOa8JgfrClYR                                                                                                                                                                                                              |
| 303       | 16.58 | jEOnkqlCxHfb3skW7c0RNU1HRimpNZDHl9dKRB1XuMjXTzLrOy                                                                                                                                                                                                              |
| 303       | 16.75 | rMItyZLtv4dHAbr1HtB8tMbACWtRUjyRRHqAlIS3Rc2XEyeTT1                                                                                                                                                                                                              |
| 303       | 30.02 | LofLZgd1aulfLPc7gmLRRUYEgN0RR2OW3vptRjC4IvLCEfOlAP                                                                                                                                                                                                              |
+-----------+-------+-----------------------------------------------------------------------------------------------------------------------------------------------------------------------------------------------------------------------------------------------------------------+
10 rows selected.
Running time elapsed:      2.43 Seconds
SQL> 
SQL> -- 把查询出的数据insert到T_TYPE_ARRAY31表中
SQL> DROP TABLE T_TYPE_ARRAY31 IF EXISTS;
0 rows affected
Running time elapsed:      0.19 Seconds
SQL> CREATE TABLE T_TYPE_ARRAY31 AS (SELECT TSMALLINT,TREAL,TCHAR FROM P1000) WITH NO DATA;
0 rows affected
Running time elapsed:      0.44 Seconds
SQL> INSERT INTO T_TYPE_ARRAY31 (SELECT TSMALLINT,TREAL,TCHAR FROM P1000 GROUP BY TSMALLINT, TREAL, TCHAR HAVING TSMALLINT > 300 AND TREAL<100.33 OR TCHAR = 'NBr2nMF7JorJ9LKRZefRKlWj9vR3G8IRC5Wg86OeYzfuMBV7f6');
59357 rows affected
Running time elapsed:      8.24 Seconds
SQL> -- 查看返回结果
SQL> SELECT * FROM T_TYPE_ARRAY31 ORDER BY TSMALLINT,TREAL,TCHAR LIMIT 10;
+-----------+-------+-----------------------------------------------------------------------------------------------------------------------------------------------------------------------------------------------------------------------------------------------------------------+
| TSMALLINT | TREAL | TCHAR                                                                                                                                                                                                                                                           |
+-----------+-------+-----------------------------------------------------------------------------------------------------------------------------------------------------------------------------------------------------------------------------------------------------------------+
| 303       | 16.12 | fH0cDnmeleH0VntsHFHOlkZIzJw28HcHOc3oSHVpgkeTzoU2rF                                                                                                                                                                                                              |
| 303       | 16.16 | 5nfwTw652Vm3R5EI8dxYRefTFSXsKgur60sw1mWOTgRWk4DlnU                                                                                                                                                                                                              |
| 303       | 16.16 | pI7lp5eo5LpwXO14F6XaXtP56aRoAfv8jZG9VvLlWZWCVCieHN                                                                                                                                                                                                              |
| 303       | 16.29 | l8XSoi0LdvhLmLybqLHbzRgENwhi754vn7JuRA3w1MhonoEmgR                                                                                                                                                                                                              |
| 303       | 16.42 | BB1xPREbZwsA2gmLFElR3fdZubgFouubCzOUePRaZPzxHudxus                                                                                                                                                                                                              |
| 303       | 16.46 | Vnk8IXraHs7icw7UEnlwjgFCGRo8FMaeKU9dp85cRgHKIqHNYw                                                                                                                                                                                                              |
| 303       | 16.54 | y8NFRGNiFZ608R0cFKgGJ4dto5kJILEBYJs3bIgOa8JgfrClYR                                                                                                                                                                                                              |
| 303       | 16.58 | jEOnkqlCxHfb3skW7c0RNU1HRimpNZDHl9dKRB1XuMjXTzLrOy                                                                                                                                                                                                              |
| 303       | 16.75 | rMItyZLtv4dHAbr1HtB8tMbACWtRUjyRRHqAlIS3Rc2XEyeTT1                                                                                                                                                                                                              |
| 303       | 30.02 | LofLZgd1aulfLPc7gmLRRUYEgN0RR2OW3vptRjC4IvLCEfOlAP                                                                                                                                                                                                              |
+-----------+-------+-----------------------------------------------------------------------------------------------------------------------------------------------------------------------------------------------------------------------------------------------------------------+
10 rows selected.
Running time elapsed:      1.28 Seconds
SQL> 
SQL> -- 整型，浮点型，日期型3种数据类型组合
SQL> SELECT TSMALLINT,TREAL,TDATE FROM P1000 GROUP BY TSMALLINT, TREAL, TDATE HAVING TSMALLINT> 40 AND TREAL >4000.23 AND TDATE BETWEEN TO_DATE('1979-02-19','YYYY-MM-DD') AND TO_DATE('2010-11-21','YYYY-MM-DD') ORDER BY TSMALLINT,TREAL,TDATE LIMIT 10;
+-----------+---------+-----------+
| TSMALLINT | TREAL   | TDATE     |
+-----------+---------+-----------+
| 70        | 4002.13 | 2000-9-1  |
| 70        | 4002.51 | 2009-9-3  |
| 70        | 4002.93 | 2006-8-28 |
| 70        | 4003.04 | 1997-7-18 |
| 70        | 4003.04 | 2009-3-1  |
| 70        | 4003.07 | 1980-5-31 |
| 70        | 4003.42 | 1991-6-7  |
| 70        | 4003.42 | 1999-7-13 |
| 70        | 4003.7  | 1996-2-20 |
| 70        | 4012.37 | 1991-5-16 |
+-----------+---------+-----------+
10 rows selected.
Running time elapsed:      1.84 Seconds
SQL> -- 把查询出的数据insert到T_TYPE_ARRAY32表中
SQL> DROP TABLE T_TYPE_ARRAY32 IF EXISTS;
0 rows affected
Running time elapsed:      0.15 Seconds
SQL> CREATE TABLE T_TYPE_ARRAY32 AS (SELECT TSMALLINT,TREAL,TDATE FROM P1000) WITH NO DATA;
0 rows affected
Running time elapsed:      0.51 Seconds
SQL> INSERT INTO T_TYPE_ARRAY32 (SELECT TSMALLINT,TREAL,TDATE FROM P1000 GROUP BY TSMALLINT, TREAL, TDATE HAVING TSMALLINT> 40 AND TREAL >4000.23  AND TDATE BETWEEN TO_DATE('1979-02-19','YYYY-MM-DD') AND TO_DATE('2010-11-21','YYYY-MM-DD'));
2615997 rows affected
Running time elapsed:      9.83 Seconds
SQL> -- 查看返回结果
SQL> SELECT * FROM T_TYPE_ARRAY32 ORDER BY TSMALLINT,TREAL,TDATE LIMIT 10;
+-----------+---------+-----------+
| TSMALLINT | TREAL   | TDATE     |
+-----------+---------+-----------+
| 70        | 4002.13 | 2000-9-1  |
| 70        | 4002.51 | 2009-9-3  |
| 70        | 4002.93 | 2006-8-28 |
| 70        | 4003.04 | 1997-7-18 |
| 70        | 4003.04 | 2009-3-1  |
| 70        | 4003.07 | 1980-5-31 |
| 70        | 4003.42 | 1991-6-7  |
| 70        | 4003.42 | 1999-7-13 |
| 70        | 4003.7  | 1996-2-20 |
| 70        | 4012.37 | 1991-5-16 |
+-----------+---------+-----------+
10 rows selected.
Running time elapsed:      0.91 Seconds
SQL> 
SQL> -- 浮点型，字符型，日期型3种数据类型组合
SQL> SELECT TREAL,TCHAR,TDATE FROM P1000 GROUP BY TREAL,TCHAR, TDATE HAVING TREAL >300.22 AND TCHAR IN ('NBr2nMF7JorJ9LKRZefRKlWj9vR3G8IRC5Wg86OeYzfuMBV7f6','EicGCMKTtawEbtLLWkJuECm9ywDONiUgBqKMS45rfj947v7hAU') AND TDATE >TO_DATE('1979-02-19','YYYY-MM-DD') ORDER BY TDATE LIMIT 10;
0 rows selected.
Running time elapsed:      1.59 Seconds
SQL> -- 把查询出的数据insert到T_TYPE_ARRAY33表中
SQL> DROP TABLE T_TYPE_ARRAY33 IF EXISTS;
0 rows affected
Running time elapsed:      0.19 Seconds
SQL> CREATE TABLE T_TYPE_ARRAY33 AS (SELECT TREAL,TCHAR,TDATE FROM P1000) WITH NO DATA;
0 rows affected
Running time elapsed:      0.36 Seconds
SQL> INSERT INTO T_TYPE_ARRAY33 (SELECT TREAL,TCHAR,TDATE FROM P1000 GROUP BY TREAL,TCHAR, TDATE HAVING TREAL >300.22 AND TCHAR IN ('NBr2nMF7JorJ9LKRZefRKlWj9vR3G8IRC5Wg86OeYzfuMBV7f6','EicGCMKTtawEbtLLWkJuECm9ywDONiUgBqKMS45rfj947v7hAU') AND TDATE >TO_DATE('1979-02-19','YYYY-MM-DD'));
0 rows affected
Running time elapsed:      2.14 Seconds
SQL> -- 查看返回结果
SQL> SELECT * FROM T_TYPE_ARRAY33 ORDER BY TDATE LIMIT 10;
0 rows selected.
Running time elapsed:      0.20 Seconds
SQL> 
SQL> -- 因为布尔型的数据在数据库表里只有一种数据：True，timestamp类型的数据在数据库表里没有重复数据，所以选取余下的11种类型的数据进行组合查询
SQL> SELECT TSMALLINT,TINTEGER,TBIGINT,TREAL,TDOUBLE,TFLOAT,TDECIMAL,TNUMERIC,TDATE,TCHAR,TVARCHAR
   > FROM P1000
   > GROUP BY TSMALLINT, TINTEGER, TBIGINT, TREAL, TDOUBLE, TFLOAT, TDECIMAL, TNUMERIC, TDATE, TCHAR, TVARCHAR
   > HAVING (TSMALLINT>12 OR TINTEGER>30 OR TBIGINT>400)
   > AND (TREAL>1.1 OR TDOUBLE>2.3 OR TFLOAT>1.2 OR TDECIMAL>2.3 OR TNUMERIC>4.4)
   > AND TDATE >TO_DATE('1999-01-01','YYYY-MM-DD')
   > OR TCHAR ='EicGCMKTtawEbtLLWkJuECm9ywDONiUgBqKMS45rfj947v7hAU'
   > OR TVARCHAR ='jFSa9VH11qZFwAlKFd7ya9TMC6mGmIZIk4jM8rFP8RPXAuFFY1qD3CW08B6ySGqHsKGucfEU7r8KHWmyP3VBnnN0A1PEir6JCSNE'
   > ORDER BY TSMALLINT,TINTEGER, TBIGINT LIMIT 10;
+-----------+----------+--------------+---------+---------+---------+----------+-----------+-----------+-----------------------------------------------------------------------------------------------------------------------------------------------------------------------------------------------------------------------------------------------------------------+------------------------------------------------------------------------------------------------------+
| TSMALLINT | TINTEGER | TBIGINT      | TREAL   | TDOUBLE | TFLOAT  | TDECIMAL | TNUMERIC  | TDATE     | TCHAR                                                                                                                                                                                                                                                           | TVARCHAR                                                                                             |
+-----------+----------+--------------+---------+---------+---------+----------+-----------+-----------+-----------------------------------------------------------------------------------------------------------------------------------------------------------------------------------------------------------------------------------------------------------------+------------------------------------------------------------------------------------------------------+
| 16        | 2777     | 132594720252 | 6499.96 | 4541.4  | 1560.44 | 8539.4   | 9049.3497 | 2039-7-1  | rqoTvX93zwwbJSFWRISYLFPJPAnuhNoW3qB6LRkG8VRBFk7KVW                                                                                                                                                                                                              | luYyGGxHFUDiREGg8wrX7z7zAIo9kMIpW1524zJsI9LVPJgTCaPekwREUb7h6GVVEYPeIFyLgPDmn17PGBAeVxiMoroohbiMoRpB |
| 16        | 4990     | 193636974007 | 6729.5  | 2777.5  | 3073.85 | 2499.61  | 8195.47   | 2027-4-25 | CUehtCTV8bMsVmycprepkFFpuaivFVDchCviKI9ZkAkUSfLUzD                                                                                                                                                                                                              | TBkgjJHCLuOVn01nHPBkDnuxz0OJTbsVAkAgxLiYKFkvARgzrteisUFEkRFEGnsGztkAgWSeRWuMACaiDWHvMnIX6KtdZAfv6raA |
| 16        | 4990     | 947466609911 | 6740.11 | 9390.07 | 7616.82 | 5894.02  | 1716.5906 | 2040-12-2 | OsiA5rVlbIr7a2MqBFl3meywujevKFA6dOadYKz8cCxEvV0feI                                                                                                                                                                                                              | qsnBMx1OapA2Gy6JSNVqLHdiZbRBV0bsM0RP59803G6qN1SzZZm1j7UHZywqB3lsm774ceJ8jUPFmo7wnDTOc2SBrtF0GRnW8B9u |
| 16        | 36068    | 863723665551 | 3689.49 | 9113.67 | 3493.5  | 1725.87  | 4354.0519 | 2045-9-28 | LSu9dJZTHhjIOZdMFssp1l3H6txw7JpXaaKM6zXbq6e3bAELVS                                                                                                                                                                                                              | 4bOoe3TtyxlTglVlRVWYKC7APilGWl5vKeJ37vxNSeHuVGMauBB6XxGCmToGxYif7FMv6RrupiDJjbpab1Y4rF5gRO7sozRpTe4j |
| 16        | 36565    | 706634624539 | 4748.99 | 8417.02 | 4565.58 | 2303.64  | 2186.3931 | 2047-5-30 | UKAhXf7il9IdcqW6M5baTESg10OLFS2JDpYcylkwJaHGRPLHBB                                                                                                                                                                                                              | tkGWgd59R1GGuXXFm1dNC9ZuYwYdskuOt6BAW188ErtVcl0q2R0gwChHDFqjAmGOtv7RbRV6FuFenpnL8MYWE3s3ttFP4Yv8IlYX |
| 16        | 40111    | 823194049533 | 1115.04 | 9520.67 | 6269.02 | 2690.75  | 3701.3628 | 2032-2-10 | lDW7wLTgAHH35oLiIWOdjLdXZuZLmcsj4gRo82tupjzabOFnm8                                                                                                                                                                                                              | ZOtV6E5UO4GS0oWHthC3Ds3dDOMMPHB2MsKIDsS6GRfESNYzEZGuD0ViOcVkFI9O4x3CDRqCHaMrRXM3gDUuYcMcgCRFa6bPMhPZ |
| 16        | 80728    | 906569997380 | 2029.84 | 9257.54 | 9144.62 | 7762.51  | 882.1202  | 2030-3-17 | XmMWNojUxBxhDAzaLk7kN9sqrd7HUACns2pzz42a9682tceRxm                                                                                                                                                                                                              | aBl7uxR4MSBc22aZejZSxkk4F18OEnH2MmfrFFvlDxnd6V4ov6RgVYGnM6qgeylFlF7iOH7NgGrxN1z7aDnBhwiB99l1uhblADcZ |
| 16        | 110974   | 357304591605 | 7857.75 | 5351.85 | 5092.61 | 2846.45  | 5203.1104 | 2044-8-25 | 2wx88RiLu5izFhCyJUn6rWNsEBC8j41WRd0J8kswGW11SkIxa3                                                                                                                                                                                                              | cn1mT68ZZbGaBfqvO4fPlpPrMX0gysT90JHzW34k8rdZRc7XfrLmjFvTW3GxRywRu3xwEZiGtqO0ks6yHHuJnDgASj6I58vvgZD7 |
| 16        | 145601   | 828712075153 | 9815.58 | 1486.04 | 5457.99 | 9583.03  | 3476.8422 | 2043-6-28 | yRS1KbRROOYilUqlbqdH8BGcR4CUARASPmkx79tGOR9y06YwOK                                                                                                                                                                                                              | whpBFFE2xUe18x7UjIR9RTJqg4e0HvJRcnxMwaR324CjB9Ltlhmxu8CPMhcn1nTALEKxsSKOiYZJ63PUGADPwWgn24MXRK8hm8JH |
| 16        | 162573   | 785907524499 | 244.04  | 7909.87 | 3931.79 | 5544.82  | 5361.8855 | 2030-8-17 | qY3TMwF8SpjsFKPy9pavOiCCH3M5WtJkMqRn09Dz0RUGzyGRFX                                                                                                                                                                                                              | jSCbio4dafr9aZjGgG9H6LfRlV6LV1BzhJfa0byXa4tc3qvYORoy3hNFKdKLc3JoG3WqonR1qzehUolOH56Eb4YAKJcqMcApbLcU |
+-----------+----------+--------------+---------+---------+---------+----------+-----------+-----------+-----------------------------------------------------------------------------------------------------------------------------------------------------------------------------------------------------------------------------------------------------------------+------------------------------------------------------------------------------------------------------+
10 rows selected.
Running time elapsed:      3.21 Seconds
SQL> 
SQL> -- 把查询出的数据insert到T_TYPE_ALL表中
SQL> DROP TABLE T_TYPE_ALL IF EXISTS;
0 rows affected
Running time elapsed:      0.19 Seconds
SQL> CREATE TABLE T_TYPE_ALL AS (SELECT TSMALLINT,TINTEGER,TBIGINT,TREAL,TDOUBLE,TFLOAT,TDECIMAL,TNUMERIC,TDATE,TCHAR,TVARCHAR FROM P1000) WITH NO DATA;
0 rows affected
Running time elapsed:      0.35 Seconds
SQL> INSERT INTO T_TYPE_ALL (SELECT TSMALLINT,TINTEGER,TBIGINT,TREAL,TDOUBLE,TFLOAT,TDECIMAL,TNUMERIC,TDATE,TCHAR,TVARCHAR FROM P1000 GROUP BY TSMALLINT, TINTEGER, TBIGINT, TREAL, TDOUBLE, TFLOAT, TDECIMAL, TNUMERIC, TDATE, TCHAR, TVARCHAR HAVING (TSMALLINT>12 OR TINTEGER>30 OR TBIGINT>400) AND (TREAL>1.1 OR TDOUBLE>2.3 OR TFLOAT>1.2 OR TDECIMAL>2.3 OR TNUMERIC>4.4) AND TDATE >TO_DATE('1999-01-01','YYYY-MM-DD') OR TCHAR ='EicGCMKTtawEbtLLWkJuECm9ywDONiUgBqKMS45rfj947v7hAU' OR TVARCHAR ='jFSa9VH11qZFwAlKFd7ya9TMC6mGmIZIk4jM8rFP8RPXAuFFY1qD3CW08B6ySGqHsKGucfEU7r8KHWmyP3VBnnN0A1PEir6JCSNE');
7182751 rows affected
Running time elapsed:     11.18 Seconds
SQL> -- 查看返回结果
SQL> SELECT * FROM T_TYPE_ALL ORDER BY TSMALLINT,TINTEGER, TBIGINT LIMIT 10;
+-----------+----------+--------------+---------+---------+---------+----------+-----------+-----------+-----------------------------------------------------------------------------------------------------------------------------------------------------------------------------------------------------------------------------------------------------------------+------------------------------------------------------------------------------------------------------+
| TSMALLINT | TINTEGER | TBIGINT      | TREAL   | TDOUBLE | TFLOAT  | TDECIMAL | TNUMERIC  | TDATE     | TCHAR                                                                                                                                                                                                                                                           | TVARCHAR                                                                                             |
+-----------+----------+--------------+---------+---------+---------+----------+-----------+-----------+-----------------------------------------------------------------------------------------------------------------------------------------------------------------------------------------------------------------------------------------------------------------+------------------------------------------------------------------------------------------------------+
| 16        | 2777     | 132594720252 | 6499.96 | 4541.4  | 1560.44 | 8539.4   | 9049.3497 | 2039-7-1  | rqoTvX93zwwbJSFWRISYLFPJPAnuhNoW3qB6LRkG8VRBFk7KVW                                                                                                                                                                                                              | luYyGGxHFUDiREGg8wrX7z7zAIo9kMIpW1524zJsI9LVPJgTCaPekwREUb7h6GVVEYPeIFyLgPDmn17PGBAeVxiMoroohbiMoRpB |
| 16        | 4990     | 193636974007 | 6729.5  | 2777.5  | 3073.85 | 2499.61  | 8195.47   | 2027-4-25 | CUehtCTV8bMsVmycprepkFFpuaivFVDchCviKI9ZkAkUSfLUzD                                                                                                                                                                                                              | TBkgjJHCLuOVn01nHPBkDnuxz0OJTbsVAkAgxLiYKFkvARgzrteisUFEkRFEGnsGztkAgWSeRWuMACaiDWHvMnIX6KtdZAfv6raA |
| 16        | 4990     | 947466609911 | 6740.11 | 9390.07 | 7616.82 | 5894.02  | 1716.5906 | 2040-12-2 | OsiA5rVlbIr7a2MqBFl3meywujevKFA6dOadYKz8cCxEvV0feI                                                                                                                                                                                                              | qsnBMx1OapA2Gy6JSNVqLHdiZbRBV0bsM0RP59803G6qN1SzZZm1j7UHZywqB3lsm774ceJ8jUPFmo7wnDTOc2SBrtF0GRnW8B9u |
| 16        | 36068    | 863723665551 | 3689.49 | 9113.67 | 3493.5  | 1725.87  | 4354.0519 | 2045-9-28 | LSu9dJZTHhjIOZdMFssp1l3H6txw7JpXaaKM6zXbq6e3bAELVS                                                                                                                                                                                                              | 4bOoe3TtyxlTglVlRVWYKC7APilGWl5vKeJ37vxNSeHuVGMauBB6XxGCmToGxYif7FMv6RrupiDJjbpab1Y4rF5gRO7sozRpTe4j |
| 16        | 36565    | 706634624539 | 4748.99 | 8417.02 | 4565.58 | 2303.64  | 2186.3931 | 2047-5-30 | UKAhXf7il9IdcqW6M5baTESg10OLFS2JDpYcylkwJaHGRPLHBB                                                                                                                                                                                                              | tkGWgd59R1GGuXXFm1dNC9ZuYwYdskuOt6BAW188ErtVcl0q2R0gwChHDFqjAmGOtv7RbRV6FuFenpnL8MYWE3s3ttFP4Yv8IlYX |
| 16        | 40111    | 823194049533 | 1115.04 | 9520.67 | 6269.02 | 2690.75  | 3701.3628 | 2032-2-10 | lDW7wLTgAHH35oLiIWOdjLdXZuZLmcsj4gRo82tupjzabOFnm8                                                                                                                                                                                                              | ZOtV6E5UO4GS0oWHthC3Ds3dDOMMPHB2MsKIDsS6GRfESNYzEZGuD0ViOcVkFI9O4x3CDRqCHaMrRXM3gDUuYcMcgCRFa6bPMhPZ |
| 16        | 80728    | 906569997380 | 2029.84 | 9257.54 | 9144.62 | 7762.51  | 882.1202  | 2030-3-17 | XmMWNojUxBxhDAzaLk7kN9sqrd7HUACns2pzz42a9682tceRxm                                                                                                                                                                                                              | aBl7uxR4MSBc22aZejZSxkk4F18OEnH2MmfrFFvlDxnd6V4ov6RgVYGnM6qgeylFlF7iOH7NgGrxN1z7aDnBhwiB99l1uhblADcZ |
| 16        | 110974   | 357304591605 | 7857.75 | 5351.85 | 5092.61 | 2846.45  | 5203.1104 | 2044-8-25 | 2wx88RiLu5izFhCyJUn6rWNsEBC8j41WRd0J8kswGW11SkIxa3                                                                                                                                                                                                              | cn1mT68ZZbGaBfqvO4fPlpPrMX0gysT90JHzW34k8rdZRc7XfrLmjFvTW3GxRywRu3xwEZiGtqO0ks6yHHuJnDgASj6I58vvgZD7 |
| 16        | 145601   | 828712075153 | 9815.58 | 1486.04 | 5457.99 | 9583.03  | 3476.8422 | 2043-6-28 | yRS1KbRROOYilUqlbqdH8BGcR4CUARASPmkx79tGOR9y06YwOK                                                                                                                                                                                                              | whpBFFE2xUe18x7UjIR9RTJqg4e0HvJRcnxMwaR324CjB9Ltlhmxu8CPMhcn1nTALEKxsSKOiYZJ63PUGADPwWgn24MXRK8hm8JH |
| 16        | 162573   | 785907524499 | 244.04  | 7909.87 | 3931.79 | 5544.82  | 5361.8855 | 2030-8-17 | qY3TMwF8SpjsFKPy9pavOiCCH3M5WtJkMqRn09Dz0RUGzyGRFX                                                                                                                                                                                                              | jSCbio4dafr9aZjGgG9H6LfRlV6LV1BzhJfa0byXa4tc3qvYORoy3hNFKdKLc3JoG3WqonR1qzehUolOH56Eb4YAKJcqMcApbLcU |
+-----------+----------+--------------+---------+---------+---------+----------+-----------+-----------+-----------------------------------------------------------------------------------------------------------------------------------------------------------------------------------------------------------------------------------------------------------------+------------------------------------------------------------------------------------------------------+
10 rows selected.
Running time elapsed:      1.31 Seconds
SQL> 
SQL> 
SQL> -- HAVING+函数组合
SQL> SELECT TSMALLINT,SUM(TBIGINT) FROM P1000 GROUP BY TSMALLINT HAVING SUM(TBIGINT) > 50000 ORDER BY TSMALLINT LIMIT 10;
+-----------+------------------+
| TSMALLINT | C2               |
+-----------+------------------+
| 16        | 4912325450733310 |
| 30        | 4826225733719593 |
| 38        | 4851275787208817 |
| 70        | 4888636610704867 |
| 75        | 4950403219202185 |
| 86        | 4906825225999449 |
| 111       | 4907249238077155 |
| 112       | 4989425538798294 |
| 186       | 4814939152087305 |
| 232       | 4921196277629013 |
+-----------+------------------+
10 rows selected.
Running time elapsed:      1.56 Seconds
SQL> -- 把查询出的数据insert到T_TYPE_HAV1表中
SQL> DROP TABLE T_TYPE_HAV1 IF EXISTS;
0 rows affected
Running time elapsed:      0.19 Seconds
SQL> CREATE TABLE T_TYPE_HAV1 AS (SELECT TSMALLINT,SUM(TBIGINT) FROM P1000 GROUP BY TSMALLINT HAVING SUM(TBIGINT) > 50000) WITH DATA;
0 rows affected
Running time elapsed:      7.16 Seconds
SQL> -- 查看返回结果
SQL> SELECT * FROM T_TYPE_HAV1 ORDER BY TSMALLINT LIMIT 10;
+-----------+------------------+
| TSMALLINT | C2               |
+-----------+------------------+
| 16        | 4912325450733310 |
| 30        | 4826225733719593 |
| 38        | 4851275787208817 |
| 70        | 4888636610704867 |
| 75        | 4950403219202185 |
| 86        | 4906825225999449 |
| 111       | 4907249238077155 |
| 112       | 4989425538798294 |
| 186       | 4814939152087305 |
| 232       | 4921196277629013 |
+-----------+------------------+
10 rows selected.
Running time elapsed:      0.88 Seconds
SQL> SELECT TSMALLINT,MAX(TBIGINT) FROM P1000 GROUP BY TSMALLINT HAVING TSMALLINT > 5000 ORDER BY TSMALLINT LIMIT 10;
+-----------+--------------+
| TSMALLINT | C2           |
+-----------+--------------+
| 5013      | 999942286332 |
| 5015      | 999942286332 |
| 5066      | 999942286332 |
| 5083      | 999609967895 |
| 5084      | 999942286332 |
| 5092      | 999942286332 |
| 5098      | 999942286332 |
| 5128      | 999692129793 |
| 5135      | 999692129793 |
| 5141      | 999942286332 |
+-----------+--------------+
10 rows selected.
Running time elapsed:      1.60 Seconds
SQL> -- 把查询出的数据insert到T_TYPE_HAV2表中
SQL> DROP TABLE T_TYPE_HAV2 IF EXISTS;
0 rows affected
Running time elapsed:      0.20 Seconds
SQL> CREATE TABLE T_TYPE_HAV2 AS (SELECT TSMALLINT,MAX(TBIGINT) FROM P1000 GROUP BY TSMALLINT HAVING TSMALLINT > 5000) WITH DATA;
0 rows affected
Running time elapsed:      7.59 Seconds
SQL> -- 查看返回结果
SQL> SELECT * FROM T_TYPE_HAV2 ORDER BY TSMALLINT LIMIT 10;
+-----------+--------------+
| TSMALLINT | C2           |
+-----------+--------------+
| 5013      | 999942286332 |
| 5015      | 999942286332 |
| 5066      | 999942286332 |
| 5083      | 999609967895 |
| 5084      | 999942286332 |
| 5092      | 999942286332 |
| 5098      | 999942286332 |
| 5128      | 999692129793 |
| 5135      | 999692129793 |
| 5141      | 999942286332 |
+-----------+--------------+
10 rows selected.
Running time elapsed:      0.76 Seconds
SQL> SELECT TSMALLINT,AVG(TBIGINT) FROM P1000 GROUP BY TSMALLINT HAVING AVG(TBIGINT) > 500000 ORDER BY 1,2 LIMIT 10;
+-----------+-----------------+
| TSMALLINT | C2              |
+-----------+-----------------+
| 16        | 4.954937917e+11 |
| 30        | 4.883361058e+11 |
| 38        | 4.837730143e+11 |
| 70        | 4.882777278e+11 |
| 75        | 4.887356323e+11 |
| 86        | 4.915673438e+11 |
| 111       | 4.921521651e+11 |
| 112       | 4.891114144e+11 |
| 186       | 4.8823151e+11   |
| 232       | 4.907944827e+11 |
+-----------+-----------------+
10 rows selected.
Running time elapsed:      1.92 Seconds
SQL> -- 把查询出的数据insert到T_TYPE_HAV2表中
SQL> DROP TABLE T_TYPE_HAV3 IF EXISTS;
0 rows affected
Running time elapsed:      0.44 Seconds
SQL> CREATE TABLE T_TYPE_HAV3 AS (SELECT TSMALLINT,AVG(TBIGINT) FROM P1000 GROUP BY TSMALLINT HAVING AVG(TBIGINT) > 500000) WITH DATA;
0 rows affected
Running time elapsed:      9.26 Seconds
SQL> -- 查看返回结果
SQL> SELECT * FROM T_TYPE_HAV3 ORDER BY 1,2 LIMIT 10;
+-----------+-----------------+
| TSMALLINT | C2              |
+-----------+-----------------+
| 16        | 4.954937917e+11 |
| 30        | 4.883361058e+11 |
| 38        | 4.837730143e+11 |
| 70        | 4.882777278e+11 |
| 75        | 4.887356323e+11 |
| 86        | 4.915673438e+11 |
| 111       | 4.921521651e+11 |
| 112       | 4.891114144e+11 |
| 186       | 4.8823151e+11   |
| 232       | 4.907944827e+11 |
+-----------+-----------------+
10 rows selected.
Running time elapsed:      0.84 Seconds
SQL> SELECT TSMALLINT,TDATE,COUNT (*),SUM (TINTEGER),MAX (TINTEGER),MIN (TINTEGER),AVG (TINTEGER) FROM P1000 GROUP BY TSMALLINT,TDATE HAVING AVG (TINTEGER) < 200000000 AND TDATE > TO_DATE('2019-09-11','YYYY-MM-DD') ORDER BY TSMALLINT,TDATE LIMIT 10;
+-----------+-----------+----+----------+----------+----------+----------+
| TSMALLINT | TDATE     | C3 | C4       | C5       | C6       | C7       |
+-----------+-----------+----+----------+----------+----------+----------+
| 16        | 2019-9-12 | 1  | 22318801 | 22318801 | 22318801 | 22318801 |
| 16        | 2019-9-13 | 1  | 94508325 | 94508325 | 94508325 | 94508325 |
| 16        | 2019-9-14 | 1  | 31402923 | 31402923 | 31402923 | 31402923 |
| 16        | 2019-9-15 | 1  | 58430575 | 58430575 | 58430575 | 58430575 |
| 16        | 2019-9-19 | 2  | 69097236 | 61462639 | 7634597  | 34548618 |
| 16        | 2019-9-24 | 1  | 92643160 | 92643160 | 92643160 | 92643160 |
| 16        | 2019-9-26 | 1  | 62157904 | 62157904 | 62157904 | 62157904 |
| 16        | 2019-9-29 | 1  | 52017644 | 52017644 | 52017644 | 52017644 |
| 16        | 2019-10-4 | 1  | 55462731 | 55462731 | 55462731 | 55462731 |
| 16        | 2019-10-5 | 1  | 576045   | 576045   | 576045   | 576045   |
+-----------+-----------+----+----------+----------+----------+----------+
10 rows selected.
Running time elapsed:      2.00 Seconds
SQL> -- 把查询出的数据insert到T_TYPE_HAV3表中
SQL> DROP TABLE T_TYPE_HAV4 IF EXISTS;
0 rows affected
Running time elapsed:      0.21 Seconds
SQL> CREATE TABLE T_TYPE_HAV4 AS (SELECT TSMALLINT,TDATE,COUNT (*),SUM (TINTEGER),MAX (TINTEGER),MIN (TINTEGER),AVG (TINTEGER) FROM P1000 GROUP BY TSMALLINT,TDATE HAVING AVG (TINTEGER) < 200000000 AND TDATE > TO_DATE('2019-09-11','YYYY-MM-DD')) WITH DATA;
0 rows affected
Running time elapsed:      8.42 Seconds
SQL> -- 查看返回结果
SQL> SELECT * FROM T_TYPE_HAV4 ORDER BY TSMALLINT,TDATE LIMIT 10;
+-----------+-----------+----+----------+----------+----------+----------+
| TSMALLINT | TDATE     | C3 | C4       | C5       | C6       | C7       |
+-----------+-----------+----+----------+----------+----------+----------+
| 16        | 2019-9-12 | 1  | 22318801 | 22318801 | 22318801 | 22318801 |
| 16        | 2019-9-13 | 1  | 94508325 | 94508325 | 94508325 | 94508325 |
| 16        | 2019-9-14 | 1  | 31402923 | 31402923 | 31402923 | 31402923 |
| 16        | 2019-9-15 | 1  | 58430575 | 58430575 | 58430575 | 58430575 |
| 16        | 2019-9-19 | 2  | 69097236 | 61462639 | 7634597  | 34548618 |
| 16        | 2019-9-24 | 1  | 92643160 | 92643160 | 92643160 | 92643160 |
| 16        | 2019-9-26 | 1  | 62157904 | 62157904 | 62157904 | 62157904 |
| 16        | 2019-9-29 | 1  | 52017644 | 52017644 | 52017644 | 52017644 |
| 16        | 2019-10-4 | 1  | 55462731 | 55462731 | 55462731 | 55462731 |
| 16        | 2019-10-5 | 1  | 576045   | 576045   | 576045   | 576045   |
+-----------+-----------+----+----------+----------+----------+----------+
10 rows selected.
Running time elapsed:      1.13 Seconds
SQL> 
SQL> 
SQL> 
SQL> 
SQL> -- drop创建的表
SQL> DROP TABLE T_TYPE_SMALLINT IF EXISTS;
0 rows affected
Running time elapsed:      0.40 Seconds
SQL> DROP TABLE T_TYPE_INTEGER IF EXISTS;
0 rows affected
Running time elapsed:      0.35 Seconds
SQL> DROP TABLE T_TYPE_BIGINT IF EXISTS;
0 rows affected
Running time elapsed:      0.31 Seconds
SQL> DROP TABLE T_TYPE_REAL IF EXISTS;
0 rows affected
Running time elapsed:      0.38 Seconds
SQL> DROP TABLE T_TYPE_DOUBLE IF EXISTS;
0 rows affected
Running time elapsed:      0.66 Seconds
SQL> DROP TABLE T_TYPE_FLOAT IF EXISTS;
0 rows affected
Running time elapsed:      0.35 Seconds
SQL> DROP TABLE T_TYPE_DECIMAL IF EXISTS;
0 rows affected
Running time elapsed:      0.35 Seconds
SQL> DROP TABLE T_TYPE_NUMERIC IF EXISTS;
0 rows affected
Running time elapsed:      0.43 Seconds
SQL> DROP TABLE T_TYPE_DATE IF EXISTS;
0 rows affected
Running time elapsed:      0.39 Seconds
SQL> DROP TABLE T_TYPE_TIMESTAMP IF EXISTS;
0 rows affected
Running time elapsed:      0.61 Seconds
SQL> DROP TABLE T_TYPE_BOOL IF EXISTS;
0 rows affected
Running time elapsed:      0.42 Seconds
SQL> DROP TABLE T_TYPE_CHAR IF EXISTS;
0 rows affected
Running time elapsed:      0.40 Seconds
SQL> DROP TABLE T_TYPE_VARCHAR IF EXISTS;
0 rows affected
Running time elapsed:      0.33 Seconds
SQL> DROP TABLE T_TYPE_INTS IF EXISTS;
0 rows affected
Running time elapsed:      0.36 Seconds
SQL> DROP TABLE T_TYPE_FLOATS IF EXISTS;
0 rows affected
Running time elapsed:      0.46 Seconds
SQL> DROP TABLE T_TYPE_CHARS IF EXISTS;
0 rows affected
Running time elapsed:      0.39 Seconds
SQL> DROP TABLE T_TYPE_DATES IF EXISTS;
0 rows affected
Running time elapsed:      0.36 Seconds
SQL> DROP TABLE T_TYPE_ARRAY4 IF EXISTS;
0 rows affected
Running time elapsed:      0.31 Seconds
SQL> DROP TABLE T_TYPE_ARRAY21 IF EXISTS;
0 rows affected
Running time elapsed:      0.37 Seconds
SQL> DROP TABLE T_TYPE_ARRAY22 IF EXISTS;
0 rows affected
Running time elapsed:      0.30 Seconds
SQL> DROP TABLE T_TYPE_ARRAY23 IF EXISTS;
0 rows affected
Running time elapsed:      0.49 Seconds
SQL> DROP TABLE T_TYPE_ARRAY31 IF EXISTS;
0 rows affected
Running time elapsed:      0.68 Seconds
SQL> DROP TABLE T_TYPE_ARRAY32 IF EXISTS;
0 rows affected
Running time elapsed:      0.37 Seconds
SQL> DROP TABLE T_TYPE_ARRAY33 IF EXISTS;
0 rows affected
Running time elapsed:      0.36 Seconds
SQL> DROP TABLE T_TYPE_ALL IF EXISTS;
0 rows affected
Running time elapsed:      0.38 Seconds
SQL> DROP TABLE T_TYPE_HAV1 IF EXISTS;
0 rows affected
Running time elapsed:      0.29 Seconds
SQL> DROP TABLE T_TYPE_HAV2 IF EXISTS;
0 rows affected
Running time elapsed:      0.35 Seconds
SQL> DROP TABLE T_TYPE_HAV3 IF EXISTS;
0 rows affected
Running time elapsed:      0.40 Seconds
SQL> DROP TABLE T_TYPE_HAV4 IF EXISTS;
0 rows affected
Running time elapsed:      0.38 Seconds
Running time elapsed:    340.80 Seconds
SQL> exit
Disconnected.
