SQLCli Release 0.0.55
SQL> connect admin/123456
Database connected.
SQL> start Having.sql
SQL> -- Description：
   > --             LDB专项测试
   > --             1.having 全部类型
   > --             2.insert 到其他表
   > --             3.直接返回结果
   > -- Date：2020-05-09
   > -- Author：李爱敏
SQL> SET ECHO ON
SQL> SET TIMING ON
Running time elapsed:      0.00 Seconds
SQL> 
SQL> -- HAVING语法
   > -- 穷举所有数据类型进行having查询
SQL> SELECT TSMALLINT FROM P1000 GROUP BY TSMALLINT HAVING TSMALLINT > 8498 ORDER BY TSMALLINT LIMIT 10;
+-----------+
| TSMALLINT |
+-----------+
| 8503      |
| 8522      |
| 8526      |
| 8527      |
| 8532      |
| 8539      |
| 8552      |
| 8560      |
| 8577      |
| 8598      |
+-----------+
10 rows selected.
Running time elapsed:      4.46 Seconds
SQL> -- 把查询出的数据insert到T_TYPE_SMALLINT表中
SQL> DROP TABLE T_TYPE_SMALLINT IF EXISTS;
0 rows affected
Running time elapsed:      0.00 Seconds
SQL> CREATE TABLE T_TYPE_SMALLINT AS (SELECT TSMALLINT FROM P1000) WITH NO DATA;
0 rows affected
Running time elapsed:      0.16 Seconds
SQL> INSERT INTO T_TYPE_SMALLINT (SELECT TSMALLINT FROM P1000 GROUP BY TSMALLINT HAVING TSMALLINT > 8498);
133 rows affected
Running time elapsed:     35.70 Seconds
SQL> -- 查看返回结果
SQL> SELECT * FROM T_TYPE_SMALLINT ORDER BY TSMALLINT LIMIT 10;
+-----------+
| TSMALLINT |
+-----------+
| 8503      |
| 8522      |
| 8526      |
| 8527      |
| 8532      |
| 8539      |
| 8552      |
| 8560      |
| 8577      |
| 8598      |
+-----------+
10 rows selected.
Running time elapsed:      2.45 Seconds
SQL> SELECT TINTEGER FROM P1000 GROUP BY TINTEGER HAVING TINTEGER < 94523070 ORDER BY TINTEGER LIMIT 10;
+----------+
| TINTEGER |
+----------+
| 2777     |
| 3358     |
| 4990     |
| 8244     |
| 24674    |
| 36068    |
| 36565    |
| 39351    |
| 40111    |
| 43988    |
+----------+
10 rows selected.
Running time elapsed:      4.47 Seconds
SQL> -- 把查询出的数据insert到T_TYPE_INTEGER表中
SQL> DROP TABLE T_TYPE_INTEGER IF EXISTS;
0 rows affected
Running time elapsed:      0.00 Seconds
SQL> CREATE TABLE T_TYPE_INTEGER AS (SELECT TINTEGER FROM P1000) WITH NO DATA;
0 rows affected
Running time elapsed:      0.25 Seconds
SQL> INSERT INTO T_TYPE_INTEGER (SELECT TINTEGER FROM P1000 GROUP BY TINTEGER HAVING TINTEGER < 94523070);
9499 rows affected
Running time elapsed:     34.16 Seconds
SQL> -- 查看返回结果
SQL> SELECT * FROM T_TYPE_INTEGER ORDER BY TINTEGER LIMIT 10;
+----------+
| TINTEGER |
+----------+
| 2777     |
| 3358     |
| 4990     |
| 8244     |
| 24674    |
| 36068    |
| 36565    |
| 39351    |
| 40111    |
| 43988    |
+----------+
10 rows selected.
Running time elapsed:      1.67 Seconds
SQL> SELECT TBIGINT FROM P1000 GROUP BY TBIGINT HAVING TBIGINT < 977486944212 ORDER BY TBIGINT LIMIT 10;
+-----------+
| TBIGINT   |
+-----------+
| 27770954  |
| 33582059  |
| 49909414  |
| 82449639  |
| 246745776 |
| 360689167 |
| 365656026 |
| 393510421 |
| 401113184 |
| 439883390 |
+-----------+
10 rows selected.
Running time elapsed:      5.40 Seconds
SQL> -- 把查询出的数据insert到T_TYPE_BIGINT表中
SQL> DROP TABLE T_TYPE_BIGINT IF EXISTS;
0 rows affected
Running time elapsed:      0.00 Seconds
SQL> CREATE TABLE T_TYPE_BIGINT AS (SELECT TBIGINT FROM P1000) WITH NO DATA;
0 rows affected
Running time elapsed:      0.20 Seconds
SQL> INSERT INTO T_TYPE_BIGINT (SELECT TBIGINT FROM P1000 GROUP BY TBIGINT HAVING TBIGINT < 977486944212);
9795 rows affected
Running time elapsed:     37.16 Seconds
SQL> -- 查看返回结果
SQL> SELECT * FROM T_TYPE_BIGINT ORDER BY TBIGINT LIMIT 10;
+-----------+
| TBIGINT   |
+-----------+
| 27770954  |
| 33582059  |
| 49909414  |
| 82449639  |
| 246745776 |
| 360689167 |
| 365656026 |
| 393510421 |
| 401113184 |
| 439883390 |
+-----------+
10 rows selected.
Running time elapsed:      6.08 Seconds
SQL> SELECT TREAL FROM P1000 GROUP BY TREAL HAVING TREAL < 9812.82 ORDER BY TREAL LIMIT 10;
+-------+
| TREAL |
+-------+
| 16.0  |
| 16.02 |
| 16.03 |
| 16.04 |
| 16.05 |
| 16.07 |
| 16.08 |
| 16.11 |
| 16.12 |
| 16.13 |
+-------+
10 rows selected.
Running time elapsed:      4.60 Seconds
SQL> -- 把查询出的数据insert到T_TYPE_REAL表中
SQL> DROP TABLE T_TYPE_REAL IF EXISTS;
0 rows affected
Running time elapsed:      0.00 Seconds
SQL> CREATE TABLE T_TYPE_REAL AS (SELECT TREAL FROM P1000) WITH NO DATA;
0 rows affected
Running time elapsed:      0.18 Seconds
SQL> INSERT INTO T_TYPE_REAL (SELECT TREAL FROM P1000 GROUP BY TREAL HAVING TREAL < 9812.82);
55440 rows affected
Running time elapsed:     29.86 Seconds
SQL> -- 查看返回结果
SQL> SELECT * FROM T_TYPE_REAL ORDER BY TREAL LIMIT 10;
+-------+
| TREAL |
+-------+
| 16.0  |
| 16.02 |
| 16.03 |
| 16.04 |
| 16.05 |
| 16.07 |
| 16.08 |
| 16.11 |
| 16.12 |
| 16.13 |
+-------+
10 rows selected.
Running time elapsed:      4.10 Seconds
SQL> SELECT TDOUBLE FROM P1000 GROUP BY TDOUBLE HAVING TDOUBLE > 47.95 ORDER BY TDOUBLE LIMIT 10;
+---------+
| TDOUBLE |
+---------+
| 70.0    |
| 70.02   |
| 70.03   |
| 70.04   |
| 70.05   |
| 70.07   |
| 70.08   |
| 70.11   |
| 70.12   |
| 70.13   |
+---------+
10 rows selected.
Running time elapsed:      5.19 Seconds
SQL> -- 把查询出的数据insert到T_TYPE_DOUBLE表中
SQL> DROP TABLE T_TYPE_DOUBLE IF EXISTS;
0 rows affected
Running time elapsed:      0.00 Seconds
SQL> CREATE TABLE T_TYPE_DOUBLE AS (SELECT TDOUBLE FROM P1000) WITH NO DATA;
0 rows affected
Running time elapsed:      0.18 Seconds
SQL> INSERT INTO T_TYPE_DOUBLE (SELECT TDOUBLE FROM P1000 GROUP BY TDOUBLE HAVING TDOUBLE > 47.95);
56460 rows affected
Running time elapsed:     29.61 Seconds
SQL> -- 查看返回结果
SQL> SELECT * FROM T_TYPE_DOUBLE ORDER BY TDOUBLE LIMIT 10;
+---------+
| TDOUBLE |
+---------+
| 70.0    |
| 70.02   |
| 70.03   |
| 70.04   |
| 70.05   |
| 70.07   |
| 70.08   |
| 70.11   |
| 70.12   |
| 70.13   |
+---------+
10 rows selected.
Running time elapsed:     10.59 Seconds
SQL> SELECT TFLOAT FROM P1000 GROUP BY TFLOAT HAVING TFLOAT > 52.8899 ORDER BY TFLOAT LIMIT 10;
+-------------------+
| TFLOAT            |
+-------------------+
| 70.0              |
| 70.0199966430664  |
| 70.02999877929688 |
| 70.04000091552734 |
| 70.05000305175781 |
| 70.06999969482422 |
| 70.08000183105469 |
| 70.11000061035156 |
| 70.12000274658203 |
| 70.12999725341797 |
+-------------------+
10 rows selected.
Running time elapsed:      6.92 Seconds
SQL> -- 把查询出的数据insert到T_TYPE_FLOAT表中
SQL> DROP TABLE T_TYPE_FLOAT IF EXISTS;
0 rows affected
Running time elapsed:      0.00 Seconds
SQL> CREATE TABLE T_TYPE_FLOAT AS (SELECT TFLOAT FROM P1000) WITH NO DATA;
0 rows affected
Running time elapsed:      0.15 Seconds
SQL> INSERT INTO T_TYPE_FLOAT (SELECT TFLOAT FROM P1000 GROUP BY TFLOAT HAVING TFLOAT > 52.8899);
56460 rows affected
Running time elapsed:     26.93 Seconds
SQL> -- 查看返回结果
SQL> SELECT * FROM T_TYPE_FLOAT ORDER BY TFLOAT LIMIT 10;
+-------------------+
| TFLOAT            |
+-------------------+
| 70.0              |
| 70.0199966430664  |
| 70.02999877929688 |
| 70.04000091552734 |
| 70.05000305175781 |
| 70.06999969482422 |
| 70.08000183105469 |
| 70.11000061035156 |
| 70.12000274658203 |
| 70.12999725341797 |
+-------------------+
10 rows selected.
Running time elapsed:      4.51 Seconds
SQL> SELECT TDECIMAL FROM P1000 GROUP BY TDECIMAL HAVING TDECIMAL < 9934.32 ORDER BY TDECIMAL LIMIT 10;
+----------+
| TDECIMAL |
+----------+
| 16.0     |
| 16.02    |
| 16.03    |
| 16.04    |
| 16.05    |
| 16.07    |
| 16.08    |
| 16.11    |
| 16.12    |
| 16.13    |
+----------+
10 rows selected.
Running time elapsed:      4.40 Seconds
SQL> -- 把查询出的数据insert到T_TYPE_DECIMAL表中
SQL> DROP TABLE T_TYPE_DECIMAL IF EXISTS;
0 rows affected
Running time elapsed:      0.00 Seconds
SQL> CREATE TABLE T_TYPE_DECIMAL AS (SELECT TDECIMAL FROM P1000) WITH NO DATA;
0 rows affected
Running time elapsed:      0.22 Seconds
SQL> INSERT INTO T_TYPE_DECIMAL (SELECT TDECIMAL FROM P1000 GROUP BY TDECIMAL HAVING TDECIMAL < 9934.32);
56340 rows affected
Running time elapsed:     32.05 Seconds
SQL> -- 查看返回结果
SQL> SELECT * FROM T_TYPE_DECIMAL ORDER BY TDECIMAL LIMIT 10;
+----------+
| TDECIMAL |
+----------+
| 16.0     |
| 16.02    |
| 16.03    |
| 16.04    |
| 16.05    |
| 16.07    |
| 16.08    |
| 16.11    |
| 16.12    |
| 16.13    |
+----------+
10 rows selected.
Running time elapsed:      5.90 Seconds
SQL> SELECT TNUMERIC FROM P1000 GROUP BY TNUMERIC HAVING TNUMERIC > 43.1703 ORDER BY TNUMERIC LIMIT 10;
+----------+
| TNUMERIC |
+----------+
| 70.0016  |
| 70.003   |
| 70.0038  |
| 70.007   |
| 70.0075  |
| 70.0086  |
| 70.0111  |
| 70.0112  |
| 70.0186  |
| 70.0232  |
+----------+
10 rows selected.
Running time elapsed:      5.80 Seconds
SQL> -- 把查询出的数据insert到T_TYPE_NUMERIC表中
SQL> DROP TABLE T_TYPE_NUMERIC IF EXISTS;
0 rows affected
Running time elapsed:      0.00 Seconds
SQL> CREATE TABLE T_TYPE_NUMERIC AS (SELECT TNUMERIC FROM P1000) WITH NO DATA;
0 rows affected
Running time elapsed:      0.38 Seconds
SQL> INSERT INTO T_TYPE_NUMERIC (SELECT TNUMERIC FROM P1000 GROUP BY TNUMERIC HAVING TNUMERIC > 43.1703);
888268 rows affected
Running time elapsed:     28.51 Seconds
SQL> -- 查看返回结果
SQL> SELECT * FROM T_TYPE_NUMERIC ORDER BY TNUMERIC LIMIT 10;
+----------+
| TNUMERIC |
+----------+
| 70.0016  |
| 70.003   |
| 70.0038  |
| 70.007   |
| 70.0075  |
| 70.0086  |
| 70.0111  |
| 70.0112  |
| 70.0186  |
| 70.0232  |
+----------+
10 rows selected.
Running time elapsed:      5.90 Seconds
SQL> SELECT TDATE FROM P1000 GROUP BY TDATE HAVING TDATE BETWEEN TO_DATE('1979-02-19','YYYY-MM-DD') AND TO_DATE('2010-02-19','YYYY-MM-DD') ORDER BY TDATE LIMIT 10;
+-----------+
| TDATE     |
+-----------+
| 1979-2-19 |
| 1979-2-20 |
| 1979-2-21 |
| 1979-2-22 |
| 1979-2-23 |
| 1979-2-24 |
| 1979-2-25 |
| 1979-2-26 |
| 1979-2-27 |
| 1979-2-28 |
+-----------+
10 rows selected.
Running time elapsed:      3.95 Seconds
SQL> -- 把查询出的数据insert到T_TYPE_DATE表中
SQL> DROP TABLE T_TYPE_DATE IF EXISTS;
0 rows affected
Running time elapsed:      0.00 Seconds
SQL> CREATE TABLE T_TYPE_DATE AS (SELECT TDATE FROM P1000) WITH NO DATA;
0 rows affected
Running time elapsed:      0.60 Seconds
SQL> INSERT INTO T_TYPE_DATE (SELECT TDATE FROM P1000 GROUP BY TDATE HAVING TDATE BETWEEN TO_DATE('1979-02-19','YYYY-MM-DD') AND TO_DATE('2010-02-19','YYYY-MM-DD'));
11324 rows affected
Running time elapsed:     31.45 Seconds
SQL> -- 查看返回结果
SQL> SELECT * FROM T_TYPE_DATE ORDER BY TDATE LIMIT 10;
+-----------+
| TDATE     |
+-----------+
| 1979-2-19 |
| 1979-2-20 |
| 1979-2-21 |
| 1979-2-22 |
| 1979-2-23 |
| 1979-2-24 |
| 1979-2-25 |
| 1979-2-26 |
| 1979-2-27 |
| 1979-2-28 |
+-----------+
10 rows selected.
Running time elapsed:      6.42 Seconds
SQL> SELECT TTIMESTAMP FROM P1000 GROUP BY TTIMESTAMP HAVING TTIMESTAMP < TO_TIMESTAMP('2049-08-05 05:40:39.000000','YYYY-MM-DD HH24:MI:SS.FF') ORDER BY TTIMESTAMP LIMIT 10;
+---------------------+
| TTIMESTAMP          |
+---------------------+
| 1979-01-01 00:00:31 |
| 1979-01-01 00:02:27 |
| 1979-01-01 00:08:21 |
| 1979-01-01 00:10:29 |
| 1979-01-01 00:13:48 |
| 1979-01-01 00:17:18 |
| 1979-01-01 00:25:36 |
| 1979-01-01 00:25:59 |
| 1979-01-01 00:26:26 |
| 1979-01-01 00:30:20 |
+---------------------+
10 rows selected.
Running time elapsed:      4.39 Seconds
SQL> -- 把查询出的数据insert到T_TYPE_TIMESTAMP表中
SQL> DROP TABLE T_TYPE_TIMESTAMP IF EXISTS;
0 rows affected
Running time elapsed:      0.00 Seconds
SQL> CREATE TABLE T_TYPE_TIMESTAMP AS (SELECT TTIMESTAMP FROM P1000) WITH NO DATA;
0 rows affected
Running time elapsed:      0.20 Seconds
SQL> INSERT INTO T_TYPE_TIMESTAMP (SELECT TTIMESTAMP FROM P1000 GROUP BY TTIMESTAMP HAVING TTIMESTAMP < TO_TIMESTAMP('2049-08-05 05:40:39.000000','YYYY-MM-DD HH24:MI:SS.FF'));
9920520 rows affected
Running time elapsed:     30.93 Seconds
SQL> -- 查看返回结果
SQL> SELECT * FROM T_TYPE_TIMESTAMP ORDER BY TTIMESTAMP LIMIT 10;
+---------------------+
| TTIMESTAMP          |
+---------------------+
| 1979-01-01 00:00:31 |
| 1979-01-01 00:02:27 |
| 1979-01-01 00:08:21 |
| 1979-01-01 00:10:29 |
| 1979-01-01 00:13:48 |
| 1979-01-01 00:17:18 |
| 1979-01-01 00:25:36 |
| 1979-01-01 00:25:59 |
| 1979-01-01 00:26:26 |
| 1979-01-01 00:30:20 |
+---------------------+
10 rows selected.
Running time elapsed:     10.05 Seconds
SQL> SELECT TBOOL FROM P1000 GROUP BY TBOOL HAVING TBOOL = 'True' ORDER BY TBOOL LIMIT 10;
+-------+
| TBOOL |
+-------+
| True  |
+-------+
1 row selected.
Running time elapsed:      4.03 Seconds
SQL> -- 把查询出的数据insert到T_TYPE_BOOL表中
SQL> DROP TABLE T_TYPE_BOOL IF EXISTS;
0 rows affected
Running time elapsed:      0.00 Seconds
SQL> CREATE TABLE T_TYPE_BOOL AS (SELECT TBOOL FROM P1000) WITH NO DATA;
0 rows affected
Running time elapsed:      0.20 Seconds
SQL> INSERT INTO T_TYPE_BOOL (SELECT TBOOL FROM P1000 GROUP BY TBOOL HAVING TBOOL = 'True');
1 row affected
Running time elapsed:     17.09 Seconds
SQL> -- 查看返回结果
SQL> SELECT * FROM T_TYPE_BOOL ORDER BY TBOOL LIMIT 10;
+-------+
| TBOOL |
+-------+
| True  |
+-------+
1 row selected.
Running time elapsed:      1.18 Seconds
SQL> SELECT TCHAR FROM P1000 GROUP BY TCHAR HAVING TCHAR = 'NBr2nMF7JorJ9LKRZefRKlWj9vR3G8IRC5Wg86OeYzfuMBV7f6' ORDER BY TCHAR LIMIT 10;
0 rows selected.
Running time elapsed:      3.50 Seconds
SQL> -- 把查询出的数据insert到T_TYPE_CHAR表中
SQL> DROP TABLE T_TYPE_CHAR IF EXISTS;
0 rows affected
Running time elapsed:      0.00 Seconds
SQL> CREATE TABLE T_TYPE_CHAR AS (SELECT TCHAR FROM P1000) WITH NO DATA;
0 rows affected
Running time elapsed:      0.26 Seconds
SQL> INSERT INTO T_TYPE_CHAR (SELECT TCHAR FROM P1000 GROUP BY TCHAR HAVING TCHAR = 'NBr2nMF7JorJ9LKRZefRKlWj9vR3G8IRC5Wg86OeYzfuMBV7f6');
0 rows affected
Running time elapsed:      8.60 Seconds
SQL> -- 查看返回结果
SQL> SELECT * FROM T_TYPE_CHAR ORDER BY TCHAR LIMIT 10;
0 rows selected.
Running time elapsed:      0.05 Seconds
SQL> SELECT TVARCHAR FROM P1000 GROUP BY TVARCHAR HAVING TVARCHAR IN ('1SGYlFg5qlxYSOJm3RZF9KyGeIYMnIx8hJTWtG2Z4ABSpWlDN7pszRqJ2ujWLHfUJIR0UXPxFIDk3SrvURGL0P6qf375DfNyC9nO','LXFlGmwOWyAn4FaGV9xc5KkhInSWCOdM8n6o9PFmInF1w4Z1bnzRK78h2e2PoG83835E4t85ArAyLvIVkBvPnISZSFiG1aR4oeME') ORDER BY TVARCHAR LIMIT 10;
0 rows selected.
Running time elapsed:      3.01 Seconds
SQL> -- 把查询出的数据insert到T_TYPE_VARCHAR表中
SQL> DROP TABLE T_TYPE_VARCHAR IF EXISTS;
0 rows affected
Running time elapsed:      0.00 Seconds
SQL> CREATE TABLE T_TYPE_VARCHAR AS (SELECT TVARCHAR FROM P1000) WITH NO DATA;
0 rows affected
Running time elapsed:      0.18 Seconds
SQL> INSERT INTO T_TYPE_VARCHAR (SELECT TVARCHAR FROM P1000 GROUP BY TVARCHAR HAVING TVARCHAR IN ('1SGYlFg5qlxYSOJm3RZF9KyGeIYMnIx8hJTWtG2Z4ABSpWlDN7pszRqJ2ujWLHfUJIR0UXPxFIDk3SrvURGL0P6qf375DfNyC9nO','LXFlGmwOWyAn4FaGV9xc5KkhInSWCOdM8n6o9PFmInF1w4Z1bnzRK78h2e2PoG83835E4t85ArAyLvIVkBvPnISZSFiG1aR4oeME'));
0 rows affected
Running time elapsed:      5.53 Seconds
SQL> -- 查看返回结果
SQL> SELECT * FROM T_TYPE_VARCHAR ORDER BY TVARCHAR LIMIT 10;
0 rows selected.
Running time elapsed:      0.04 Seconds
SQL> 
SQL> 
SQL> -- 不同数据类型组合进行having查询
   > -- 3种整型数据类型组合
SQL> SELECT TSMALLINT,TINTEGER,TBIGINT FROM P1000 GROUP BY TSMALLINT, TINTEGER,TBIGINT HAVING TSMALLINT > 300 AND TINTEGER > 400 AND TBIGINT > 500 ORDER BY TSMALLINT LIMIT 10;
+-----------+----------+--------------+
| TSMALLINT | TINTEGER | TBIGINT      |
+-----------+----------+--------------+
| 303       | 18516714 | 780874177528 |
| 303       | 18183098 | 209634586152 |
| 303       | 23610936 | 252779947961 |
| 303       | 39856951 | 894354122660 |
| 303       | 63078986 | 970007939315 |
| 303       | 88114631 | 7515467186   |
| 303       | 64661003 | 314029232035 |
| 303       | 24831742 | 702106444098 |
| 303       | 1980434  | 417725306004 |
| 303       | 5011568  | 590242741208 |
+-----------+----------+--------------+
10 rows selected.
Running time elapsed:      6.69 Seconds
SQL> -- 把查询出的数据insert到T_TYPE_INTS表中
SQL> DROP TABLE T_TYPE_INTS IF EXISTS;
0 rows affected
Running time elapsed:      0.00 Seconds
SQL> CREATE TABLE T_TYPE_INTS AS (SELECT TSMALLINT,TINTEGER,TBIGINT FROM P1000) WITH NO DATA;
0 rows affected
Running time elapsed:      0.60 Seconds
SQL> INSERT INTO T_TYPE_INTS (SELECT TSMALLINT,TINTEGER,TBIGINT FROM P1000 GROUP BY TSMALLINT, TINTEGER,TBIGINT HAVING TSMALLINT > 300 AND TINTEGER > 400 AND TBIGINT > 500);
9849103 rows affected
Running time elapsed:     38.23 Seconds
SQL> -- 查看返回结果
SQL> SELECT * FROM T_TYPE_INTS ORDER BY TSMALLINT LIMIT 10;
+-----------+----------+--------------+
| TSMALLINT | TINTEGER | TBIGINT      |
+-----------+----------+--------------+
| 303       | 44145933 | 842873527541 |
| 303       | 74586069 | 610176367738 |
| 303       | 19335554 | 10304431331  |
| 303       | 96118100 | 980883818269 |
| 303       | 16908435 | 253789689193 |
| 303       | 21656758 | 99578381350  |
| 303       | 46294562 | 196447587025 |
| 303       | 60442551 | 881167255513 |
| 303       | 37037326 | 38252018796  |
| 303       | 32011936 | 95730111498  |
+-----------+----------+--------------+
10 rows selected.
Running time elapsed:      5.07 Seconds
SQL> 
SQL> -- 5种浮点型数据类型组合
SQL> SELECT TREAL,TDOUBLE,TFLOAT,TDECIMAL,TNUMERIC FROM P1000 GROUP BY TREAL,TDOUBLE,TFLOAT,TDECIMAL,TNUMERIC HAVING TREAL > 400.22 OR TDOUBLE > 200.22 OR TDECIMAL > 400.11 OR TNUMERIC > 800.11 ORDER BY TREAL LIMIT 10;
+-------+---------+-------------------+----------+-----------+
| TREAL | TDOUBLE | TFLOAT            | TDECIMAL | TNUMERIC  |
+-------+---------+-------------------+----------+-----------+
| 16.0  | 3931.5  | 8773.01953125     | 6721.35  | 6613.5544 |
| 16.0  | 1971.48 | 1560.2099609375   | 3867.02  | 4548.9339 |
| 16.0  | 7217.07 | 2683.75           | 4402.15  | 7320.964  |
| 16.0  | 8288.12 | 2279.2900390625   | 5695.7   | 4051.6236 |
| 16.0  | 2029.82 | 5948.52978515625  | 7154.53  | 8552.836  |
| 16.0  | 1351.82 | 3304.610107421875 | 5894.99  | 2783.779  |
| 16.0  | 4988.19 | 8931.509765625    | 1301.46  | 1578.1104 |
| 16.0  | 1401.4  | 9137.75           | 6720.04  | 6364.0253 |
| 16.0  | 2697.35 | 5390.0498046875   | 958.53   | 9390.9051 |
| 16.0  | 75.53   | 9583.1103515625   | 8130.61  | 5464.3584 |
+-------+---------+-------------------+----------+-----------+
10 rows selected.
Running time elapsed:      7.01 Seconds
SQL> -- 把查询出的数据insert到T_TYPE_FLOATS表中
SQL> DROP TABLE T_TYPE_FLOATS IF EXISTS;
0 rows affected
Running time elapsed:      0.00 Seconds
SQL> CREATE TABLE T_TYPE_FLOATS AS (SELECT TREAL,TDOUBLE,TFLOAT,TDECIMAL,TNUMERIC FROM P1000) WITH NO DATA;
0 rows affected
Running time elapsed:      0.11 Seconds
SQL> INSERT INTO T_TYPE_FLOATS (SELECT TREAL,TDOUBLE,TFLOAT,TDECIMAL,TNUMERIC FROM P1000 GROUP BY TREAL,TDOUBLE,TFLOAT,TDECIMAL,TNUMERIC HAVING TREAL > 400.22 OR TDOUBLE > 200.22 OR TDECIMAL > 400.11 OR TNUMERIC > 800.11);
9999994 rows affected
Running time elapsed:     41.21 Seconds
SQL> -- 查看返回结果
SQL> SELECT * FROM T_TYPE_FLOATS ORDER BY TREAL LIMIT 10;
+-------+---------+--------------------+----------+-----------+
| TREAL | TDOUBLE | TFLOAT             | TDECIMAL | TNUMERIC  |
+-------+---------+--------------------+----------+-----------+
| 16.0  | 5257.99 | 550.9000244140625  | 7538.11  | 2697.8765 |
| 16.0  | 4548.53 | 4541.72998046875   | 8560.05  | 5587.9238 |
| 16.0  | 3189.2  | 9051.5302734375    | 2003.57  | 4798.2697 |
| 16.0  | 7158.04 | 5761.2001953125    | 5349.85  | 1971.3139 |
| 16.0  | 1351.82 | 3304.610107421875  | 5894.99  | 2783.779  |
| 16.0  | 6075.79 | 5607.1201171875    | 6902.02  | 1351.0719 |
| 16.0  | 8422.61 | 8360.1201171875    | 5714.95  | 5559.4779 |
| 16.0  | 3514.16 | 1482.699951171875  | 8598.82  | 967.1716  |
| 16.0  | 3397.45 | 1852.1600341796875 | 3065.61  | 695.9583  |
| 16.0  | 1301.51 | 8640.0498046875    | 4779.48  | 2862.1812 |
+-------+---------+--------------------+----------+-----------+
10 rows selected.
Running time elapsed:      7.51 Seconds
SQL> 
SQL> -- 2种日期数据类型组合
SQL> SELECT TDATE,TTIMESTAMP FROM P1000 GROUP BY TDATE,TTIMESTAMP HAVING TDATE > TO_DATE('1979-02-19','YYYY-MM-DD') AND TTIMESTAMP > TO_TIMESTAMP('1979-01-21 21:45:16.000000','YYYY-MM-DD HH24:MI:SS.FF') ORDER BY TTIMESTAMP LIMIT 10;
+------------+---------------------+
| TDATE      | TTIMESTAMP          |
+------------+---------------------+
| 1980-10-11 | 1979-01-21 21:52:31 |
| 2005-2-19  | 1979-01-21 21:54:46 |
| 2010-8-28  | 1979-01-21 21:59:50 |
| 2007-7-31  | 1979-01-21 22:01:06 |
| 1992-6-11  | 1979-01-21 22:04:52 |
| 2022-10-18 | 1979-01-21 22:07:01 |
| 2030-5-15  | 1979-01-21 22:13:27 |
| 2001-3-6   | 1979-01-21 22:14:35 |
| 2043-11-5  | 1979-01-21 22:26:24 |
| 2012-1-28  | 1979-01-21 22:29:46 |
+------------+---------------------+
10 rows selected.
Running time elapsed:      5.40 Seconds
SQL> -- 把查询出的数据insert到T_TYPE_DATES表中
SQL> DROP TABLE T_TYPE_CHARS IF EXISTS;
0 rows affected
Running time elapsed:      0.00 Seconds
SQL> CREATE TABLE T_TYPE_CHARS AS (SELECT TCHAR,TVARCHAR FROM P1000) WITH NO DATA;
0 rows affected
Running time elapsed:      0.15 Seconds
SQL> INSERT INTO T_TYPE_DATES (SELECT TDATE,TTIMESTAMP FROM P1000 GROUP BY TDATE,TTIMESTAMP HAVING TDATE > TO_DATE('1979-02-19','YYYY-MM-DD') AND TTIMESTAMP > TO_TIMESTAMP('1979-01-21 21:45:16.000000','YYYY-MM-DD HH24:MI:SS.FF'));
java.sql.SQLSyntaxErrorException: user lacks privilege or object not found: T_TYPE_DATES in statement [INSERT INTO T_TYPE_DATES (SELECT TDATE,TTIMESTAMP FROM P1000 GROUP BY TDATE,TTIMESTAMP HAVING TDATE > TO_DATE('1979-02-19','YYYY-MM-DD') AND TTIMESTAMP > TO_TIMESTAMP('1979-01-21 21:45:16.000000','YYYY-MM-DD HH24:MI:SS.FF'))]
Running time elapsed:      0.01 Seconds
SQL> -- 查看返回结果
SQL> SELECT * FROM T_TYPE_DATES ORDER BY TTIMESTAMP LIMIT 10;
java.sql.SQLSyntaxErrorException: user lacks privilege or object not found: T_TYPE_DATES in statement [SELECT * FROM T_TYPE_DATES ORDER BY TTIMESTAMP LIMIT 10]
Running time elapsed:      0.00 Seconds
SQL> 
SQL> -- 2种字符数据类型组合
SQL> SELECT TCHAR,TVARCHAR FROM P1000 GROUP BY TCHAR, TVARCHAR HAVING TCHAR = 'NBr2nMF7JorJ9LKRZefRKlWj9vR3G8IRC5Wg86OeYzfuMBV7f6' OR TVARCHAR IN ('1SGYlFg5qlxYSOJm3RZF9KyGeIYMnIx8hJTWtG2Z4ABSpWlDN7pszRqJ2ujWLHfUJIR0UXPxFIDk3SrvURGL0P6qf375DfNyC9nO','LXFlGmwOWyAn4FaGV9xc5KkhInSWCOdM8n6o9PFmInF1w4Z1bnzRK78h2e2PoG83835E4t85ArAyLvIVkBvPnISZSFiG1aR4oeME') ORDER BY TCHAR LIMIT 10;
0 rows selected.
Running time elapsed:      3.93 Seconds
SQL> -- 把查询出的数据insert到T_TYPE_CHARS表中
SQL> DROP TABLE T_TYPE_DATES IF EXISTS;
0 rows affected
Running time elapsed:      0.00 Seconds
SQL> CREATE TABLE T_TYPE_DATES AS (SELECT TDATE,TTIMESTAMP FROM P1000) WITH NO DATA;
0 rows affected
Running time elapsed:      0.55 Seconds
SQL> INSERT INTO T_TYPE_CHARS (SELECT TCHAR,TVARCHAR FROM P1000 GROUP BY TCHAR, TVARCHAR HAVING TCHAR = 'NBr2nMF7JorJ9LKRZefRKlWj9vR3G8IRC5Wg86OeYzfuMBV7f6' OR TVARCHAR IN ('1SGYlFg5qlxYSOJm3RZF9KyGeIYMnIx8hJTWtG2Z4ABSpWlDN7pszRqJ2ujWLHfUJIR0UXPxFIDk3SrvURGL0P6qf375DfNyC9nO','LXFlGmwOWyAn4FaGV9xc5KkhInSWCOdM8n6o9PFmInF1w4Z1bnzRK78h2e2PoG83835E4t85ArAyLvIVkBvPnISZSFiG1aR4oeME'));
0 rows affected
Running time elapsed:      8.07 Seconds
SQL> -- 查看返回结果
SQL> SELECT * FROM T_TYPE_CHARS ORDER BY TCHAR LIMIT 10;
0 rows selected.
Running time elapsed:      0.04 Seconds
SQL> 
SQL> -- 整型，浮点型，字符型，日期类型4种数据类型组合
SQL> SELECT TBIGINT,TDOUBLE,TCHAR,TDATE FROM P1000 GROUP BY TBIGINT, TDOUBLE, TCHAR,TDATE HAVING TBIGINT > 500 OR TDOUBLE < 400.22 OR TCHAR IN ('NBr2nMF7JorJ9LKRZefRKlWj9vR3G8IRC5Wg86OeYzfuMBV7f6','EicGCMKTtawEbtLLWkJuECm9ywDONiUgBqKMS45rfj947v7hAU') AND TDATE BETWEEN TO_DATE('1979-02-19','YYYY-MM-DD') AND TO_DATE('2010-11-21','YYYY-MM-DD') ORDER BY TBIGINT LIMIT 10;
+----------+---------+-----------------------------------------------------------------------------------------------------------------------------------------------------------------------------------------------------------------------------------------------------------------+------------+
| TBIGINT  | TDOUBLE | TCHAR                                                                                                                                                                                                                                                           | TDATE      |
+----------+---------+-----------------------------------------------------------------------------------------------------------------------------------------------------------------------------------------------------------------------------------------------------------------+------------+
| 27770954 | 9046.72 | 6kTyhHTUn8EbNAIdGqgU8aiJDcjC35U75HUyphuMlD8ctcGRwb                                                                                                                                                                                                              | 1991-10-26 |
| 27770954 | 3584.29 | 8Z6JEL05Rv6yvPjSor1SH2vDFuw8lFTNFjiqreyH05CvTX7kz6                                                                                                                                                                                                              | 1996-12-20 |
| 27770954 | 4133.48 | XhvGqgDD0PtvVEwfm7eEPw3r7oLnH4OnSKULSXJgFieNBOsIjT                                                                                                                                                                                                              | 2044-6-23  |
| 27770954 | 2037.61 | XlOhgLCpbvtuFU5BvFA8OL9zXGlz3m11GG677p6ZRKbwyGbKRo                                                                                                                                                                                                              | 2036-11-29 |
| 27770954 | 5147.02 | V911Ltv1PB02OYEvCC3VEKzov9DWUAnXp6tD5wG52SuUJMKXZB                                                                                                                                                                                                              | 1982-12-14 |
| 27770954 | 6460.03 | 3DoBgVeobxPe1LNiZxhaE0BaLUsaUlex9W8mBczerm96U1OT9U                                                                                                                                                                                                              | 2020-9-1   |
| 27770954 | 2189.7  | Txn7fcwsoGMeFdiwW00MoIqcZfYKVolhZG2AObcPNGG9807S0E                                                                                                                                                                                                              | 1983-8-1   |
| 27770954 | 4740.67 | kmVnungsyRi93jwDjgM0dnXWqnv2kWi7nsjAqGoSbSrmRILizH                                                                                                                                                                                                              | 2039-11-28 |
| 27770954 | 4580.96 | 4deBM54JODoE6njGqrMj36jiG4AVDqpPrZNHe7ZedloJrNAGkZ                                                                                                                                                                                                              | 1994-1-3   |
| 27770954 | 3823.96 | tzhZ7lp3ILNHynd4ALLrUgwBSyr4wNAelCXzZPBbnACRtiIqPC                                                                                                                                                                                                              | 1986-9-16  |
+----------+---------+-----------------------------------------------------------------------------------------------------------------------------------------------------------------------------------------------------------------------------------------------------------------+------------+
10 rows selected.
Running time elapsed:      6.68 Seconds
SQL> -- 把查询出的数据insert到T_TYPE_ARRAY4表中
SQL> DROP TABLE T_TYPE_ARRAY4 IF EXISTS;
0 rows affected
Running time elapsed:      0.00 Seconds
SQL> CREATE TABLE T_TYPE_ARRAY4 AS (SELECT TBIGINT,TDOUBLE,TCHAR,TDATE FROM P1000) WITH NO DATA;
0 rows affected
Running time elapsed:      0.15 Seconds
SQL> INSERT INTO T_TYPE_ARRAY4 (SELECT TBIGINT,TDOUBLE,TCHAR,TDATE FROM P1000 GROUP BY TBIGINT, TDOUBLE, TCHAR,TDATE HAVING TBIGINT > 500 OR TDOUBLE < 400.22 OR TCHAR IN ('NBr2nMF7JorJ9LKRZefRKlWj9vR3G8IRC5Wg86OeYzfuMBV7f6','EicGCMKTtawEbtLLWkJuECm9ywDONiUgBqKMS45rfj947v7hAU') AND TDATE BETWEEN TO_DATE('1979-02-19','YYYY-MM-DD') AND TO_DATE('2010-11-21','YYYY-MM-DD'));
10000000 rows affected
Running time elapsed:     80.41 Seconds
SQL> -- 查看返回结果
SQL> SELECT * FROM T_TYPE_ARRAY4 ORDER BY TBIGINT LIMIT 10;
+----------+---------+-----------------------------------------------------------------------------------------------------------------------------------------------------------------------------------------------------------------------------------------------------------------+------------+
| TBIGINT  | TDOUBLE | TCHAR                                                                                                                                                                                                                                                           | TDATE      |
+----------+---------+-----------------------------------------------------------------------------------------------------------------------------------------------------------------------------------------------------------------------------------------------------------------+------------+
| 27770954 | 7569.79 | A2lR6vvB2DC5DrayGsRV19dzWXzfYpqvDiz6cgu9hhyXSSRRtq                                                                                                                                                                                                              | 1988-2-25  |
| 27770954 | 4917.82 | 1z5ll16veHsGUeJWREUtYaME1EmyFs1eng8qvGBC2tmCGGAoGH                                                                                                                                                                                                              | 2029-4-6   |
| 27770954 | 9533.29 | WeT6pOH6W5Prs0R5BvJ1DfynhR2pcc18yAFxonrMTIisxffZIJ                                                                                                                                                                                                              | 2000-9-11  |
| 27770954 | 3188.46 | iYcX3hlfvpFgJFdEs36iPA2utfdBDX2dBfwtRcEI9VMk4F54or                                                                                                                                                                                                              | 2031-3-30  |
| 27770954 | 6208.0  | hVca4t3kp4RYRMn0Zy2wEin8x65fI0ERLkLOF4P3EW8u6p5J0y                                                                                                                                                                                                              | 1992-2-13  |
| 27770954 | 4562.86 | 8hTOlzZYEmmXnMze83Wz2Fbgs9ZiRvpXgaq5gq5zDMdHmsLX3z                                                                                                                                                                                                              | 2035-8-13  |
| 27770954 | 951.67  | gtBAXvFuHfzPaLMx5hoxqVBlbjP1A7ARP2RZ6o0DCv9mxrt6Xp                                                                                                                                                                                                              | 1991-9-20  |
| 27770954 | 8498.4  | TH7af3BIT8GRBC1IeMr9EvCdOGngA5NuiR3BMI3dc9yBpCSyHO                                                                                                                                                                                                              | 2003-8-22  |
| 27770954 | 6720.11 | YoOZze4jU3dJE0NwgZn2BCRDtg6wFdwtmDVjHWZTU4iKZtToV4                                                                                                                                                                                                              | 2034-11-22 |
| 27770954 | 4236.25 | dep0AgsJJw3aHkK452hhNd9fW5MHrSYA1GXjubVeiu10cscZn3                                                                                                                                                                                                              | 1988-10-13 |
+----------+---------+-----------------------------------------------------------------------------------------------------------------------------------------------------------------------------------------------------------------------------------------------------------------+------------+
10 rows selected.
Running time elapsed:      4.12 Seconds
SQL> 
SQL> -- 整型，浮点型2种数据类型组合
SQL> SELECT TSMALLINT,TREAL FROM P1000 GROUP BY TSMALLINT, TREAL HAVING TSMALLINT >30 AND TREAL > 40.34 ORDER BY TSMALLINT LIMIT 10;
+-----------+---------+
| TSMALLINT | TREAL   |
+-----------+---------+
| 38        | 5923.93 |
| 38        | 9390.42 |
| 38        | 595.49  |
| 38        | 6720.41 |
| 38        | 3487.7  |
| 38        | 6149.86 |
| 38        | 8130.25 |
| 38        | 6740.29 |
| 38        | 3799.99 |
| 38        | 3309.33 |
+-----------+---------+
10 rows selected.
Running time elapsed:      6.43 Seconds
SQL> -- 把查询出的数据insert到T_TYPE_ARRAY21表中
SQL> DROP TABLE T_TYPE_ARRAY21 IF EXISTS;
0 rows affected
Running time elapsed:      0.00 Seconds
SQL> CREATE TABLE T_TYPE_ARRAY21 AS (SELECT TSMALLINT,TREAL FROM P1000) WITH NO DATA;
0 rows affected
Running time elapsed:      0.21 Seconds
SQL> INSERT INTO T_TYPE_ARRAY21 (SELECT TSMALLINT,TREAL FROM P1000 GROUP BY TSMALLINT, TREAL HAVING TSMALLINT >30 AND TREAL > 40.34);
8768421 rows affected
Running time elapsed:     57.63 Seconds
SQL> SELECT * FROM T_TYPE_ARRAY21 ORDER BY TSMALLINT LIMIT 10;
+-----------+---------+
| TSMALLINT | TREAL   |
+-----------+---------+
| 38        | 2862.54 |
| 38        | 9339.99 |
| 38        | 9217.58 |
| 38        | 2683.07 |
| 38        | 5015.5  |
| 38        | 2037.16 |
| 38        | 2783.3  |
| 38        | 9361.46 |
| 38        | 2724.13 |
| 38        | 2468.69 |
+-----------+---------+
10 rows selected.
Running time elapsed:      4.20 Seconds
SQL> 
SQL> -- 整型，字符型2种数据类型组合
SQL> SELECT TINTEGER,TVARCHAR FROM P1000 GROUP BY TINTEGER, TVARCHAR HAVING TINTEGER > 200 AND TVARCHAR NOT IN ('1SGYlFg5qlxYSOJm3RZF9KyGeIYMnIx8hJTWtG2Z4ABSpWlDN7pszRqJ2ujWLHfUJIR0UXPxFIDk3SrvURGL0P6qf375DfNyC9nO','LXFlGmwOWyAn4FaGV9xc5KkhInSWCOdM8n6o9PFmInF1w4Z1bnzRK78h2e2PoG83835E4t85ArAyLvIVkBvPnISZSFiG1aR4oeME') ORDER BY TINTEGER LIMIT 10;
+----------+------------------------------------------------------------------------------------------------------+
| TINTEGER | TVARCHAR                                                                                             |
+----------+------------------------------------------------------------------------------------------------------+
| 2777     | iB685RICWBxGHPI6kkbxUbADbbb78kINFjdsFXckwdxThxRGJ4MYzkCfAeH5bn2byaUCZPthVMJmPlSv9NZ1cUkoleJ0RyrpuWPv |
| 2777     | TRIkCX3U04fh2fcEyMXgG7wvufhE4Yg0DZyHTEvXAe9GATM9rWy4KoILKaJxRxeDVm1bLjXqYmnZoSHrbuARaV2v2liwh9K49NuP |
| 2777     | SjuVL8liNZEa51uyyeBuiJnGlqoEcxuXYnqd8RRBHPk4Sjcld5k0feR2L9uXnS3qNHaIwTARw1dMurDBRJq3P1ZOvRubzDJ73gON |
| 2777     | kPwFVNp2phSAAHZ7zkIzhZR0JGAhtppFMjlELOHc6xmBeKMJvTnIgnFS5ZVWDIFC0qE2qwwPzzpPkj9nTu7xCGitSkAGu4mhvFH0 |
| 2777     | 8uv8en9KYDGtky8qYzPFkF3KcOHpEAjjfbxLfKFqKo3kk7B0j3j4tDT7UIgyEFFqfnRP3bF49JYERBUlP5OjE14ShOwPuIl6hGCc |
| 2777     | PeuD7C0do4AyA9MLMrWJXwBjt6DWp6VRi2rHFgeKfAFBRDupYRz7qBJx4XMR11w9A0TUbCsWvo2aRU7u3T1OOTFnCdNDFFoe0FDA |
| 2777     | Ia1n9XeL4VdPx1kR8Mw1OJO47fEGchhRgTTiCrmDhU7cEgUi8CFypzqvzGH5e97cJPV2k2gReyvJNWlFwjrMdFkHUuFLC0Crh3PR |
| 2777     | z7lynU40Bq4TokRq7l340wAeicS5KjF4eEak4DNIak937LlJRnsVO0WG3gRv4XlA1VaS96e367KZb3yTRfHqn8A115HRG7J9jRmw |
| 2777     | T1mRyg2JSGcvopUJAb7e5GIshJ6RvvT5h2ufh8DeOFjufJF4RLS6Kls15b0qUkiRukrLxZq8cxY4e4pfP7CBPNKGwDCYiNBEHsAF |
| 2777     | seTM3r0WqcTJh3fowLly0jwvaT2F1uUMzpMnKCNH40NJMnUhSzdWI2tfBvNl7A377OMDRUYYJ8dhU6cKWLhOHI7JKxfiqfS4qUCd |
+----------+------------------------------------------------------------------------------------------------------+
10 rows selected.
Running time elapsed:      5.56 Seconds
SQL> -- 把查询出的数据insert到T_TYPE_ARRAY22表中
SQL> DROP TABLE T_TYPE_ARRAY22 IF EXISTS;
0 rows affected
Running time elapsed:      0.00 Seconds
SQL> CREATE TABLE T_TYPE_ARRAY22 AS (SELECT TINTEGER,TVARCHAR FROM P1000) WITH NO DATA;
0 rows affected
Running time elapsed:      0.17 Seconds
SQL> INSERT INTO T_TYPE_ARRAY22 (SELECT TINTEGER,TVARCHAR FROM P1000 GROUP BY TINTEGER, TVARCHAR HAVING TINTEGER > 200 AND TVARCHAR NOT IN ('1SGYlFg5qlxYSOJm3RZF9KyGeIYMnIx8hJTWtG2Z4ABSpWlDN7pszRqJ2ujWLHfUJIR0UXPxFIDk3SrvURGL0P6qf375DfNyC9nO','LXFlGmwOWyAn4FaGV9xc5KkhInSWCOdM8n6o9PFmInF1w4Z1bnzRK78h2e2PoG83835E4t85ArAyLvIVkBvPnISZSFiG1aR4oeME'));
9515664 rows affected
Running time elapsed:     39.45 Seconds
SQL> -- 查看返回结果
SQL> SELECT * FROM T_TYPE_ARRAY22 ORDER BY TINTEGER LIMIT 10;
+----------+------------------------------------------------------------------------------------------------------+
| TINTEGER | TVARCHAR                                                                                             |
+----------+------------------------------------------------------------------------------------------------------+
| 2777     | gRtppCrrsDneUJawYi688FSGyOSWLIzap85XySganvAUh3pMiHFB4Aeh4uWVHhBafVc56ZoTEs2ydgtLPwvMtfA4LOOkRFvXRPAd |
| 2777     | MDezo0sI7z7ORDJi4HHEMyTSxYOHKYYImGSgTshgG1zzSsOsjfnc1bRk1wmk6CGH4NZ2aGoR0eoHK3RCtJ32aC1NobIRzjDBoRt7 |
| 2777     | ebn14d56ZvTHIfVO3LFoKwbRMHRvZWkZ6VPcMWPxhKtVz9FXALovdY9sRfy5P3wcFmkuNGH77mlfgEBCbglJIOtFF5gBRl3m5Aqi |
| 2777     | pdV1rpJRYHlzPYkxEhjqvHfIRLrG2Vruck5ziFPeoREtLTzfBdlllW5ADrqepgwLFUnHniiltajry7bVmHeqxRosAr6NB10voJh5 |
| 2777     | cKALrEO2bmLjgTJCZAw1gt4CM90c9SRnaarxWiJIetaBhs2ZcAGsuV9BPigKuWqRbIj8E8hChtCFRKwGlU8U0hyHzzNKLumV0wRn |
| 2777     | VVSFZZgAjZhhh7U2u0rgmDkB2Ztw6EFRUhGcRV3PHE2bp7aboU1f44TW4OOxcqZPYm04uuSl2lcPs9tLAlLS33tnoCpUhMp4lZUf |
| 2777     | hUfNRw6ZPrUMOLqhaild7N4HD75TC50RrkoHZVdrOMU0nJsEt9SMRzuKHYI9cKkDt9wmUI5rdtEw2FITUIU7HBb8gws06BePbinA |
| 2777     | wJV5LiZa1LF9lg6ZXThz8uI1mowDcddqYMGoytfHXEVAIO59PcmCGRXd8Ym5hoTELRnkhWu0FsJdAr26R21NiAntGq9PT2B5T0Ve |
| 2777     | YvwNG7cNUWeeij3dwHoJOaKnrwNiBZqXcSrmKsLrqtin3wdgsKO2uJ8G3lF44TzX48zs6gccuieumA9ERbpd8CEkZjN5g0EM3991 |
| 2777     | HFTSt2tDEY39yB0fzP71maU2nUvpMVGaTJjWzh3GZGCR6FWlKkSTivyZeydUAakVB9uyefpPcRqHkSYTfWiPnf55ZJPMMJK8T6uR |
+----------+------------------------------------------------------------------------------------------------------+
10 rows selected.
Running time elapsed:      6.85 Seconds
SQL> 
SQL> -- 整型，日期型2种数据类型组合
SQL> SELECT TBIGINT,TDATE FROM P1000 GROUP BY TBIGINT, TDATE HAVING TBIGINT > 400 AND TDATE > TO_DATE('1979-02-19','YYYY-MM-DD HH24:MI:SS') ORDER BY TBIGINT LIMIT 10;
0 rows selected.
Running time elapsed:      3.71 Seconds
SQL> -- 把查询出的数据insert到T_TYPE_ARRAY23表中
SQL> DROP TABLE T_TYPE_ARRAY23 IF EXISTS;
0 rows affected
Running time elapsed:      0.00 Seconds
SQL> CREATE TABLE T_TYPE_ARRAY23 AS (SELECT TBIGINT,TDATE FROM P1000) WITH NO DATA;
0 rows affected
Running time elapsed:      0.51 Seconds
SQL> INSERT INTO T_TYPE_ARRAY23 (SELECT TBIGINT,TDATE FROM P1000 GROUP BY TBIGINT, TDATE HAVING TBIGINT > 400 AND TDATE > TO_DATE('1979-02-19','YYYY-MM-DD HH24:MI:SS'));
0 rows affected
Running time elapsed:      6.52 Seconds
SQL> -- 查看返回结果
SQL> SELECT * FROM T_TYPE_ARRAY23 ORDER BY TBIGINT LIMIT 10;
0 rows selected.
Running time elapsed:      0.04 Seconds
SQL> 
SQL> -- 整型，浮点型，字符型3种数据类型组合
SQL> SELECT TSMALLINT,TREAL,TCHAR FROM P1000 GROUP BY TSMALLINT, TREAL, TCHAR HAVING TSMALLINT > 300 AND TREAL<100.33 OR TCHAR = 'NBr2nMF7JorJ9LKRZefRKlWj9vR3G8IRC5Wg86OeYzfuMBV7f6' ORDER BY TSMALLINT LIMIT 10;
+-----------+-------+-----------------------------------------------------------------------------------------------------------------------------------------------------------------------------------------------------------------------------------------------------------------+
| TSMALLINT | TREAL | TCHAR                                                                                                                                                                                                                                                           |
+-----------+-------+-----------------------------------------------------------------------------------------------------------------------------------------------------------------------------------------------------------------------------------------------------------------+
| 303       | 70.27 | TvndwUT9PmJDYeJoUnFgnYPvrdI3ZDwDrBR9YWrDE53JOeJ8ds                                                                                                                                                                                                              |
| 303       | 38.11 | xuY0yCcgg5zq4CpGsyb6RFiAujr7g5rstRNg4jDd4Zhwjhc4xp                                                                                                                                                                                                              |
| 303       | 16.16 | pI7lp5eo5LpwXO14F6XaXtP56aRoAfv8jZG9VvLlWZWCVCieHN                                                                                                                                                                                                              |
| 303       | 30.02 | LofLZgd1aulfLPc7gmLRRUYEgN0RR2OW3vptRjC4IvLCEfOlAP                                                                                                                                                                                                              |
| 303       | 16.58 | jEOnkqlCxHfb3skW7c0RNU1HRimpNZDHl9dKRB1XuMjXTzLrOy                                                                                                                                                                                                              |
| 303       | 16.12 | fH0cDnmeleH0VntsHFHOlkZIzJw28HcHOc3oSHVpgkeTzoU2rF                                                                                                                                                                                                              |
| 303       | 86.99 | kXjr6eeJTg9fPnYihq33ZcwOwXNH3D79B0DlI2jZEcwb9nqDCq                                                                                                                                                                                                              |
| 303       | 30.43 | FIpfJVlVAi1Rv6u3EteEp1aMFXRxeXcixNUd1otl4RzpBPVe10                                                                                                                                                                                                              |
| 303       | 70.04 | WoJjSKh1twtmP8JcqorUGCSR2iTfM3Y9FPydOUhqHkoAtNMhhe                                                                                                                                                                                                              |
| 303       | 30.49 | 2cVcIKUyRGxEtD2aRUSCzsDVslKFoFKTbsDd5Vn9Lf4b2AnJ53                                                                                                                                                                                                              |
+-----------+-------+-----------------------------------------------------------------------------------------------------------------------------------------------------------------------------------------------------------------------------------------------------------------+
10 rows selected.
Running time elapsed:      3.77 Seconds
SQL> -- 把查询出的数据insert到T_TYPE_ARRAY31表中
SQL> DROP TABLE T_TYPE_ARRAY31 IF EXISTS;
0 rows affected
Running time elapsed:      0.00 Seconds
SQL> CREATE TABLE T_TYPE_ARRAY31 AS (SELECT TSMALLINT,TREAL,TCHAR FROM P1000) WITH NO DATA;
0 rows affected
Running time elapsed:      0.31 Seconds
SQL> INSERT INTO T_TYPE_ARRAY31 (SELECT TSMALLINT,TREAL,TCHAR FROM P1000 GROUP BY TSMALLINT, TREAL, TCHAR HAVING TSMALLINT > 300 AND TREAL<100.33 OR TCHAR = 'NBr2nMF7JorJ9LKRZefRKlWj9vR3G8IRC5Wg86OeYzfuMBV7f6');
59357 rows affected
Running time elapsed:     59.24 Seconds
SQL> -- 查看返回结果
SQL> SELECT * FROM T_TYPE_ARRAY31 ORDER BY TSMALLINT LIMIT 10;
+-----------+-------+-----------------------------------------------------------------------------------------------------------------------------------------------------------------------------------------------------------------------------------------------------------------+
| TSMALLINT | TREAL | TCHAR                                                                                                                                                                                                                                                           |
+-----------+-------+-----------------------------------------------------------------------------------------------------------------------------------------------------------------------------------------------------------------------------------------------------------------+
| 303       | 30.11 | ThEwEsNlMSDnRG8mCMZHAGIBlCzn03OXBUXuYt5UtXtscLUN9e                                                                                                                                                                                                              |
| 303       | 38.04 | fR9sXD4UVPbmFyXBekie18nTYVRIpLEBqSysBHFtl5airyXCtc                                                                                                                                                                                                              |
| 303       | 86.51 | aiVwV9Rq2rkNFHE6jSrbkCFxGN5RGAZK15xGpaG8MNDDsM07mv                                                                                                                                                                                                              |
| 303       | 16.58 | jEOnkqlCxHfb3skW7c0RNU1HRimpNZDHl9dKRB1XuMjXTzLrOy                                                                                                                                                                                                              |
| 303       | 38.05 | dtdD9mACUkERUOCMueOso7lJt9iM32YDTTzFpGOMbnaENL3jfY                                                                                                                                                                                                              |
| 303       | 30.43 | FIpfJVlVAi1Rv6u3EteEp1aMFXRxeXcixNUd1otl4RzpBPVe10                                                                                                                                                                                                              |
| 303       | 70.51 | tdV1VCllTRE5uhMzfwE2ToApfJURyXiX95kFPAp1oGMiXSji1P                                                                                                                                                                                                              |
| 303       | 75.6  | JGwRJAkUjGXC2NravD1XAHpYyGhvSrknLUCXX7KhvHsReOFgA0                                                                                                                                                                                                              |
| 303       | 38.35 | oOXsVxENBKy5fEaMqSVIE9n4dReGWeyupPEN1ub5FugURuU4A2                                                                                                                                                                                                              |
| 303       | 16.12 | fH0cDnmeleH0VntsHFHOlkZIzJw28HcHOc3oSHVpgkeTzoU2rF                                                                                                                                                                                                              |
+-----------+-------+-----------------------------------------------------------------------------------------------------------------------------------------------------------------------------------------------------------------------------------------------------------------+
10 rows selected.
Running time elapsed:      8.01 Seconds
SQL> 
SQL> -- 整型，浮点型，日期型3种数据类型组合
SQL> SELECT TSMALLINT,TREAL,TDATE FROM P1000 GROUP BY TSMALLINT, TREAL, TDATE HAVING TSMALLINT> 40 AND TREAL >4000.23 AND TDATE BETWEEN TO_DATE('1979-02-19','YYYY-MM-DD') AND TO_DATE('2010-11-21','YYYY-MM-DD') ORDER BY TSMALLINT LIMIT 10;
+-----------+---------+------------+
| TSMALLINT | TREAL   | TDATE      |
+-----------+---------+------------+
| 70        | 9372.51 | 1981-2-11  |
| 70        | 4735.86 | 2007-4-14  |
| 70        | 5166.64 | 2009-11-19 |
| 70        | 9872.43 | 1987-4-6   |
| 70        | 7182.46 | 1999-5-30  |
| 70        | 5996.82 | 1997-7-11  |
| 70        | 9898.45 | 2005-4-14  |
| 70        | 7228.51 | 2008-9-8   |
| 70        | 5977.35 | 1995-8-16  |
| 70        | 7647.84 | 1987-1-8   |
+-----------+---------+------------+
10 rows selected.
Running time elapsed:      7.43 Seconds
SQL> -- 把查询出的数据insert到T_TYPE_ARRAY32表中
SQL> DROP TABLE T_TYPE_ARRAY32 IF EXISTS;
0 rows affected
Running time elapsed:      0.00 Seconds
SQL> CREATE TABLE T_TYPE_ARRAY32 AS (SELECT TSMALLINT,TREAL,TDATE FROM P1000) WITH NO DATA;
0 rows affected
Running time elapsed:      0.78 Seconds
SQL> INSERT INTO T_TYPE_ARRAY32 (SELECT TSMALLINT,TREAL,TDATE FROM P1000 GROUP BY TSMALLINT, TREAL, TDATE HAVING TSMALLINT> 40 AND TREAL >4000.23  AND TDATE BETWEEN TO_DATE('1979-02-19','YYYY-MM-DD') AND TO_DATE('2010-11-21','YYYY-MM-DD'));
2615997 rows affected
Running time elapsed:     55.53 Seconds
SQL> -- 查看返回结果
SQL> SELECT * FROM T_TYPE_ARRAY32 ORDER BY TSMALLINT LIMIT 10;
+-----------+---------+------------+
| TSMALLINT | TREAL   | TDATE      |
+-----------+---------+------------+
| 70        | 7225.37 | 2006-4-10  |
| 70        | 9508.78 | 2005-11-2  |
| 70        | 9872.51 | 2008-4-9   |
| 70        | 4413.51 | 2006-8-6   |
| 70        | 7208.25 | 1987-8-2   |
| 70        | 6721.3  | 1986-2-4   |
| 70        | 9940.9  | 1994-4-26  |
| 70        | 9099.05 | 1987-2-4   |
| 70        | 7438.49 | 1985-11-23 |
| 70        | 9557.46 | 2004-2-29  |
+-----------+---------+------------+
10 rows selected.
Running time elapsed:     17.86 Seconds
SQL> 
SQL> -- 浮点型，字符型，日期型3种数据类型组合
SQL> SELECT TREAL,TCHAR,TDATE FROM P1000 GROUP BY TREAL,TCHAR, TDATE HAVING TREAL >300.22 AND TCHAR IN ('NBr2nMF7JorJ9LKRZefRKlWj9vR3G8IRC5Wg86OeYzfuMBV7f6','EicGCMKTtawEbtLLWkJuECm9ywDONiUgBqKMS45rfj947v7hAU') AND TDATE >TO_DATE('1979-02-19','YYYY-MM-DD') ORDER BY TDATE LIMIT 10;
0 rows selected.
Running time elapsed:      4.45 Seconds
SQL> -- 把查询出的数据insert到T_TYPE_ARRAY33表中
SQL> DROP TABLE T_TYPE_ARRAY33 IF EXISTS;
0 rows affected
Running time elapsed:      0.00 Seconds
SQL> CREATE TABLE T_TYPE_ARRAY33 AS (SELECT TREAL,TCHAR,TDATE FROM P1000) WITH NO DATA;
0 rows affected
Running time elapsed:      0.32 Seconds
SQL> INSERT INTO T_TYPE_ARRAY33 (SELECT TREAL,TCHAR,TDATE FROM P1000 GROUP BY TREAL,TCHAR, TDATE HAVING TREAL >300.22 AND TCHAR IN ('NBr2nMF7JorJ9LKRZefRKlWj9vR3G8IRC5Wg86OeYzfuMBV7f6','EicGCMKTtawEbtLLWkJuECm9ywDONiUgBqKMS45rfj947v7hAU') AND TDATE >TO_DATE('1979-02-19','YYYY-MM-DD'));
0 rows affected
Running time elapsed:      6.49 Seconds
SQL> -- 查看返回结果
SQL> SELECT * FROM T_TYPE_ARRAY33 ORDER BY TDATE LIMIT 10;
0 rows selected.
Running time elapsed:      0.04 Seconds
SQL> 
SQL> -- 因为布尔型的数据在数据库表里只有一种数据：True，timestamp类型的数据在数据库表里没有重复数据，所以选取余下的11种类型的数据进行组合查询
SQL> SELECT TSMALLINT,TINTEGER,TBIGINT,TREAL,TDOUBLE,TFLOAT,TDECIMAL,TNUMERIC,TDATE,TCHAR,TVARCHAR FROM P1000 GROUP BY TSMALLINT, TINTEGER, TBIGINT, TREAL, TDOUBLE, TFLOAT, TDECIMAL, TNUMERIC, TDATE, TCHAR, TVARCHAR HAVING (TSMALLINT>12 OR TINTEGER>30 OR TBIGINT>400) AND (TREAL>1.1 OR TDOUBLE>2.3 OR TFLOAT>1.2 OR TDECIMAL>2.3 OR TNUMERIC>4.4) AND TDATE >TO_DATE('1999-01-01','YYYY-MM-DD') OR TCHAR ='EicGCMKTtawEbtLLWkJuECm9ywDONiUgBqKMS45rfj947v7hAU' OR TVARCHAR ='jFSa9VH11qZFwAlKFd7ya9TMC6mGmIZIk4jM8rFP8RPXAuFFY1qD3CW08B6ySGqHsKGucfEU7r8KHWmyP3VBnnN0A1PEir6JCSNE' ORDER BY TSMALLINT LIMIT 10;
+-----------+----------+--------------+---------+---------+--------------------+----------+-----------+------------+-----------------------------------------------------------------------------------------------------------------------------------------------------------------------------------------------------------------------------------------------------------------+------------------------------------------------------------------------------------------------------+
| TSMALLINT | TINTEGER | TBIGINT      | TREAL   | TDOUBLE | TFLOAT             | TDECIMAL | TNUMERIC  | TDATE      | TCHAR                                                                                                                                                                                                                                                           | TVARCHAR                                                                                             |
+-----------+----------+--------------+---------+---------+--------------------+----------+-----------+------------+-----------------------------------------------------------------------------------------------------------------------------------------------------------------------------------------------------------------------------------------------------------------+------------------------------------------------------------------------------------------------------+
| 16        | 70878009 | 227810030157 | 8848.15 | 3833.05 | 537.9500122070312  | 5648.12  | 2337.5989 | 2032-9-30  | 2pTd8z9hJMzxBJo87mbfsJOhB9usiIRiiUB9vZGwkj7aA5kHGS                                                                                                                                                                                                              | SuKBBDsERndkUE6XP6RXrM9rpuhy4qRLBM39YCbH0VDiKFk5VVAspfmFJ7CcRCL4R3iLrAshdpwsSb0VfgUV5PvnwRN7J9eIdnCx |
| 16        | 76845241 | 502991521246 | 5989.29 | 4953.57 | 4770.14013671875   | 4029.61  | 7217.458  | 2041-11-24 | qmI5BBuisHKMhkNRcHyG0F7LvSD4gzPxAXniJ8wAfYKbkrw2TX                                                                                                                                                                                                              | mzYeLRA9M2IR6xPeR6pJFRFaV3TTqRZpsveS8DrVpU20VuHsn9DEJie08tlfJdPRHyov2tZwvPL2vKG4iMykLyV80mBiNtEBNr8t |
| 16        | 67865017 | 779657517511 | 1841.5  | 2356.16 | 569.2899780273438  | 1453.67  | 6460.6758 | 2044-7-11  | CtYcqKVlRNF0TaABV6u3VYIFj1HB8XNRJSo8cFrzRvF2SGRgyY                                                                                                                                                                                                              | BauoK4ebmW2Dz7iFn3pntDPLvoZVG1j5ZJbm9DFK8ZFcbdBjdhqhByRwH74cofnGjVqemfRsJaDN2SCb953aLTrrvX5RBRjTvGaa |
| 16        | 76753993 | 966275842518 | 889.7   | 4740.02 | 4809.9501953125    | 3289.0   | 7336.646  | 2012-6-3   | KNXNRScytfjqk7rYCa3wKAKqqYTn9yfEmUbjRjd3DWRaV7SJqt                                                                                                                                                                                                              | 8prth99iVqkxxjiFhhgv87wZlidVK2ZcKvPo2orhCjdkh9sKJ8mfX3iqXvftNVFSiSxdOGqth6DzTlPSNy240ro53hfVElqHT6UX |
| 16        | 72174335 | 508189335021 | 8911.07 | 3729.37 | 356.95001220703125 | 6572.7   | 9361.6149 | 2030-2-26  | A4oVGhD8frbNL6jjhGgFAOzMmfBB2ylMawSCY27hDSi3D4l9BS                                                                                                                                                                                                              | K8MPLFBJUKlH7Znvp23vGoAhBnaP0N4BAonJM5gAq8pMUn1r74wcOhWf6dzouD858qlUDNJVVjyBHzRDn8aB0pDRmIVZq3rZtXD9 |
| 16        | 60245002 | 951068847670 | 4910.96 | 2923.87 | 1142.6099853515625 | 4832.61  | 3660.6312 | 2035-6-28  | AZD1JeAVCLEvdXOGMLW7zI3HhRE6EAjFltHaYXNTOGlR3ZNBFe                                                                                                                                                                                                              | yGwYNnK9bBOoABqCPUlSIsMRGY5XMxREIFVitEakHCfbmtNUR3PxAAaSgFyyDaOtAUBWze0irH3WEeP0NuMBgcVjwHNiEFiceEOn |
| 16        | 84656399 | 733107927924 | 1879.13 | 566.29  | 2356.0400390625    | 8577.46  | 537.2106  | 2044-1-14  | sETsDBJt37KDingnRzKMANxLVDwXjRhbgEPRXjSwnkA98V9h1t                                                                                                                                                                                                              | D28HXaT3RbAKv07h3kCqnPlYWlOwX3kCxyCBxXdtFtAO6R19z2D8bm7q0CPlEPfwop3P9qhlTqT7sKdO6WDBA6C8W7OTssYcVARM |
| 16        | 50580642 | 547881292813 | 6023.11 | 1971.61 | 2463.300048828125  | 5540.12  | 4711.3282 | 2002-6-27  | VAhdHfNHkSJD7TE1GzhbjEDR4MXIL9Jgih2d7qhkfRJWMKpuYO                                                                                                                                                                                                              | GhjwDsXCrLydvEkeOp0YZkdFIOTkWkETKLTSDpXF5ZSNmfY8vAXtbuq7SGzwtEDXFAOTVcjRdMCr0WKKvVdhliVSGaeo8gx7AvkX |
| 16        | 27470349 | 468065994882 | 6407.16 | 5618.02 | 808.4500122070312  | 7225.3   | 6068.0311 | 2038-2-5   | ewGGrxBzmNTTNCDTpKSYT0k9HbZXeukJEs1Ap4Fn7dBW0Zi9YR                                                                                                                                                                                                              | ESOW62KPhZCPMMUbifuzGjFNaRRA6WteFPlAvRwURkoY5FpcyqqVpzxFARf0dANDJbbYs6gF9hiehKMboctXmqBsCJ6x34qC04DE |
| 16        | 77230078 | 52637418899  | 6068.49 | 8833.93 | 330.4200134277344  | 409.93   | 9585.8901 | 2009-3-9   | c9RxMffVd9fVh2zDDwBYnuJuX0FuOT9pd2ew1IrKEfBPn0lZHj                                                                                                                                                                                                              | ziHAyDiRFDtZyHcBEGfDrEALWLWbG5tD8dPhU7VFHlMuUXZlhyvZukxaBGW8hkOjkcJal6SkUCLKXRY7yrqouDGKcXh5XtTKasR9 |
+-----------+----------+--------------+---------+---------+--------------------+----------+-----------+------------+-----------------------------------------------------------------------------------------------------------------------------------------------------------------------------------------------------------------------------------------------------------------+------------------------------------------------------------------------------------------------------+
10 rows selected.
Running time elapsed:      7.69 Seconds
SQL> -- 把查询出的数据insert到T_TYPE_ALL表中
SQL> DROP TABLE T_TYPE_ALL IF EXISTS;
0 rows affected
Running time elapsed:      0.00 Seconds
SQL> CREATE TABLE T_TYPE_ALL AS (SELECT TSMALLINT,TINTEGER,TBIGINT,TREAL,TDOUBLE,TFLOAT,TDECIMAL,TNUMERIC,TDATE,TCHAR,TVARCHAR FROM P1000) WITH NO DATA;
0 rows affected
Running time elapsed:      0.12 Seconds
SQL> INSERT INTO T_TYPE_ALL (SELECT TSMALLINT,TINTEGER,TBIGINT,TREAL,TDOUBLE,TFLOAT,TDECIMAL,TNUMERIC,TDATE,TCHAR,TVARCHAR FROM P1000 GROUP BY TSMALLINT, TINTEGER, TBIGINT, TREAL, TDOUBLE, TFLOAT, TDECIMAL, TNUMERIC, TDATE, TCHAR, TVARCHAR HAVING (TSMALLINT>12 OR TINTEGER>30 OR TBIGINT>400) AND (TREAL>1.1 OR TDOUBLE>2.3 OR TFLOAT>1.2 OR TDECIMAL>2.3 OR TNUMERIC>4.4) AND TDATE >TO_DATE('1999-01-01','YYYY-MM-DD') OR TCHAR ='EicGCMKTtawEbtLLWkJuECm9ywDONiUgBqKMS45rfj947v7hAU' OR TVARCHAR ='jFSa9VH11qZFwAlKFd7ya9TMC6mGmIZIk4jM8rFP8RPXAuFFY1qD3CW08B6ySGqHsKGucfEU7r8KHWmyP3VBnnN0A1PEir6JCSNE');
7182751 rows affected
Running time elapsed:     50.51 Seconds
SQL> -- 查看返回结果
SQL> SELECT * FROM T_TYPE_ALL ORDER BY TSMALLINT LIMIT 10;
+-----------+----------+--------------+---------+---------+-------------------+----------+-----------+------------+-----------------------------------------------------------------------------------------------------------------------------------------------------------------------------------------------------------------------------------------------------------------+------------------------------------------------------------------------------------------------------+
| TSMALLINT | TINTEGER | TBIGINT      | TREAL   | TDOUBLE | TFLOAT            | TDECIMAL | TNUMERIC  | TDATE      | TCHAR                                                                                                                                                                                                                                                           | TVARCHAR                                                                                             |
+-----------+----------+--------------+---------+---------+-------------------+----------+-----------+------------+-----------------------------------------------------------------------------------------------------------------------------------------------------------------------------------------------------------------------------------------------------------------+------------------------------------------------------------------------------------------------------+
| 16        | 61823182 | 120301406191 | 887.13  | 86.61   | 5948.3701171875   | 8615.75  | 460.2122  | 2038-12-18 | LMd1eW18oJFj0HrGiPF18JhvAWFEXZzZTs0Kn5ezuOuRvji7vo                                                                                                                                                                                                              | qU1YtKOpY7wVlSq8YlRpkIgRF8BytAfBUCVdn2sOqcbAteFNNif6r9aExU89CyAx3w3uzRgfnkq8DjM3rqde515ybz4FlgfJNYjU |
| 16        | 40638100 | 737745496435 | 1852.0  | 1165.05 | 640.02001953125   | 7467.62  | 5141.5961 | 2012-6-6   | uw2ElgxbY1UN1CbyGAhZfeowZyhr9GVypAGUr1vt6ErT6UoV2t                                                                                                                                                                                                              | bbDGn5R9Yx06lTRwN9TYNiFyMoGkeo4dcgcVNEIdTaq2bSE7SDKuRvMfleAvYnSZS9c03IPJW2tkePrxdWZRXpLsC0fc5L11F5cv |
| 16        | 41235728 | 725306260934 | 3819.13 | 2029.11 | 3214.070068359375 | 403.05   | 4784.4979 | 2043-9-24  | PR5prh7MfgWGpihjTiuFahlMCDFBANULi8RvfV9VgVRwezB8aT                                                                                                                                                                                                              | ZJ0jsYLnrPzXbRezAPRBeMFp41yiJKWlTRwkSg1RxjEcctYCymUVeHidp1MHB0R6oAt8ABFoht5xCg7i4V7VoXTFdpoG62eUr8ib |
| 16        | 67557598 | 398535283570 | 86.04   | 7228.45 | 4506.2001953125   | 3882.53  | 9954.2946 | 2047-3-25  | GYl1iBZ45qlWnRIvEJvBRB1DmyomJ3i5BRAn7kd6HPWiVnDPHu                                                                                                                                                                                                              | oLwxKPZY5dJt4RRcS8AVLRMZmTFY7bmUE5lxtqwKjUfsrdNAOtJu8ggM346WIsVYoDpYdiVFgFcrDYz2mus3opYWqgmi7tEY81GR |
| 16        | 8643641  | 746783411516 | 1428.45 | 7336.49 | 5795.0498046875   | 5446.07  | 2667.9557 | 2020-5-16  | BKx14ilCS5AnGmbxzpTCxKNFZHDlKucw3yuxDhtRRhwKGnzFCr                                                                                                                                                                                                              | FSbzUsufmG3asjnzV9PHTHhqh2Z3uRYMfJWzaJqrEvIMyjKojqr18JlgaRpCjz77R7YZjaJs1Ilmg8D9PRNDIZxkAosBSqsue2X3 |
| 16        | 43434992 | 52334581858  | 2176.86 | 566.37  | 5972.580078125    | 5201.64  | 5953.1428 | 2029-2-4   | Ax9pkJK4Xx5iODKP8RP4XtVbftJoWjm6MhmTGEByxfHfjTIRk0                                                                                                                                                                                                              | ArVWrvbg9nXb0MLjkpcpSaPpDpDkwDZrhysCfYEzjNAjp9IljssonKLFB9xcADvIbtPzLFOpEaahLFJtgbAx6DqeCCIGITCr6kEm |
| 16        | 8052676  | 49140033416  | 8238.61 | 5489.49 | 2180.1201171875   | 2106.57  | 1104.6314 | 2024-3-25  | q1RvSfzGBiLDveWWTXcLqleptS6OC1x50bBB8H6swpmTdTXulz                                                                                                                                                                                                              | R1BXNl4oY6gsJvWcGDWADS7S733HDGterPD5pMyYsnDXqyZbExDqNDfpHCqCCFMbHAhXN9ALTi0KNKepZsfsj0FMFVLt8d2q0RHF |
| 16        | 56034817 | 257532814645 | 661.27  | 5867.49 | 569.5399780273438 | 2356.82  | 7154.6494 | 1999-10-13 | pCon2skHsLBklg0L4JZ0KXs69fKfhkdqynlbwcwcXzMsuj7weV                                                                                                                                                                                                              | BJGfRtV0JtyiohJowVUngXZbtSyVzdELrBDyHr5igg4cJZHvzOCNdBgk2SqmGAS4Jm6rwDPjkXn9wzhiP45X4DPPybHunW93RG0y |
| 16        | 66925442 | 786996848446 | 4867.67 | 4720.45 | 9583.1201171875   | 3174.46  | 2592.6407 | 2035-5-4   | gHBRkMb9BXCy0T7ZPZqAJifJrnbHMiCb6OaEH1tshZoE1MeAT4                                                                                                                                                                                                              | EEUNBImgavlrFDlchhWJkgYlBeEFtxa6chgJAnRbLlYrNaioLvv1pyowjbAp7VhiNFtZFs7LrzcbLn6kJAvyRuvvU9iyJR43UC4B |
| 16        | 13396233 | 151601085550 | 8773.05 | 7681.03 | 8044.7001953125   | 303.46   | 2619.3061 | 2022-1-25  | IROGxojyhAtGzmiqP14Dk4JR1Ce4VHRshVXUly9RGhY4HfnBXE                                                                                                                                                                                                              | sUlqhzwFMAZz23KlauVE8ztP1ESAtaCWDBVGPAAOHVwl5aAsH1zZNNTnYcN7AKb1uaxyDURPAVSITpBp5weavRaNLJWprj81oXes |
+-----------+----------+--------------+---------+---------+-------------------+----------+-----------+------------+-----------------------------------------------------------------------------------------------------------------------------------------------------------------------------------------------------------------------------------------------------------------+------------------------------------------------------------------------------------------------------+
10 rows selected.
Running time elapsed:      6.86 Seconds
SQL> 
SQL> 
SQL> -- HAVING+函数组合
SQL> SELECT TSMALLINT,SUM(TBIGINT) FROM P1000 GROUP BY TSMALLINT HAVING SUM(TBIGINT) > 50000 ORDER BY TSMALLINT LIMIT 10;
+-----------+------------------+
| TSMALLINT | C2               |
+-----------+------------------+
| 16        | 4912325450733310 |
| 30        | 4826225733719593 |
| 38        | 4851275787208817 |
| 70        | 4888636610704867 |
| 75        | 4950403219202185 |
| 86        | 4906825225999449 |
| 111       | 4907249238077155 |
| 112       | 4989425538798294 |
| 186       | 4814939152087305 |
| 232       | 4921196277629013 |
+-----------+------------------+
10 rows selected.
Running time elapsed:      4.30 Seconds
SQL> -- 把查询出的数据insert到T_TYPE_HAV1表中
SQL> DROP TABLE T_TYPE_HAV1 IF EXISTS;
0 rows affected
Running time elapsed:      0.00 Seconds
SQL> CREATE TABLE T_TYPE_HAV1 AS (SELECT TSMALLINT,SUM(TBIGINT) FROM P1000 GROUP BY TSMALLINT HAVING SUM(TBIGINT) > 50000) WITH DATA;
0 rows affected
Running time elapsed:     25.15 Seconds
SQL> -- 查看返回结果
SQL> SELECT * FROM T_TYPE_HAV1 ORDER BY TSMALLINT LIMIT 10;
+-----------+------------------+
| TSMALLINT | C2               |
+-----------+------------------+
| 16        | 4912325450733310 |
| 30        | 4826225733719593 |
| 38        | 4851275787208817 |
| 70        | 4888636610704867 |
| 75        | 4950403219202185 |
| 86        | 4906825225999449 |
| 111       | 4907249238077155 |
| 112       | 4989425538798294 |
| 186       | 4814939152087305 |
| 232       | 4921196277629013 |
+-----------+------------------+
10 rows selected.
Running time elapsed:      6.69 Seconds
SQL> SELECT TSMALLINT,MAX(TBIGINT) FROM P1000 GROUP BY TSMALLINT HAVING TSMALLINT > 5000 ORDER BY TSMALLINT LIMIT 10;
+-----------+--------------+
| TSMALLINT | C2           |
+-----------+--------------+
| 5013      | 999942286332 |
| 5015      | 999942286332 |
| 5066      | 999942286332 |
| 5083      | 999609967895 |
| 5084      | 999942286332 |
| 5092      | 999942286332 |
| 5098      | 999942286332 |
| 5128      | 999692129793 |
| 5135      | 999692129793 |
| 5141      | 999942286332 |
+-----------+--------------+
10 rows selected.
Running time elapsed:      1.80 Seconds
SQL> -- 把查询出的数据insert到T_TYPE_HAV2表中
SQL> DROP TABLE T_TYPE_HAV2 IF EXISTS;
0 rows affected
Running time elapsed:      0.00 Seconds
SQL> CREATE TABLE T_TYPE_HAV2 AS (SELECT TSMALLINT,MAX(TBIGINT) FROM P1000 GROUP BY TSMALLINT HAVING TSMALLINT > 5000) WITH DATA;
0 rows affected
Running time elapsed:     46.92 Seconds
SQL> -- 查看返回结果
SQL> SELECT * FROM T_TYPE_HAV2 ORDER BY TSMALLINT LIMIT 10;
+-----------+--------------+
| TSMALLINT | C2           |
+-----------+--------------+
| 5013      | 999942286332 |
| 5015      | 999942286332 |
| 5066      | 999942286332 |
| 5083      | 999609967895 |
| 5084      | 999942286332 |
| 5092      | 999942286332 |
| 5098      | 999942286332 |
| 5128      | 999692129793 |
| 5135      | 999692129793 |
| 5141      | 999942286332 |
+-----------+--------------+
10 rows selected.
Running time elapsed:      0.74 Seconds
SQL> SELECT TSMALLINT,AVG(TBIGINT) FROM P1000 GROUP BY TSMALLINT HAVING AVG(TBIGINT) > 500000 ORDER BY TSMALLINT LIMIT 10;
+-----------+--------------------+
| TSMALLINT | C2                 |
+-----------+--------------------+
| 16        | 495493791681.79443 |
| 30        | 488336105809.93555 |
| 38        | 483773014280.8952  |
| 70        | 488277727797.1301  |
| 75        | 488735632264.01276 |
| 86        | 491567343818.8188  |
| 111       | 492152165086.46625 |
| 112       | 489111414449.39655 |
| 186       | 488231510047.3844  |
| 232       | 490794482659.72003 |
+-----------+--------------------+
10 rows selected.
Running time elapsed:     12.84 Seconds
SQL> -- 把查询出的数据insert到T_TYPE_HAV2表中
SQL> DROP TABLE T_TYPE_HAV3 IF EXISTS;
0 rows affected
Running time elapsed:      0.00 Seconds
SQL> CREATE TABLE T_TYPE_HAV3 AS (SELECT TSMALLINT,AVG(TBIGINT) FROM P1000 GROUP BY TSMALLINT HAVING AVG(TBIGINT) > 500000) WITH DATA;
0 rows affected
Running time elapsed:      7.42 Seconds
SQL> -- 查看返回结果
SQL> SELECT * FROM T_TYPE_HAV3 ORDER BY TSMALLINT LIMIT 10;
+-----------+--------------------+
| TSMALLINT | C2                 |
+-----------+--------------------+
| 16        | 495493791681.79443 |
| 30        | 488336105809.93555 |
| 38        | 483773014280.8952  |
| 70        | 488277727797.1301  |
| 75        | 488735632264.01276 |
| 86        | 491567343818.8188  |
| 111       | 492152165086.46625 |
| 112       | 489111414449.39655 |
| 186       | 488231510047.3844  |
| 232       | 490794482659.72003 |
+-----------+--------------------+
10 rows selected.
Running time elapsed:      0.73 Seconds
SQL> SELECT TSMALLINT,TDATE,COUNT (*),SUM (TINTEGER),MAX (TINTEGER),MIN (TINTEGER),AVG (TINTEGER) FROM P1000 GROUP BY TSMALLINT,TDATE HAVING AVG (TINTEGER) < 200000000 AND TDATE > TO_DATE('2019-09-11','YYYY-MM-DD') ORDER BY TSMALLINT LIMIT 10;
+-----------+------------+----+----------+----------+----------+------------+
| TSMALLINT | TDATE      | C3 | C4       | C5       | C6       | C7         |
+-----------+------------+----+----------+----------+----------+------------+
| 16        | 2044-1-23  | 1  | 44013818 | 44013818 | 44013818 | 44013818.0 |
| 16        | 2038-4-4   | 1  | 19608323 | 19608323 | 19608323 | 19608323.0 |
| 16        | 2043-11-10 | 1  | 39175079 | 39175079 | 39175079 | 39175079.0 |
| 16        | 2019-10-27 | 1  | 69006972 | 69006972 | 69006972 | 69006972.0 |
| 16        | 2033-10-24 | 2  | 99139104 | 60219746 | 38919358 | 49569552.0 |
| 16        | 2035-6-27  | 1  | 96658628 | 96658628 | 96658628 | 96658628.0 |
| 16        | 2024-6-26  | 2  | 82849733 | 59013907 | 23835826 | 41424866.5 |
| 16        | 2033-12-13 | 1  | 91345709 | 91345709 | 91345709 | 91345709.0 |
| 16        | 2020-2-10  | 1  | 87825302 | 87825302 | 87825302 | 87825302.0 |
| 16        | 2022-10-26 | 1  | 32282316 | 32282316 | 32282316 | 32282316.0 |
+-----------+------------+----+----------+----------+----------+------------+
10 rows selected.
Running time elapsed:      3.27 Seconds
SQL> -- 把查询出的数据insert到T_TYPE_HAV3表中
SQL> DROP TABLE T_TYPE_HAV4 IF EXISTS;
0 rows affected
Running time elapsed:      0.00 Seconds
SQL> CREATE TABLE T_TYPE_HAV4 AS (SELECT TSMALLINT,TDATE,COUNT (*),SUM (TINTEGER),MAX (TINTEGER),MIN (TINTEGER),AVG (TINTEGER) FROM P1000 GROUP BY TSMALLINT,TDATE HAVING AVG (TINTEGER) < 200000000 AND TDATE > TO_DATE('2019-09-11','YYYY-MM-DD')) WITH DATA;
0 rows affected
Running time elapsed:      9.19 Seconds
SQL> -- 查看返回结果
SQL> SELECT * FROM T_TYPE_HAV4 ORDER BY TSMALLINT LIMIT 10;
+-----------+-----------+----+----------+----------+----------+------------+
| TSMALLINT | TDATE     | C3 | C4       | C5       | C6       | C7         |
+-----------+-----------+----+----------+----------+----------+------------+
| 16        | 2046-9-22 | 1  | 203605   | 203605   | 203605   | 203605.0   |
| 16        | 2027-11-1 | 1  | 62639143 | 62639143 | 62639143 | 62639143.0 |
| 16        | 2019-9-26 | 1  | 62157904 | 62157904 | 62157904 | 62157904.0 |
| 16        | 2042-10-7 | 1  | 79907036 | 79907036 | 79907036 | 79907036.0 |
| 16        | 2024-7-15 | 1  | 33060871 | 33060871 | 33060871 | 33060871.0 |
| 16        | 2041-5-9  | 1  | 95008193 | 95008193 | 95008193 | 95008193.0 |
| 16        | 2025-6-17 | 2  | 73637945 | 61151350 | 12486595 | 36818972.5 |
| 16        | 2045-8-8  | 1  | 97709854 | 97709854 | 97709854 | 97709854.0 |
| 16        | 2032-4-3  | 2  | 79793889 | 73827183 | 5966706  | 39896944.5 |
| 16        | 2023-6-22 | 1  | 38876420 | 38876420 | 38876420 | 38876420.0 |
+-----------+-----------+----+----------+----------+----------+------------+
10 rows selected.
Running time elapsed:      0.98 Seconds
SQL> 
SQL> 
SQL> 
SQL> 
SQL> -- drop创建的表
SQL> DROP TABLE T_TYPE_SMALLINT IF EXISTS;
0 rows affected
Running time elapsed:      0.16 Seconds
SQL> DROP TABLE T_TYPE_INTEGER IF EXISTS;
0 rows affected
Running time elapsed:      0.17 Seconds
SQL> DROP TABLE T_TYPE_BIGINT IF EXISTS;
0 rows affected
Running time elapsed:      0.09 Seconds
SQL> DROP TABLE T_TYPE_REAL IF EXISTS;
0 rows affected
Running time elapsed:      0.07 Seconds
SQL> DROP TABLE T_TYPE_DOUBLE IF EXISTS;
0 rows affected
Running time elapsed:      0.12 Seconds
SQL> DROP TABLE T_TYPE_FLOAT IF EXISTS;
0 rows affected
Running time elapsed:      0.07 Seconds
SQL> DROP TABLE T_TYPE_DECIMAL IF EXISTS;
0 rows affected
Running time elapsed:      0.08 Seconds
SQL> DROP TABLE T_TYPE_NUMERIC IF EXISTS;
0 rows affected
Running time elapsed:      0.07 Seconds
SQL> DROP TABLE T_TYPE_DATE IF EXISTS;
0 rows affected
Running time elapsed:      0.08 Seconds
SQL> DROP TABLE T_TYPE_TIMESTAMP IF EXISTS;
0 rows affected
Running time elapsed:      0.07 Seconds
SQL> DROP TABLE T_TYPE_BOOL IF EXISTS;
0 rows affected
Running time elapsed:      0.07 Seconds
SQL> DROP TABLE T_TYPE_CHAR IF EXISTS;
0 rows affected
Running time elapsed:      0.12 Seconds
SQL> DROP TABLE T_TYPE_VARCHAR IF EXISTS;
0 rows affected
Running time elapsed:      0.12 Seconds
SQL> DROP TABLE T_TYPE_INTS IF EXISTS;
0 rows affected
Running time elapsed:      0.20 Seconds
SQL> DROP TABLE T_TYPE_FLOATS IF EXISTS;
0 rows affected
Running time elapsed:      0.15 Seconds
SQL> DROP TABLE T_TYPE_CHARS IF EXISTS;
0 rows affected
Running time elapsed:      0.13 Seconds
SQL> DROP TABLE T_TYPE_DATES IF EXISTS;
0 rows affected
Running time elapsed:      0.15 Seconds
SQL> DROP TABLE T_TYPE_ARRAY4 IF EXISTS;
0 rows affected
Running time elapsed:      0.17 Seconds
SQL> DROP TABLE T_TYPE_ARRAY21 IF EXISTS;
0 rows affected
Running time elapsed:      0.24 Seconds
SQL> DROP TABLE T_TYPE_ARRAY22 IF EXISTS;
0 rows affected
Running time elapsed:      0.15 Seconds
SQL> DROP TABLE T_TYPE_ARRAY23 IF EXISTS;
0 rows affected
Running time elapsed:      0.16 Seconds
SQL> DROP TABLE T_TYPE_ARRAY31 IF EXISTS;
0 rows affected
Running time elapsed:      0.15 Seconds
SQL> DROP TABLE T_TYPE_ARRAY32 IF EXISTS;
0 rows affected
Running time elapsed:      0.29 Seconds
SQL> DROP TABLE T_TYPE_ARRAY33 IF EXISTS;
0 rows affected
Running time elapsed:      0.15 Seconds
SQL> DROP TABLE T_TYPE_ALL IF EXISTS;
0 rows affected
Running time elapsed:      0.17 Seconds
SQL> DROP TABLE T_TYPE_HAV1 IF EXISTS;
0 rows affected
Running time elapsed:      0.21 Seconds
SQL> DROP TABLE T_TYPE_HAV2 IF EXISTS;
0 rows affected
Running time elapsed:      0.15 Seconds
SQL> DROP TABLE T_TYPE_HAV3 IF EXISTS;
0 rows affected
Running time elapsed:      0.17 Seconds
SQL> DROP TABLE T_TYPE_HAV4 IF EXISTS;
0 rows affected
Running time elapsed:      0.11 Seconds
Running time elapsed:   1170.68 Seconds
SQL> exit
Disconnected.
