SQLCli Release 0.0.58
SQL> connect admin/123456
Database connected.
SQL> start Having.sql
SQL> -- Description：
   > --             LDB专项测试
   > --             1.having 全部类型
   > --             2.insert 到其他表
   > --             3.直接返回结果
   > -- Date：2020-05-09
   > -- Author：李爱敏
SQL> SET ECHO ON
SQL> SET TIMING ON
Running time elapsed:      0.00 Seconds
SQL> 
SQL> -- HAVING语法
   > -- 穷举所有数据类型进行having查询
SQL> SELECT TSMALLINT FROM P1000 GROUP BY TSMALLINT HAVING TSMALLINT > 8498 ORDER BY TSMALLINT LIMIT 10;
+-----------+
| TSMALLINT |
+-----------+
| 8503      |
| 8522      |
| 8526      |
| 8527      |
| 8532      |
| 8539      |
| 8552      |
| 8560      |
| 8577      |
| 8598      |
+-----------+
10 rows selected.
Running time elapsed:      1.50 Seconds
SQL> -- 把查询出的数据insert到T_TYPE_SMALLINT表中
SQL> DROP TABLE T_TYPE_SMALLINT IF EXISTS;
0 rows affected
Running time elapsed:      0.21 Seconds
SQL> CREATE TABLE T_TYPE_SMALLINT AS (SELECT TSMALLINT FROM P1000) WITH NO DATA;
0 rows affected
Running time elapsed:      0.47 Seconds
SQL> INSERT INTO T_TYPE_SMALLINT (SELECT TSMALLINT FROM P1000 GROUP BY TSMALLINT HAVING TSMALLINT > 8498);
133 rows affected
Running time elapsed:      4.15 Seconds
SQL> -- 查看返回结果
SQL> SELECT * FROM T_TYPE_SMALLINT ORDER BY TSMALLINT LIMIT 10;
+-----------+
| TSMALLINT |
+-----------+
| 8503      |
| 8522      |
| 8526      |
| 8527      |
| 8532      |
| 8539      |
| 8552      |
| 8560      |
| 8577      |
| 8598      |
+-----------+
10 rows selected.
Running time elapsed:      0.60 Seconds
SQL> SELECT TINTEGER FROM P1000 GROUP BY TINTEGER HAVING TINTEGER < 94523070 ORDER BY TINTEGER LIMIT 10;
+----------+
| TINTEGER |
+----------+
| 2777     |
| 3358     |
| 4990     |
| 8244     |
| 24674    |
| 36068    |
| 36565    |
| 39351    |
| 40111    |
| 43988    |
+----------+
10 rows selected.
Running time elapsed:      2.12 Seconds
SQL> -- 把查询出的数据insert到T_TYPE_INTEGER表中
SQL> DROP TABLE T_TYPE_INTEGER IF EXISTS;
0 rows affected
Running time elapsed:      0.22 Seconds
SQL> CREATE TABLE T_TYPE_INTEGER AS (SELECT TINTEGER FROM P1000) WITH NO DATA;
0 rows affected
Running time elapsed:      0.33 Seconds
SQL> INSERT INTO T_TYPE_INTEGER (SELECT TINTEGER FROM P1000 GROUP BY TINTEGER HAVING TINTEGER < 94523070);
9499 rows affected
Running time elapsed:      7.34 Seconds
SQL> -- 查看返回结果
SQL> SELECT * FROM T_TYPE_INTEGER ORDER BY TINTEGER LIMIT 10;
+----------+
| TINTEGER |
+----------+
| 2777     |
| 3358     |
| 4990     |
| 8244     |
| 24674    |
| 36068    |
| 36565    |
| 39351    |
| 40111    |
| 43988    |
+----------+
10 rows selected.
Running time elapsed:      0.93 Seconds
SQL> SELECT TBIGINT FROM P1000 GROUP BY TBIGINT HAVING TBIGINT < 977486944212 ORDER BY TBIGINT LIMIT 10;
+-----------+
| TBIGINT   |
+-----------+
| 27770954  |
| 33582059  |
| 49909414  |
| 82449639  |
| 246745776 |
| 360689167 |
| 365656026 |
| 393510421 |
| 401113184 |
| 439883390 |
+-----------+
10 rows selected.
Running time elapsed:      2.04 Seconds
SQL> -- 把查询出的数据insert到T_TYPE_BIGINT表中
SQL> DROP TABLE T_TYPE_BIGINT IF EXISTS;
0 rows affected
Running time elapsed:      0.21 Seconds
SQL> CREATE TABLE T_TYPE_BIGINT AS (SELECT TBIGINT FROM P1000) WITH NO DATA;
0 rows affected
Running time elapsed:      0.51 Seconds
SQL> INSERT INTO T_TYPE_BIGINT (SELECT TBIGINT FROM P1000 GROUP BY TBIGINT HAVING TBIGINT < 977486944212);
9795 rows affected
Running time elapsed:      7.89 Seconds
SQL> -- 查看返回结果
SQL> SELECT * FROM T_TYPE_BIGINT ORDER BY TBIGINT LIMIT 10;
+-----------+
| TBIGINT   |
+-----------+
| 27770954  |
| 33582059  |
| 49909414  |
| 82449639  |
| 246745776 |
| 360689167 |
| 365656026 |
| 393510421 |
| 401113184 |
| 439883390 |
+-----------+
10 rows selected.
Running time elapsed:      0.91 Seconds
SQL> SELECT TREAL FROM P1000 GROUP BY TREAL HAVING TREAL < 9812.82 ORDER BY TREAL LIMIT 10;
+-------+
| TREAL |
+-------+
| 16.0  |
| 16.02 |
| 16.03 |
| 16.04 |
| 16.05 |
| 16.07 |
| 16.08 |
| 16.11 |
| 16.12 |
| 16.13 |
+-------+
10 rows selected.
Running time elapsed:      1.75 Seconds
SQL> -- 把查询出的数据insert到T_TYPE_REAL表中
SQL> DROP TABLE T_TYPE_REAL IF EXISTS;
0 rows affected
Running time elapsed:      0.22 Seconds
SQL> CREATE TABLE T_TYPE_REAL AS (SELECT TREAL FROM P1000) WITH NO DATA;
0 rows affected
Running time elapsed:      0.58 Seconds
SQL> INSERT INTO T_TYPE_REAL (SELECT TREAL FROM P1000 GROUP BY TREAL HAVING TREAL < 9812.82);
55440 rows affected
Running time elapsed:      8.20 Seconds
SQL> -- 查看返回结果
SQL> SELECT * FROM T_TYPE_REAL ORDER BY TREAL LIMIT 10;
+-------+
| TREAL |
+-------+
| 16.0  |
| 16.02 |
| 16.03 |
| 16.04 |
| 16.05 |
| 16.07 |
| 16.08 |
| 16.11 |
| 16.12 |
| 16.13 |
+-------+
10 rows selected.
Running time elapsed:      1.15 Seconds
SQL> SELECT TDOUBLE FROM P1000 GROUP BY TDOUBLE HAVING TDOUBLE > 47.95 ORDER BY TDOUBLE LIMIT 10;
+---------+
| TDOUBLE |
+---------+
| 70.0    |
| 70.02   |
| 70.03   |
| 70.04   |
| 70.05   |
| 70.07   |
| 70.08   |
| 70.11   |
| 70.12   |
| 70.13   |
+---------+
10 rows selected.
Running time elapsed:      2.04 Seconds
SQL> -- 把查询出的数据insert到T_TYPE_DOUBLE表中
SQL> DROP TABLE T_TYPE_DOUBLE IF EXISTS;
0 rows affected
Running time elapsed:      0.22 Seconds
SQL> CREATE TABLE T_TYPE_DOUBLE AS (SELECT TDOUBLE FROM P1000) WITH NO DATA;
0 rows affected
Running time elapsed:      0.50 Seconds
SQL> INSERT INTO T_TYPE_DOUBLE (SELECT TDOUBLE FROM P1000 GROUP BY TDOUBLE HAVING TDOUBLE > 47.95);
56460 rows affected
Running time elapsed:      9.00 Seconds
SQL> -- 查看返回结果
SQL> SELECT * FROM T_TYPE_DOUBLE ORDER BY TDOUBLE LIMIT 10;
+---------+
| TDOUBLE |
+---------+
| 70.0    |
| 70.02   |
| 70.03   |
| 70.04   |
| 70.05   |
| 70.07   |
| 70.08   |
| 70.11   |
| 70.12   |
| 70.13   |
+---------+
10 rows selected.
Running time elapsed:      0.89 Seconds
SQL> SELECT TFLOAT FROM P1000 GROUP BY TFLOAT HAVING TFLOAT > 52.8899 ORDER BY TFLOAT LIMIT 10;
+--------+
| TFLOAT |
+--------+
| 70.0   |
| 70.02  |
| 70.03  |
| 70.04  |
| 70.05  |
| 70.07  |
| 70.08  |
| 70.11  |
| 70.12  |
| 70.13  |
+--------+
10 rows selected.
Running time elapsed:      2.07 Seconds
SQL> -- 把查询出的数据insert到T_TYPE_FLOAT表中
SQL> DROP TABLE T_TYPE_FLOAT IF EXISTS;
0 rows affected
Running time elapsed:      0.20 Seconds
SQL> CREATE TABLE T_TYPE_FLOAT AS (SELECT TFLOAT FROM P1000) WITH NO DATA;
0 rows affected
Running time elapsed:      0.45 Seconds
SQL> INSERT INTO T_TYPE_FLOAT (SELECT TFLOAT FROM P1000 GROUP BY TFLOAT HAVING TFLOAT > 52.8899);
56460 rows affected
Running time elapsed:      7.47 Seconds
SQL> -- 查看返回结果
SQL> SELECT * FROM T_TYPE_FLOAT ORDER BY TFLOAT LIMIT 10;
+--------+
| TFLOAT |
+--------+
| 70.0   |
| 70.02  |
| 70.03  |
| 70.04  |
| 70.05  |
| 70.07  |
| 70.08  |
| 70.11  |
| 70.12  |
| 70.13  |
+--------+
10 rows selected.
Running time elapsed:      0.88 Seconds
SQL> SELECT TDECIMAL FROM P1000 GROUP BY TDECIMAL HAVING TDECIMAL < 9934.32 ORDER BY TDECIMAL LIMIT 10;
+----------+
| TDECIMAL |
+----------+
| 16.0     |
| 16.02    |
| 16.03    |
| 16.04    |
| 16.05    |
| 16.07    |
| 16.08    |
| 16.11    |
| 16.12    |
| 16.13    |
+----------+
10 rows selected.
Running time elapsed:      2.20 Seconds
SQL> -- 把查询出的数据insert到T_TYPE_DECIMAL表中
SQL> DROP TABLE T_TYPE_DECIMAL IF EXISTS;
0 rows affected
Running time elapsed:      0.40 Seconds
SQL> CREATE TABLE T_TYPE_DECIMAL AS (SELECT TDECIMAL FROM P1000) WITH NO DATA;
0 rows affected
Running time elapsed:      0.37 Seconds
SQL> INSERT INTO T_TYPE_DECIMAL (SELECT TDECIMAL FROM P1000 GROUP BY TDECIMAL HAVING TDECIMAL < 9934.32);
56340 rows affected
Running time elapsed:      7.64 Seconds
SQL> -- 查看返回结果
SQL> SELECT * FROM T_TYPE_DECIMAL ORDER BY TDECIMAL LIMIT 10;
+----------+
| TDECIMAL |
+----------+
| 16.0     |
| 16.02    |
| 16.03    |
| 16.04    |
| 16.05    |
| 16.07    |
| 16.08    |
| 16.11    |
| 16.12    |
| 16.13    |
+----------+
10 rows selected.
Running time elapsed:      0.93 Seconds
SQL> SELECT TNUMERIC FROM P1000 GROUP BY TNUMERIC HAVING TNUMERIC > 43.1703 ORDER BY TNUMERIC LIMIT 10;
+----------+
| TNUMERIC |
+----------+
| 70.0016  |
| 70.003   |
| 70.0038  |
| 70.007   |
| 70.0075  |
| 70.0086  |
| 70.0111  |
| 70.0112  |
| 70.0186  |
| 70.0232  |
+----------+
10 rows selected.
Running time elapsed:      1.74 Seconds
SQL> -- 把查询出的数据insert到T_TYPE_NUMERIC表中
SQL> DROP TABLE T_TYPE_NUMERIC IF EXISTS;
0 rows affected
Running time elapsed:      0.21 Seconds
SQL> CREATE TABLE T_TYPE_NUMERIC AS (SELECT TNUMERIC FROM P1000) WITH NO DATA;
0 rows affected
Running time elapsed:      0.45 Seconds
SQL> INSERT INTO T_TYPE_NUMERIC (SELECT TNUMERIC FROM P1000 GROUP BY TNUMERIC HAVING TNUMERIC > 43.1703);
888268 rows affected
Running time elapsed:      8.67 Seconds
SQL> -- 查看返回结果
SQL> SELECT * FROM T_TYPE_NUMERIC ORDER BY TNUMERIC LIMIT 10;
+----------+
| TNUMERIC |
+----------+
| 70.0016  |
| 70.003   |
| 70.0038  |
| 70.007   |
| 70.0075  |
| 70.0086  |
| 70.0111  |
| 70.0112  |
| 70.0186  |
| 70.0232  |
+----------+
10 rows selected.
Running time elapsed:      0.91 Seconds
SQL> SELECT TDATE FROM P1000 GROUP BY TDATE HAVING TDATE BETWEEN TO_DATE('1979-02-19','YYYY-MM-DD') AND TO_DATE('2010-02-19','YYYY-MM-DD') ORDER BY TDATE LIMIT 10;
+-----------+
| TDATE     |
+-----------+
| 1979-2-19 |
| 1979-2-20 |
| 1979-2-21 |
| 1979-2-22 |
| 1979-2-23 |
| 1979-2-24 |
| 1979-2-25 |
| 1979-2-26 |
| 1979-2-27 |
| 1979-2-28 |
+-----------+
10 rows selected.
Running time elapsed:      1.78 Seconds
SQL> -- 把查询出的数据insert到T_TYPE_DATE表中
SQL> DROP TABLE T_TYPE_DATE IF EXISTS;
0 rows affected
Running time elapsed:      0.22 Seconds
SQL> CREATE TABLE T_TYPE_DATE AS (SELECT TDATE FROM P1000) WITH NO DATA;
0 rows affected
Running time elapsed:      0.50 Seconds
SQL> INSERT INTO T_TYPE_DATE (SELECT TDATE FROM P1000 GROUP BY TDATE HAVING TDATE BETWEEN TO_DATE('1979-02-19','YYYY-MM-DD') AND TO_DATE('2010-02-19','YYYY-MM-DD'));
11324 rows affected
Running time elapsed:      7.42 Seconds
SQL> -- 查看返回结果
SQL> SELECT * FROM T_TYPE_DATE ORDER BY TDATE LIMIT 10;
+-----------+
| TDATE     |
+-----------+
| 1979-2-19 |
| 1979-2-20 |
| 1979-2-21 |
| 1979-2-22 |
| 1979-2-23 |
| 1979-2-24 |
| 1979-2-25 |
| 1979-2-26 |
| 1979-2-27 |
| 1979-2-28 |
+-----------+
10 rows selected.
Running time elapsed:      1.20 Seconds
SQL> SELECT TTIMESTAMP FROM P1000 GROUP BY TTIMESTAMP HAVING TTIMESTAMP < TO_TIMESTAMP('2049-08-05 05:40:39.000000','YYYY-MM-DD HH24:MI:SS.FF') ORDER BY TTIMESTAMP LIMIT 10;
+---------------------+
| TTIMESTAMP          |
+---------------------+
| 1979-01-01 00:00:31 |
| 1979-01-01 00:02:27 |
| 1979-01-01 00:08:21 |
| 1979-01-01 00:10:29 |
| 1979-01-01 00:13:48 |
| 1979-01-01 00:17:18 |
| 1979-01-01 00:25:36 |
| 1979-01-01 00:25:59 |
| 1979-01-01 00:26:26 |
| 1979-01-01 00:30:20 |
+---------------------+
10 rows selected.
Running time elapsed:      2.04 Seconds
SQL> -- 把查询出的数据insert到T_TYPE_TIMESTAMP表中
SQL> DROP TABLE T_TYPE_TIMESTAMP IF EXISTS;
0 rows affected
Running time elapsed:      0.21 Seconds
SQL> CREATE TABLE T_TYPE_TIMESTAMP AS (SELECT TTIMESTAMP FROM P1000) WITH NO DATA;
0 rows affected
Running time elapsed:      0.45 Seconds
SQL> INSERT INTO T_TYPE_TIMESTAMP (SELECT TTIMESTAMP FROM P1000 GROUP BY TTIMESTAMP HAVING TTIMESTAMP < TO_TIMESTAMP('2049-08-05 05:40:39.000000','YYYY-MM-DD HH24:MI:SS.FF'));
9920520 rows affected
Running time elapsed:      8.59 Seconds
SQL> -- 查看返回结果
SQL> SELECT * FROM T_TYPE_TIMESTAMP ORDER BY TTIMESTAMP LIMIT 10;
+---------------------+
| TTIMESTAMP          |
+---------------------+
| 1979-01-01 00:00:31 |
| 1979-01-01 00:02:27 |
| 1979-01-01 00:08:21 |
| 1979-01-01 00:10:29 |
| 1979-01-01 00:13:48 |
| 1979-01-01 00:17:18 |
| 1979-01-01 00:25:36 |
| 1979-01-01 00:25:59 |
| 1979-01-01 00:26:26 |
| 1979-01-01 00:30:20 |
+---------------------+
10 rows selected.
Running time elapsed:      1.03 Seconds
SQL> SELECT TBOOL FROM P1000 GROUP BY TBOOL HAVING TBOOL = True ORDER BY TBOOL LIMIT 10;
+-------+
| TBOOL |
+-------+
| True  |
+-------+
1 row selected.
Running time elapsed:      1.73 Seconds
SQL> -- 把查询出的数据insert到T_TYPE_BOOL表中
SQL> DROP TABLE T_TYPE_BOOL IF EXISTS;
0 rows affected
Running time elapsed:      0.21 Seconds
SQL> CREATE TABLE T_TYPE_BOOL AS (SELECT TBOOL FROM P1000) WITH NO DATA;
0 rows affected
Running time elapsed:      0.42 Seconds
SQL> INSERT INTO T_TYPE_BOOL (SELECT TBOOL FROM P1000 GROUP BY TBOOL HAVING TBOOL = True);
1 row affected
Running time elapsed:      2.42 Seconds
SQL> -- 查看返回结果
SQL> SELECT * FROM T_TYPE_BOOL ORDER BY TBOOL LIMIT 10;
+-------+
| TBOOL |
+-------+
| True  |
+-------+
1 row selected.
Running time elapsed:      0.65 Seconds
SQL> SELECT TCHAR FROM P1000 GROUP BY TCHAR HAVING TCHAR = 'NBr2nMF7JorJ9LKRZefRKlWj9vR3G8IRC5Wg86OeYzfuMBV7f6' ORDER BY TCHAR LIMIT 10;
0 rows selected.
Running time elapsed:      1.07 Seconds
SQL> -- 把查询出的数据insert到T_TYPE_CHAR表中
SQL> DROP TABLE T_TYPE_CHAR IF EXISTS;
0 rows affected
Running time elapsed:      0.39 Seconds
SQL> CREATE TABLE T_TYPE_CHAR AS (SELECT TCHAR FROM P1000) WITH NO DATA;
0 rows affected
Running time elapsed:      0.57 Seconds
SQL> INSERT INTO T_TYPE_CHAR (SELECT TCHAR FROM P1000 GROUP BY TCHAR HAVING TCHAR = 'NBr2nMF7JorJ9LKRZefRKlWj9vR3G8IRC5Wg86OeYzfuMBV7f6');
0 rows affected
Running time elapsed:      2.36 Seconds
SQL> -- 查看返回结果
SQL> SELECT * FROM T_TYPE_CHAR ORDER BY TCHAR LIMIT 10;
0 rows selected.
Running time elapsed:      0.20 Seconds
SQL> SELECT TVARCHAR FROM P1000 GROUP BY TVARCHAR HAVING TVARCHAR IN ('1SGYlFg5qlxYSOJm3RZF9KyGeIYMnIx8hJTWtG2Z4ABSpWlDN7pszRqJ2ujWLHfUJIR0UXPxFIDk3SrvURGL0P6qf375DfNyC9nO','LXFlGmwOWyAn4FaGV9xc5KkhInSWCOdM8n6o9PFmInF1w4Z1bnzRK78h2e2PoG83835E4t85ArAyLvIVkBvPnISZSFiG1aR4oeME') ORDER BY TVARCHAR LIMIT 10;
0 rows selected.
Running time elapsed:      1.47 Seconds
SQL> -- 把查询出的数据insert到T_TYPE_VARCHAR表中
SQL> DROP TABLE T_TYPE_VARCHAR IF EXISTS;
0 rows affected
Running time elapsed:      0.20 Seconds
SQL> CREATE TABLE T_TYPE_VARCHAR AS (SELECT TVARCHAR FROM P1000) WITH NO DATA;
0 rows affected
Running time elapsed:      0.32 Seconds
SQL> INSERT INTO T_TYPE_VARCHAR (SELECT TVARCHAR FROM P1000 GROUP BY TVARCHAR HAVING TVARCHAR IN ('1SGYlFg5qlxYSOJm3RZF9KyGeIYMnIx8hJTWtG2Z4ABSpWlDN7pszRqJ2ujWLHfUJIR0UXPxFIDk3SrvURGL0P6qf375DfNyC9nO','LXFlGmwOWyAn4FaGV9xc5KkhInSWCOdM8n6o9PFmInF1w4Z1bnzRK78h2e2PoG83835E4t85ArAyLvIVkBvPnISZSFiG1aR4oeME'));
0 rows affected
Running time elapsed:      2.72 Seconds
SQL> -- 查看返回结果
SQL> SELECT * FROM T_TYPE_VARCHAR ORDER BY TVARCHAR LIMIT 10;
0 rows selected.
Running time elapsed:      0.20 Seconds
SQL> 
SQL> 
SQL> -- 不同数据类型组合进行having查询
   > -- 3种整型数据类型组合
SQL> SELECT TSMALLINT,TINTEGER,TBIGINT FROM P1000 GROUP BY TSMALLINT, TINTEGER,TBIGINT HAVING TSMALLINT > 300 AND TINTEGER > 400 AND TBIGINT > 500 ORDER BY TSMALLINT LIMIT 10;
+-----------+----------+--------------+
| TSMALLINT | TINTEGER | TBIGINT      |
+-----------+----------+--------------+
| 303       | 97587698 | 749668407227 |
| 303       | 44145933 | 742614608426 |
| 303       | 24126175 | 75697446120  |
| 303       | 57545077 | 422141257019 |
| 303       | 61525433 | 717208166063 |
| 303       | 60051011 | 361994546219 |
| 303       | 38690611 | 536652160668 |
| 303       | 78873472 | 423591421783 |
| 303       | 83826575 | 908122948209 |
| 303       | 90879146 | 773729442782 |
+-----------+----------+--------------+
10 rows selected.
Running time elapsed:      1.95 Seconds
SQL> -- 把查询出的数据insert到T_TYPE_INTS表中
SQL> DROP TABLE T_TYPE_INTS IF EXISTS;
0 rows affected
Running time elapsed:      0.21 Seconds
SQL> CREATE TABLE T_TYPE_INTS AS (SELECT TSMALLINT,TINTEGER,TBIGINT FROM P1000) WITH NO DATA;
0 rows affected
Running time elapsed:      0.36 Seconds
SQL> INSERT INTO T_TYPE_INTS (SELECT TSMALLINT,TINTEGER,TBIGINT FROM P1000 GROUP BY TSMALLINT, TINTEGER,TBIGINT HAVING TSMALLINT > 300 AND TINTEGER > 400 AND TBIGINT > 500);
9849103 rows affected
Running time elapsed:      8.73 Seconds
SQL> -- 查看返回结果
SQL> SELECT * FROM T_TYPE_INTS ORDER BY TSMALLINT LIMIT 10;
+-----------+----------+--------------+
| TSMALLINT | TINTEGER | TBIGINT      |
+-----------+----------+--------------+
| 303       | 34467880 | 735987658124 |
| 303       | 75488432 | 468451205564 |
| 303       | 5658239  | 922609424031 |
| 303       | 51739707 | 70170843951  |
| 303       | 20053347 | 282695466506 |
| 303       | 21441877 | 229248986196 |
| 303       | 64923641 | 37603385928  |
| 303       | 79262822 | 303928540511 |
| 303       | 70972708 | 929234866943 |
| 303       | 25877549 | 233429101859 |
+-----------+----------+--------------+
10 rows selected.
Running time elapsed:      1.10 Seconds
SQL> 
SQL> -- 5种浮点型数据类型组合
SQL> SELECT TREAL,TDOUBLE,TFLOAT,TDECIMAL,TNUMERIC FROM P1000 GROUP BY TREAL,TDOUBLE,TFLOAT,TDECIMAL,TNUMERIC HAVING TREAL > 400.22 OR TDOUBLE > 200.22 OR TDECIMAL > 400.11 OR TNUMERIC > 800.11 ORDER BY TREAL LIMIT 10;
+-------+---------+---------+----------+-----------+
| TREAL | TDOUBLE | TFLOAT  | TDECIMAL | TNUMERIC  |
+-------+---------+---------+----------+-----------+
| 16.0  | 3931.5  | 8773.02 | 6721.35  | 6613.5544 |
| 16.0  | 8268.08 | 9317.75 | 2042.82  | 5989.4044 |
| 16.0  | 75.53   | 9583.11 | 8130.61  | 5464.3584 |
| 16.0  | 8288.12 | 2279.29 | 5695.7   | 4051.6236 |
| 16.0  | 1401.4  | 9137.75 | 6720.04  | 6364.0253 |
| 16.0  | 1138.12 | 5166.05 | 6431.25  | 2074.4735 |
| 16.0  | 7217.07 | 2683.75 | 4402.15  | 7320.964  |
| 16.0  | 2697.35 | 5390.05 | 958.53   | 9390.9051 |
| 16.0  | 4548.53 | 4541.73 | 8560.05  | 5587.9238 |
| 16.0  | 2029.82 | 5948.53 | 7154.53  | 8552.836  |
+-------+---------+---------+----------+-----------+
10 rows selected.
Running time elapsed:      2.48 Seconds
SQL> -- 把查询出的数据insert到T_TYPE_FLOATS表中
SQL> DROP TABLE T_TYPE_FLOATS IF EXISTS;
0 rows affected
Running time elapsed:      0.20 Seconds
SQL> CREATE TABLE T_TYPE_FLOATS AS (SELECT TREAL,TDOUBLE,TFLOAT,TDECIMAL,TNUMERIC FROM P1000) WITH NO DATA;
0 rows affected
Running time elapsed:      0.50 Seconds
SQL> INSERT INTO T_TYPE_FLOATS (SELECT TREAL,TDOUBLE,TFLOAT,TDECIMAL,TNUMERIC FROM P1000 GROUP BY TREAL,TDOUBLE,TFLOAT,TDECIMAL,TNUMERIC HAVING TREAL > 400.22 OR TDOUBLE > 200.22 OR TDECIMAL > 400.11 OR TNUMERIC > 800.11);
9999994 rows affected
Running time elapsed:      8.80 Seconds
SQL> -- 查看返回结果
SQL> SELECT * FROM T_TYPE_FLOATS ORDER BY TREAL,TDOUBLE,TFLOAT LIMIT 10;
+-------+---------+---------+----------+-----------+
| TREAL | TDOUBLE | TFLOAT  | TDECIMAL | TNUMERIC  |
+-------+---------+---------+----------+-----------+
| 16.0  | 75.53   | 9583.11 | 8130.61  | 5464.3584 |
| 16.0  | 407.57  | 1108.13 | 6729.75  | 375.3299  |
| 16.0  | 489.21  | 9140.73 | 9508.08  | 2529.8773 |
| 16.0  | 519.07  | 1871.99 | 2463.79  | 9367.9279 |
| 16.0  | 646.57  | 3815.67 | 8639.02  | 8288.4953 |
| 16.0  | 647.13  | 7154.53 | 6068.99  | 3797.2422 |
| 16.0  | 695.02  | 5559.33 | 3882.2   | 4768.8532 |
| 16.0  | 778.27  | 5509.41 | 8522.44  | 9361.9051 |
| 16.0  | 876.82  | 7574.84 | 5529.11  | 186.5201  |
| 16.0  | 927.11  | 2202.16 | 2282.82  | 948.4616  |
+-------+---------+---------+----------+-----------+
10 rows selected.
Running time elapsed:      1.26 Seconds
SQL> 
SQL> -- 2种日期数据类型组合
SQL> SELECT TDATE,TTIMESTAMP FROM P1000 GROUP BY TDATE,TTIMESTAMP HAVING TDATE > TO_DATE('1979-02-19','YYYY-MM-DD') AND TTIMESTAMP > TO_TIMESTAMP('1979-01-21 21:45:16.000000','YYYY-MM-DD HH24:MI:SS.FF') ORDER BY TTIMESTAMP LIMIT 10;
+------------+---------------------+
| TDATE      | TTIMESTAMP          |
+------------+---------------------+
| 1980-10-11 | 1979-01-21 21:52:31 |
| 2005-2-19  | 1979-01-21 21:54:46 |
| 2010-8-28  | 1979-01-21 21:59:50 |
| 2007-7-31  | 1979-01-21 22:01:06 |
| 1992-6-11  | 1979-01-21 22:04:52 |
| 2022-10-18 | 1979-01-21 22:07:01 |
| 2030-5-15  | 1979-01-21 22:13:27 |
| 2001-3-6   | 1979-01-21 22:14:35 |
| 2043-11-5  | 1979-01-21 22:26:24 |
| 2012-1-28  | 1979-01-21 22:29:46 |
+------------+---------------------+
10 rows selected.
Running time elapsed:      2.47 Seconds
SQL> -- 把查询出的数据insert到T_TYPE_DATES表中
SQL> DROP TABLE T_TYPE_DATES IF EXISTS;
0 rows affected
Running time elapsed:      0.24 Seconds
SQL> CREATE TABLE T_TYPE_DATES AS (SELECT TCHAR,TVARCHAR FROM P1000) WITH NO DATA;
0 rows affected
Running time elapsed:      0.35 Seconds
SQL> INSERT INTO T_TYPE_DATES (SELECT TDATE,TTIMESTAMP FROM P1000 GROUP BY TDATE,TTIMESTAMP HAVING TDATE > TO_DATE('1979-02-19','YYYY-MM-DD') AND TTIMESTAMP > TO_TIMESTAMP('1979-01-21 21:45:16.000000','YYYY-MM-DD HH24:MI:SS.FF'));
9972332 rows affected
Running time elapsed:     11.08 Seconds
SQL> -- 查看返回结果
SQL> SELECT * FROM T_TYPE_DATES ORDER BY TCHAR,TVARCHAR LIMIT 10;
+-----------------------------------------------------------------------------------------------------------------------------------------------------------------------------------------------------------------------------------------------------------------+---------------------+
| TCHAR                                                                                                                                                                                                                                                           | TVARCHAR            |
+-----------------------------------------------------------------------------------------------------------------------------------------------------------------------------------------------------------------------------------------------------------------+---------------------+
| 1979-02-20                                                                                                                                                                                                                                                      | 1979-05-12 13:02:07 |
| 1979-02-20                                                                                                                                                                                                                                                      | 1979-11-22 02:35:50 |
| 1979-02-20                                                                                                                                                                                                                                                      | 1980-05-20 05:52:20 |
| 1979-02-20                                                                                                                                                                                                                                                      | 1980-12-25 11:29:33 |
| 1979-02-20                                                                                                                                                                                                                                                      | 1981-01-06 06:46:00 |
| 1979-02-20                                                                                                                                                                                                                                                      | 1981-02-01 17:22:48 |
| 1979-02-20                                                                                                                                                                                                                                                      | 1981-07-12 02:56:39 |
| 1979-02-20                                                                                                                                                                                                                                                      | 1981-07-17 21:35:56 |
| 1979-02-20                                                                                                                                                                                                                                                      | 1981-08-29 21:15:49 |
| 1979-02-20                                                                                                                                                                                                                                                      | 1981-09-20 21:39:21 |
+-----------------------------------------------------------------------------------------------------------------------------------------------------------------------------------------------------------------------------------------------------------------+---------------------+
10 rows selected.
Running time elapsed:      1.17 Seconds
SQL> 
SQL> -- 2种字符数据类型组合
SQL> SELECT TCHAR,TVARCHAR FROM P1000 GROUP BY TCHAR, TVARCHAR HAVING TCHAR = 'NBr2nMF7JorJ9LKRZefRKlWj9vR3G8IRC5Wg86OeYzfuMBV7f6' OR TVARCHAR IN ('1SGYlFg5qlxYSOJm3RZF9KyGeIYMnIx8hJTWtG2Z4ABSpWlDN7pszRqJ2ujWLHfUJIR0UXPxFIDk3SrvURGL0P6qf375DfNyC9nO','LXFlGmwOWyAn4FaGV9xc5KkhInSWCOdM8n6o9PFmInF1w4Z1bnzRK78h2e2PoG83835E4t85ArAyLvIVkBvPnISZSFiG1aR4oeME') ORDER BY TCHAR LIMIT 10;
0 rows selected.
Running time elapsed:      1.48 Seconds
SQL> -- 把查询出的数据insert到T_TYPE_CHARS表中
SQL> DROP TABLE T_TYPE_CHARS IF EXISTS;
0 rows affected
Running time elapsed:      0.21 Seconds
SQL> CREATE TABLE T_TYPE_CHARS AS (SELECT TDATE,TTIMESTAMP FROM P1000) WITH NO DATA;
0 rows affected
Running time elapsed:      0.50 Seconds
SQL> INSERT INTO T_TYPE_CHARS (SELECT TCHAR,TVARCHAR FROM P1000 GROUP BY TCHAR, TVARCHAR HAVING TCHAR = 'NBr2nMF7JorJ9LKRZefRKlWj9vR3G8IRC5Wg86OeYzfuMBV7f6' OR TVARCHAR IN ('1SGYlFg5qlxYSOJm3RZF9KyGeIYMnIx8hJTWtG2Z4ABSpWlDN7pszRqJ2ujWLHfUJIR0UXPxFIDk3SrvURGL0P6qf375DfNyC9nO','LXFlGmwOWyAn4FaGV9xc5KkhInSWCOdM8n6o9PFmInF1w4Z1bnzRK78h2e2PoG83835E4t85ArAyLvIVkBvPnISZSFiG1aR4oeME'));
0 rows affected
Running time elapsed:      2.27 Seconds
SQL> -- 查看返回结果
SQL> SELECT * FROM T_TYPE_CHARS ORDER BY TDATE,TTIMESTAMP LIMIT 10;
0 rows selected.
Running time elapsed:      0.24 Seconds
SQL> 
SQL> -- 整型，浮点型，字符型，日期类型4种数据类型组合
SQL> SELECT TBIGINT,TDOUBLE,TCHAR,TDATE FROM P1000 GROUP BY TBIGINT, TDOUBLE, TCHAR,TDATE HAVING TBIGINT > 500 OR TDOUBLE < 400.22 OR TCHAR IN ('NBr2nMF7JorJ9LKRZefRKlWj9vR3G8IRC5Wg86OeYzfuMBV7f6','EicGCMKTtawEbtLLWkJuECm9ywDONiUgBqKMS45rfj947v7hAU') AND TDATE BETWEEN TO_DATE('1979-02-19','YYYY-MM-DD') AND TO_DATE('2010-11-21','YYYY-MM-DD') ORDER BY TBIGINT LIMIT 10;
+----------+---------+-----------------------------------------------------------------------------------------------------------------------------------------------------------------------------------------------------------------------------------------------------------------+------------+
| TBIGINT  | TDOUBLE | TCHAR                                                                                                                                                                                                                                                           | TDATE      |
+----------+---------+-----------------------------------------------------------------------------------------------------------------------------------------------------------------------------------------------------------------------------------------------------------------+------------+
| 27770954 | 4740.67 | kmVnungsyRi93jwDjgM0dnXWqnv2kWi7nsjAqGoSbSrmRILizH                                                                                                                                                                                                              | 2039-11-28 |
| 27770954 | 7616.43 | TFvCZGcMD7KAgfvoAZraTuUj4qPqJCwkJriZx4YfA3Wn5J4rFZ                                                                                                                                                                                                              | 2000-6-15  |
| 27770954 | 3197.79 | HwD3IwY4FIHBhfKoXRPymYdxGkKagS74H2wBP4wUB5EzcBWurR                                                                                                                                                                                                              | 2013-1-19  |
| 27770954 | 7802.19 | 7Ic6F0ojKLmNlpoUF42j8EKjfyJobjsmZydLfGaVsk9kxL4ugG                                                                                                                                                                                                              | 2003-12-8  |
| 27770954 | 5544.75 | qoofdzx4oRd6R01eqs3ZF0ZcJYWDh4AFRznwXaODCwJurALnaH                                                                                                                                                                                                              | 1991-4-17  |
| 27770954 | 3345.96 | e5MnwuKtw0B1WfzgHMSEofX2sXUBYr57ZrU8ZxOtIHjaPwTh30                                                                                                                                                                                                              | 2012-8-28  |
| 27770954 | 5098.08 | 0RKWyLyO7f2265s2rnmujTmXF0vM44w8vitmbJVjWG9RE0JdAt                                                                                                                                                                                                              | 2041-11-20 |
| 27770954 | 355.49  | 5R2HRU5SUdLjMLdRDcDXBreXxRhIuvoXi12rvdLEky6HLARAf9                                                                                                                                                                                                              | 1986-9-23  |
| 27770954 | 8410.67 | Jdo9Xd1eezpH2gVnTZvhNDIPnGTRf408H78xsAuElbCjO7MUSt                                                                                                                                                                                                              | 2005-3-16  |
| 27770954 | 4242.93 | 4oaULtoODkFCMkBY6OS8Wq1g8oCCHFv6Rr4C5q3ZSRDlosxHn1                                                                                                                                                                                                              | 2034-8-22  |
+----------+---------+-----------------------------------------------------------------------------------------------------------------------------------------------------------------------------------------------------------------------------------------------------------------+------------+
10 rows selected.
Running time elapsed:      2.01 Seconds
SQL> -- 把查询出的数据insert到T_TYPE_ARRAY4表中
SQL> DROP TABLE T_TYPE_ARRAY4 IF EXISTS;
0 rows affected
Running time elapsed:      0.20 Seconds
SQL> CREATE TABLE T_TYPE_ARRAY4 AS (SELECT TBIGINT,TDOUBLE,TCHAR,TDATE FROM P1000) WITH NO DATA;
0 rows affected
Running time elapsed:      0.48 Seconds
SQL> INSERT INTO T_TYPE_ARRAY4 (SELECT TBIGINT,TDOUBLE,TCHAR,TDATE FROM P1000 GROUP BY TBIGINT, TDOUBLE, TCHAR,TDATE HAVING TBIGINT > 500 OR TDOUBLE < 400.22 OR TCHAR IN ('NBr2nMF7JorJ9LKRZefRKlWj9vR3G8IRC5Wg86OeYzfuMBV7f6','EicGCMKTtawEbtLLWkJuECm9ywDONiUgBqKMS45rfj947v7hAU') AND TDATE BETWEEN TO_DATE('1979-02-19','YYYY-MM-DD') AND TO_DATE('2010-11-21','YYYY-MM-DD'));
10000000 rows affected
Running time elapsed:      9.12 Seconds
SQL> -- 查看返回结果
SQL> SELECT * FROM T_TYPE_ARRAY4 ORDER BY TBIGINT,TDOUBLE,TCHAR LIMIT 10;
+----------+---------+-----------------------------------------------------------------------------------------------------------------------------------------------------------------------------------------------------------------------------------------------------------------+------------+
| TBIGINT  | TDOUBLE | TCHAR                                                                                                                                                                                                                                                           | TDATE      |
+----------+---------+-----------------------------------------------------------------------------------------------------------------------------------------------------------------------------------------------------------------------------------------------------------------+------------+
| 27770954 | 16.02   | Lrt059AHPtP5XapR0Yi7Ti7gpy8YxmHg8tUO5jKERjFRJeCkF5                                                                                                                                                                                                              | 2024-3-31  |
| 27770954 | 16.25   | ABF33nte6i19WSTzxzR4OFMz1e1559mxLfdA9RHXFW3izgfYIR                                                                                                                                                                                                              | 2025-7-13  |
| 27770954 | 16.5    | ulM2SJIXj6yUvFkT7Bg7RTXBWKf5FAOfaJUYlpjkha7JCKNCph                                                                                                                                                                                                              | 2022-5-26  |
| 27770954 | 38.62   | fYUwDYmHYRPMv2A9vy0zi8blL03AxppIMI7EnDEdqhxVUefbyh                                                                                                                                                                                                              | 2010-4-16  |
| 27770954 | 38.95   | vPRfy5LdoxeYisxayXd6sWcm8L5TUzVtFtBHN410qN8G5TLleW                                                                                                                                                                                                              | 2025-11-22 |
| 27770954 | 86.67   | TuADGAWJywneZJwxuPGi4oSRuKdcE1kImyAytAKRSmw9AMIzyr                                                                                                                                                                                                              | 2018-6-28  |
| 27770954 | 111.6   | bNtoOFb63T18EuWbWEiZL4GvpV0y6P5Zn8eFfayqlEmjyocA2W                                                                                                                                                                                                              | 1989-3-1   |
| 27770954 | 111.67  | kmLcVzcAE4aE7o7639xRbyBqNC4mYALD8R76vzFvFkHMO2CueR                                                                                                                                                                                                              | 2013-9-27  |
| 27770954 | 112.7   | TuXek6Rmg4RpW2tIekfB7WsD3gwzwhCpNeHhbOZaFstiBUKBF8                                                                                                                                                                                                              | 1998-5-29  |
| 27770954 | 186.03  | mCiD1pLk2HRIu58LqMRKzTM704lSvGANdKIwsVx7sHPFD12VIW                                                                                                                                                                                                              | 1988-1-20  |
+----------+---------+-----------------------------------------------------------------------------------------------------------------------------------------------------------------------------------------------------------------------------------------------------------------+------------+
10 rows selected.
Running time elapsed:      1.38 Seconds
SQL> 
SQL> -- 整型，浮点型2种数据类型组合
SQL> SELECT TSMALLINT,TREAL FROM P1000 GROUP BY TSMALLINT, TREAL HAVING TSMALLINT >30 AND TREAL > 40.34 ORDER BY TSMALLINT LIMIT 10;
+-----------+---------+
| TSMALLINT | TREAL   |
+-----------+---------+
| 38        | 9049.75 |
| 38        | 5345.43 |
| 38        | 4737.3  |
| 38        | 8639.3  |
| 38        | 2230.96 |
| 38        | 612.02  |
| 38        | 5935.12 |
| 38        | 6351.67 |
| 38        | 6708.43 |
| 38        | 6369.05 |
+-----------+---------+
10 rows selected.
Running time elapsed:      1.95 Seconds
SQL> -- 把查询出的数据insert到T_TYPE_ARRAY21表中
SQL> DROP TABLE T_TYPE_ARRAY21 IF EXISTS;
0 rows affected
Running time elapsed:      0.20 Seconds
SQL> CREATE TABLE T_TYPE_ARRAY21 AS (SELECT TSMALLINT,TREAL FROM P1000) WITH NO DATA;
0 rows affected
Running time elapsed:      0.37 Seconds
SQL> INSERT INTO T_TYPE_ARRAY21 (SELECT TSMALLINT,TREAL FROM P1000 GROUP BY TSMALLINT, TREAL HAVING TSMALLINT >30 AND TREAL > 40.34);
8768421 rows affected
Running time elapsed:      9.55 Seconds
SQL> SELECT * FROM T_TYPE_ARRAY21 ORDER BY TSMALLINT LIMIT 10;
+-----------+---------+
| TSMALLINT | TREAL   |
+-----------+---------+
| 38        | 3289.35 |
| 38        | 3689.41 |
| 38        | 824.57  |
| 38        | 9923.33 |
| 38        | 1618.6  |
| 38        | 5618.19 |
| 38        | 9390.07 |
| 38        | 2150.95 |
| 38        | 5961.37 |
| 38        | 1109.96 |
+-----------+---------+
10 rows selected.
Running time elapsed:      0.99 Seconds
SQL> 
SQL> -- 整型，字符型2种数据类型组合
SQL> SELECT TINTEGER,TVARCHAR FROM P1000 GROUP BY TINTEGER, TVARCHAR HAVING TINTEGER > 200 AND TVARCHAR NOT IN ('1SGYlFg5qlxYSOJm3RZF9KyGeIYMnIx8hJTWtG2Z4ABSpWlDN7pszRqJ2ujWLHfUJIR0UXPxFIDk3SrvURGL0P6qf375DfNyC9nO','LXFlGmwOWyAn4FaGV9xc5KkhInSWCOdM8n6o9PFmInF1w4Z1bnzRK78h2e2PoG83835E4t85ArAyLvIVkBvPnISZSFiG1aR4oeME') ORDER BY TINTEGER LIMIT 10;
+----------+------------------------------------------------------------------------------------------------------+
| TINTEGER | TVARCHAR                                                                                             |
+----------+------------------------------------------------------------------------------------------------------+
| 2777     | LjqoGZKEC6ZDDkLOtHeYyrB39Fj5Gd8VKuTe2cmyUeTMxDla9RYTZLgAcmgvNt9T2v0plfe4DFIt2NMWEIFXMGGF9ZTHZJI5gRhi |
| 2777     | Ia1n9XeL4VdPx1kR8Mw1OJO47fEGchhRgTTiCrmDhU7cEgUi8CFypzqvzGH5e97cJPV2k2gReyvJNWlFwjrMdFkHUuFLC0Crh3PR |
| 2777     | TRIkCX3U04fh2fcEyMXgG7wvufhE4Yg0DZyHTEvXAe9GATM9rWy4KoILKaJxRxeDVm1bLjXqYmnZoSHrbuARaV2v2liwh9K49NuP |
| 2777     | SjuVL8liNZEa51uyyeBuiJnGlqoEcxuXYnqd8RRBHPk4Sjcld5k0feR2L9uXnS3qNHaIwTARw1dMurDBRJq3P1ZOvRubzDJ73gON |
| 2777     | 8uv8en9KYDGtky8qYzPFkF3KcOHpEAjjfbxLfKFqKo3kk7B0j3j4tDT7UIgyEFFqfnRP3bF49JYERBUlP5OjE14ShOwPuIl6hGCc |
| 2777     | yhao8WVvNEMM9p1bzrZtAMnPZIvo2MwzeJalaSbO5DCORE9Ys7LOaVn8kh7hAvRcvCMAHC3XlNNGke4UKbcZ1P284TCAhgC85Vxb |
| 2777     | vS4ikkVfzImNAA290uxVkHARs6aqJJPk2w8L44trK1O5M889jMdL82maAOtmfrkvDX0IzslGrttaJgdCBwKltDgE81gr3Zce0Vdk |
| 2777     | Pl7EG6ipxrebFoffCDYn7OKhwBhExoHWPxzGJn9RwwVu3zqxICzYrFgbSs21yMLdJ3RLsjbNM8gCmg3GjH9ugiMOBo2uFx4gURtR |
| 2777     | iLSzK2L6Dpdg5b7CDchNXaOx3Lyc32z7vwNnEODF8Phbh9B2eGDa89vbi8VvOC12H6OHzYoK55VoxmHu1i3HEnjXiUX4tIO3roHR |
| 2777     | TMFwRxfAKf4k0gJIVIgFc80rlhNOviiFiBpVotMYu0qgpjjuWE0gdC9w99yqhEXerjc4ZMrebNNdROfy6F08RIOJKLIbyiLHVR0l |
+----------+------------------------------------------------------------------------------------------------------+
10 rows selected.
Running time elapsed:      2.75 Seconds
SQL> -- 把查询出的数据insert到T_TYPE_ARRAY22表中
SQL> DROP TABLE T_TYPE_ARRAY22 IF EXISTS;
0 rows affected
Running time elapsed:      0.13 Seconds
SQL> CREATE TABLE T_TYPE_ARRAY22 AS (SELECT TINTEGER,TVARCHAR FROM P1000) WITH NO DATA;
0 rows affected
Running time elapsed:      0.44 Seconds
SQL> INSERT INTO T_TYPE_ARRAY22 (SELECT TINTEGER,TVARCHAR FROM P1000 GROUP BY TINTEGER, TVARCHAR HAVING TINTEGER > 200 AND TVARCHAR NOT IN ('1SGYlFg5qlxYSOJm3RZF9KyGeIYMnIx8hJTWtG2Z4ABSpWlDN7pszRqJ2ujWLHfUJIR0UXPxFIDk3SrvURGL0P6qf375DfNyC9nO','LXFlGmwOWyAn4FaGV9xc5KkhInSWCOdM8n6o9PFmInF1w4Z1bnzRK78h2e2PoG83835E4t85ArAyLvIVkBvPnISZSFiG1aR4oeME'));
9515664 rows affected
Running time elapsed:      8.40 Seconds
SQL> -- 查看返回结果
SQL> SELECT * FROM T_TYPE_ARRAY22 ORDER BY TINTEGER LIMIT 10;
+----------+------------------------------------------------------------------------------------------------------+
| TINTEGER | TVARCHAR                                                                                             |
+----------+------------------------------------------------------------------------------------------------------+
| 2777     | LrNhW22RVSSdrLohvb1lW7RuPk6DmZksqR2LCrBgfGvALJTGGxDywrICDqHz2XxlpMwaArYGRq0drE9irxRV5IAUG26kctHC3uf1 |
| 2777     | shaD85ClKekaI3uRwGTADufNfNSITARCsyEBE1CROMBLaUNBgrXDiPSxCB1qBRsCvdugakXCgqjvtLuiCjsmUk5PKyCTAU17C8Dx |
| 2777     | Hw35ETxltU19yR6elE246C97DNhDdOIVjddomueYVxpfLSSz8pqc6cbJ3oiF2PUPWfXsXC38h9B8caaiLFlFVnrjSGKvqSrqHJgW |
| 2777     | YLoHpqH6Ls3y1ePg02Ti2orGAbHUEaPJ9nWzgNThAaE4Yvc8nE3eJRh7fiR5nbdjTNmTCyjfxESNH7pRPACkED5ciP7BtZalJOXG |
| 2777     | EiXkMyretUOknUdA43IrBaEIsw3vLoMPnJS9DK9aprlRRKy7uefUW68SwUERCcjqh1A9Vl2nBPH0E8dE3wHUeUGgtFlTPY4HgDHO |
| 2777     | TPUNJEnfS15aqPEqWyrmt7l1kB7MHBfS7D5OFiYBw8XfszoVnJkjSDGBZ6YP5N1x8GDJ4lOc6Se96oHKdWRhRizShbwpLBxbNP4L |
| 2777     | grVyvcJGBCgj6KF7IsgfkV7ttfaFaxSvfy52bJF11htPzba2i8sesCUnWjd2VKveohRrfFooxhYV0RzMmCNm1mEUIVLgUFRaE3pi |
| 2777     | waDcP7xWwzRp3fE6KbkAA4VByA3U15RgiZC7Rpo7qmbhD8mTwhXFJ2vaFnGSFhqdC2rB2xRHfW6ItwjWnAZZbO8XnEzwG8iJZbar |
| 2777     | jDcNt99dXsVsOEW2jEy5ON9EqiRdlWKSMnBhxEmnbaGS2swgmm5V1O7gfdGZaWousCq0xts62Rnl4HRCtSMdPcke6vhNEo3BacOT |
| 2777     | v1FucuMCHEs1eqiqbflqSEWr4rFs3ndMj9OyOzTAeMLNZezSPeRqXouJ33njpLOZnjgmKRxLSag8pPrXd9T7HivGd7FnzkpaofxF |
+----------+------------------------------------------------------------------------------------------------------+
10 rows selected.
Running time elapsed:      1.71 Seconds
SQL> 
SQL> -- 整型，日期型2种数据类型组合
SQL> SELECT TBIGINT,TDATE FROM P1000 GROUP BY TBIGINT, TDATE HAVING TBIGINT > 400 AND TDATE > TO_DATE('1979-02-19','YYYY-MM-DD HH24:MI:SS') ORDER BY TBIGINT LIMIT 10;
0 rows selected.
Running time elapsed:      1.17 Seconds
SQL> -- 把查询出的数据insert到T_TYPE_ARRAY23表中
SQL> DROP TABLE T_TYPE_ARRAY23 IF EXISTS;
0 rows affected
Running time elapsed:      0.19 Seconds
SQL> CREATE TABLE T_TYPE_ARRAY23 AS (SELECT TBIGINT,TDATE FROM P1000) WITH NO DATA;
0 rows affected
Running time elapsed:      0.47 Seconds
SQL> INSERT INTO T_TYPE_ARRAY23 (SELECT TBIGINT,TDATE FROM P1000 GROUP BY TBIGINT, TDATE HAVING TBIGINT > 400 AND TDATE > TO_DATE('1979-02-19','YYYY-MM-DD HH24:MI:SS'));
0 rows affected
Running time elapsed:      2.63 Seconds
SQL> -- 查看返回结果
SQL> SELECT * FROM T_TYPE_ARRAY23 ORDER BY TBIGINT LIMIT 10;
0 rows selected.
Running time elapsed:      0.21 Seconds
SQL> 
SQL> -- 整型，浮点型，字符型3种数据类型组合
SQL> SELECT TSMALLINT,TREAL,TCHAR FROM P1000 GROUP BY TSMALLINT, TREAL, TCHAR HAVING TSMALLINT > 300 AND TREAL<100.33 OR TCHAR = 'NBr2nMF7JorJ9LKRZefRKlWj9vR3G8IRC5Wg86OeYzfuMBV7f6' ORDER BY TSMALLINT LIMIT 10;
+-----------+-------+-----------------------------------------------------------------------------------------------------------------------------------------------------------------------------------------------------------------------------------------------------------------+
| TSMALLINT | TREAL | TCHAR                                                                                                                                                                                                                                                           |
+-----------+-------+-----------------------------------------------------------------------------------------------------------------------------------------------------------------------------------------------------------------------------------------------------------------+
| 303       | 30.05 | LeUrChaPy9VSSjHmURUFPl8q00MeLSMWOBIYRf4JW1DUzS5Clz                                                                                                                                                                                                              |
| 303       | 30.43 | FIpfJVlVAi1Rv6u3EteEp1aMFXRxeXcixNUd1otl4RzpBPVe10                                                                                                                                                                                                              |
| 303       | 16.58 | jEOnkqlCxHfb3skW7c0RNU1HRimpNZDHl9dKRB1XuMjXTzLrOy                                                                                                                                                                                                              |
| 303       | 86.99 | kXjr6eeJTg9fPnYihq33ZcwOwXNH3D79B0DlI2jZEcwb9nqDCq                                                                                                                                                                                                              |
| 303       | 70.58 | fcCEt6EAfSrzcv961asfd05swEFrXY2w9WiBn6E8k3kKnMkhpz                                                                                                                                                                                                              |
| 303       | 38.61 | LOF7nvP0oC3vCgsiitDOX4SwDLUrPKXHD07gvsDloD44EbLURA                                                                                                                                                                                                              |
| 303       | 16.16 | pI7lp5eo5LpwXO14F6XaXtP56aRoAfv8jZG9VvLlWZWCVCieHN                                                                                                                                                                                                              |
| 303       | 70.69 | vkqFLyS9FSm7IjBtHy9BRDvzuBqyZ8qGjyatMyLmp3FJnMb0w8                                                                                                                                                                                                              |
| 303       | 30.02 | LofLZgd1aulfLPc7gmLRRUYEgN0RR2OW3vptRjC4IvLCEfOlAP                                                                                                                                                                                                              |
| 303       | 38.25 | bkZylBNoO0KXYVihCPYtFhYqEdprMAU1Y5fMI2JBXBjHAqvNp1                                                                                                                                                                                                              |
+-----------+-------+-----------------------------------------------------------------------------------------------------------------------------------------------------------------------------------------------------------------------------------------------------------------+
10 rows selected.
Running time elapsed:      1.61 Seconds
SQL> -- 把查询出的数据insert到T_TYPE_ARRAY31表中
SQL> DROP TABLE T_TYPE_ARRAY31 IF EXISTS;
0 rows affected
Running time elapsed:      0.21 Seconds
SQL> CREATE TABLE T_TYPE_ARRAY31 AS (SELECT TSMALLINT,TREAL,TCHAR FROM P1000) WITH NO DATA;
0 rows affected
Running time elapsed:      0.60 Seconds
SQL> INSERT INTO T_TYPE_ARRAY31 (SELECT TSMALLINT,TREAL,TCHAR FROM P1000 GROUP BY TSMALLINT, TREAL, TCHAR HAVING TSMALLINT > 300 AND TREAL<100.33 OR TCHAR = 'NBr2nMF7JorJ9LKRZefRKlWj9vR3G8IRC5Wg86OeYzfuMBV7f6');
59357 rows affected
Running time elapsed:      7.27 Seconds
SQL> -- 查看返回结果
SQL> SELECT * FROM T_TYPE_ARRAY31 ORDER BY TSMALLINT LIMIT 10;
+-----------+-------+-----------------------------------------------------------------------------------------------------------------------------------------------------------------------------------------------------------------------------------------------------------------+
| TSMALLINT | TREAL | TCHAR                                                                                                                                                                                                                                                           |
+-----------+-------+-----------------------------------------------------------------------------------------------------------------------------------------------------------------------------------------------------------------------------------------------------------------+
| 303       | 86.51 | aiVwV9Rq2rkNFHE6jSrbkCFxGN5RGAZK15xGpaG8MNDDsM07mv                                                                                                                                                                                                              |
| 303       | 70.93 | Rf8nTWRcWjcXhTcOslBvEDsvLBEd5MEaFt9RLtGpFoJruf4CNo                                                                                                                                                                                                              |
| 303       | 30.11 | ThEwEsNlMSDnRG8mCMZHAGIBlCzn03OXBUXuYt5UtXtscLUN9e                                                                                                                                                                                                              |
| 303       | 30.43 | FIpfJVlVAi1Rv6u3EteEp1aMFXRxeXcixNUd1otl4RzpBPVe10                                                                                                                                                                                                              |
| 303       | 30.54 | Bx8CjxPZruaWSXCm6bkHSvYiRr6IxH25cuCSo2i5a8r6e0AB8n                                                                                                                                                                                                              |
| 303       | 38.35 | oOXsVxENBKy5fEaMqSVIE9n4dReGWeyupPEN1ub5FugURuU4A2                                                                                                                                                                                                              |
| 303       | 30.96 | hpnjWNTluG3tj6GsXa6bsbIKy6hU8FTVvMXNqxDsiXzniadlrA                                                                                                                                                                                                              |
| 303       | 86.07 | P45aqBkcHbLuBCtGa5I67RbSCEBjZWuycx9fjm8L6DSPoKqES0                                                                                                                                                                                                              |
| 303       | 16.58 | jEOnkqlCxHfb3skW7c0RNU1HRimpNZDHl9dKRB1XuMjXTzLrOy                                                                                                                                                                                                              |
| 303       | 38.04 | fR9sXD4UVPbmFyXBekie18nTYVRIpLEBqSysBHFtl5airyXCtc                                                                                                                                                                                                              |
+-----------+-------+-----------------------------------------------------------------------------------------------------------------------------------------------------------------------------------------------------------------------------------------------------------------+
10 rows selected.
Running time elapsed:      0.99 Seconds
SQL> 
SQL> -- 整型，浮点型，日期型3种数据类型组合
SQL> SELECT TSMALLINT,TREAL,TDATE FROM P1000 GROUP BY TSMALLINT, TREAL, TDATE HAVING TSMALLINT> 40 AND TREAL >4000.23 AND TDATE BETWEEN TO_DATE('1979-02-19','YYYY-MM-DD') AND TO_DATE('2010-11-21','YYYY-MM-DD') ORDER BY TSMALLINT,TREAL,TDATE LIMIT 10;
+-----------+---------+-----------+
| TSMALLINT | TREAL   | TDATE     |
+-----------+---------+-----------+
| 70        | 4002.13 | 2000-9-1  |
| 70        | 4002.51 | 2009-9-3  |
| 70        | 4002.93 | 2006-8-28 |
| 70        | 4003.04 | 1997-7-18 |
| 70        | 4003.04 | 2009-3-1  |
| 70        | 4003.07 | 1980-5-31 |
| 70        | 4003.42 | 1991-6-7  |
| 70        | 4003.42 | 1999-7-13 |
| 70        | 4003.7  | 1996-2-20 |
| 70        | 4012.37 | 1991-5-16 |
+-----------+---------+-----------+
10 rows selected.
Running time elapsed:      1.97 Seconds
SQL> -- 把查询出的数据insert到T_TYPE_ARRAY32表中
SQL> DROP TABLE T_TYPE_ARRAY32 IF EXISTS;
0 rows affected
Running time elapsed:      0.21 Seconds
SQL> CREATE TABLE T_TYPE_ARRAY32 AS (SELECT TSMALLINT,TREAL,TDATE FROM P1000) WITH NO DATA;
0 rows affected
Running time elapsed:      0.60 Seconds
SQL> INSERT INTO T_TYPE_ARRAY32 (SELECT TSMALLINT,TREAL,TDATE FROM P1000 GROUP BY TSMALLINT, TREAL, TDATE HAVING TSMALLINT> 40 AND TREAL >4000.23  AND TDATE BETWEEN TO_DATE('1979-02-19','YYYY-MM-DD') AND TO_DATE('2010-11-21','YYYY-MM-DD'));
2615997 rows affected
Running time elapsed:      7.79 Seconds
SQL> -- 查看返回结果
SQL> SELECT * FROM T_TYPE_ARRAY32 ORDER BY TSMALLINT,TREAL,TDATE LIMIT 10;
+-----------+---------+-----------+
| TSMALLINT | TREAL   | TDATE     |
+-----------+---------+-----------+
| 70        | 4002.13 | 2000-9-1  |
| 70        | 4002.51 | 2009-9-3  |
| 70        | 4002.93 | 2006-8-28 |
| 70        | 4003.04 | 1997-7-18 |
| 70        | 4003.04 | 2009-3-1  |
| 70        | 4003.07 | 1980-5-31 |
| 70        | 4003.42 | 1991-6-7  |
| 70        | 4003.42 | 1999-7-13 |
| 70        | 4003.7  | 1996-2-20 |
| 70        | 4012.37 | 1991-5-16 |
+-----------+---------+-----------+
10 rows selected.
Running time elapsed:      1.03 Seconds
SQL> 
SQL> -- 浮点型，字符型，日期型3种数据类型组合
SQL> SELECT TREAL,TCHAR,TDATE FROM P1000 GROUP BY TREAL,TCHAR, TDATE HAVING TREAL >300.22 AND TCHAR IN ('NBr2nMF7JorJ9LKRZefRKlWj9vR3G8IRC5Wg86OeYzfuMBV7f6','EicGCMKTtawEbtLLWkJuECm9ywDONiUgBqKMS45rfj947v7hAU') AND TDATE >TO_DATE('1979-02-19','YYYY-MM-DD') ORDER BY TDATE LIMIT 10;
0 rows selected.
Running time elapsed:      1.47 Seconds
SQL> -- 把查询出的数据insert到T_TYPE_ARRAY33表中
SQL> DROP TABLE T_TYPE_ARRAY33 IF EXISTS;
0 rows affected
Running time elapsed:      0.20 Seconds
SQL> CREATE TABLE T_TYPE_ARRAY33 AS (SELECT TREAL,TCHAR,TDATE FROM P1000) WITH NO DATA;
0 rows affected
Running time elapsed:      0.49 Seconds
SQL> INSERT INTO T_TYPE_ARRAY33 (SELECT TREAL,TCHAR,TDATE FROM P1000 GROUP BY TREAL,TCHAR, TDATE HAVING TREAL >300.22 AND TCHAR IN ('NBr2nMF7JorJ9LKRZefRKlWj9vR3G8IRC5Wg86OeYzfuMBV7f6','EicGCMKTtawEbtLLWkJuECm9ywDONiUgBqKMS45rfj947v7hAU') AND TDATE >TO_DATE('1979-02-19','YYYY-MM-DD'));
0 rows affected
Running time elapsed:      2.73 Seconds
SQL> -- 查看返回结果
SQL> SELECT * FROM T_TYPE_ARRAY33 ORDER BY TDATE LIMIT 10;
0 rows selected.
Running time elapsed:      0.20 Seconds
SQL> 
SQL> -- 因为布尔型的数据在数据库表里只有一种数据：True，timestamp类型的数据在数据库表里没有重复数据，所以选取余下的11种类型的数据进行组合查询
SQL> SELECT TSMALLINT,TINTEGER,TBIGINT,TREAL,TDOUBLE,TFLOAT,TDECIMAL,TNUMERIC,TDATE,TCHAR,TVARCHAR FROM P1000 GROUP BY TSMALLINT, TINTEGER, TBIGINT, TREAL, TDOUBLE, TFLOAT, TDECIMAL, TNUMERIC, TDATE, TCHAR, TVARCHAR HAVING (TSMALLINT>12 OR TINTEGER>30 OR TBIGINT>400) AND (TREAL>1.1 OR TDOUBLE>2.3 OR TFLOAT>1.2 OR TDECIMAL>2.3 OR TNUMERIC>4.4) AND TDATE >TO_DATE('1999-01-01','YYYY-MM-DD') OR TCHAR ='EicGCMKTtawEbtLLWkJuECm9ywDONiUgBqKMS45rfj947v7hAU' OR TVARCHAR ='jFSa9VH11qZFwAlKFd7ya9TMC6mGmIZIk4jM8rFP8RPXAuFFY1qD3CW08B6ySGqHsKGucfEU7r8KHWmyP3VBnnN0A1PEir6JCSNE' ORDER BY TSMALLINT LIMIT 10;
+-----------+----------+--------------+---------+---------+---------+----------+-----------+------------+-----------------------------------------------------------------------------------------------------------------------------------------------------------------------------------------------------------------------------------------------------------------+------------------------------------------------------------------------------------------------------+
| TSMALLINT | TINTEGER | TBIGINT      | TREAL   | TDOUBLE | TFLOAT  | TDECIMAL | TNUMERIC  | TDATE      | TCHAR                                                                                                                                                                                                                                                           | TVARCHAR                                                                                             |
+-----------+----------+--------------+---------+---------+---------+----------+-----------+------------+-----------------------------------------------------------------------------------------------------------------------------------------------------------------------------------------------------------------------------------------------------------------+------------------------------------------------------------------------------------------------------+
| 16        | 40565363 | 278112461071 | 8848.37 | 2054.79 | 1104.53 | 3050.85  | 9211.1165 | 2008-9-20  | qgYEsb6ALDF8kGyAWZUtJSd4kZPvVBKdRXc2pmiJFsFq0ZL3x0                                                                                                                                                                                                              | 3EH29PjSmq9KCaNVwo1VVrEtnp6FXkErvlSKDZTitZruJhC15DWGiRvF66j4XCnKPriChRJrMwyW6SoGrF2RFkDD0VY4ICFRh8T2 |
| 16        | 28422447 | 49767811177  | 5544.67 | 672.19  | 6460.64 | 4002.07  | 4405.4033 | 2033-1-18  | fjgFwrtGNHnrAdAFdTHPIsqUggFFskiYVWOPa0uz0MYL1DHwBo                                                                                                                                                                                                              | lOewCd2e5yorP0SPCVdlmeTBR5jufXqk8A1GyLFy2zzIEW38DLcEL5lyX7HdhBsvay2P1DB5e3RqybDONBfvre2m1qNmZcrhSP6C |
| 16        | 36747912 | 781876679277 | 9954.42 | 4751.75 | 8195.99 | 3835.37  | 6545.5528 | 1999-7-25  | 8Y9N0hHvYGmuIFklgyuE42r1YrHIykbz0LkykK46ZIol7ZFwOF                                                                                                                                                                                                              | 6oGpMpxHo55nfervNplUhDGqGRqssnPdxHwNIxoWrwiy2R2MfFsR38BRRBg0jUW7L6Rds96JeDfVI9LEXvv0HTyCXRsxXNCLH5pL |
| 16        | 45855283 | 473556644308 | 901.82  | 1578.46 | 2463.99 | 8577.11  | 7835.1108 | 2021-8-27  | SZnFu1n4E6fg4HjxCKqJvR8I8hJDAqEBNLxvCwB5xbVID1twFk                                                                                                                                                                                                              | RHAI9azuyiyAOKIMm4irrfRDuYBkHw9GEF6f4ik5pFs7NRWT9MggaG7KN2xk6cwgTwA1UUaXwBAfvss1NadZXlsfMv8rc04kFAme |
| 16        | 80737741 | 875597809499 | 4874.73 | 3846.61 | 7569.14 | 2342.25  | 3282.1343 | 2018-9-5   | hcHXoHZAI5xSiLHrlgj5z8L7VEaco1EbETyL29VZZWanmYsXTe                                                                                                                                                                                                              | Cfd0WiZDiouRcYEHuBDdaOVSWZrZnCInVfCNnSF7GLW7dMClaigR8MhzHofCeTTNe3VA2aJUflklNGKNidrn379JozVkVtRPCw6N |
| 16        | 1569098  | 13939720370  | 7715.45 | 9439.72 | 3102.78 | 86.04    | 810.9201  | 2048-1-24  | DvVscOyP1JJz9SZFDZLEfeZEVX0oIrmrawsKATR4yJc1YJvwE1                                                                                                                                                                                                              | tVbtPHqjTg0JpmJR1aGHS1MJZs1x5xUzogHK9pYJFSlSefn7AS5MWJSHmI6AybkfEVDcB7kwRGX6zaGal08Pnw4N9DitBcHXK8Cq |
| 16        | 90437667 | 142164146588 | 9844.37 | 2265.62 | 4033.51 | 3823.93  | 4044.0407 | 2016-7-25  | euxEA0mufKLAxuWu2E9wyfXHYdvjAHprsAU74vbKoMeNrti6Yn                                                                                                                                                                                                              | XMNuyGZZTBhbTBgzhEnf4vGd9FxD36oknDVX7RA0wy0i6R5pIkLBrSJh1q2AL5oOJ58O0yWCZiOdK2Fcrgwmym6EDag7VXxE9xJh |
| 16        | 15467839 | 517544549071 | 6103.79 | 6167.21 | 1724.61 | 75.86    | 6186.901  | 2028-11-16 | JpRiVcIbXPeqRT30dOIZtt6ycIZAKiKkdTOya59C177JPRGFI3                                                                                                                                                                                                              | 3RgxgzCH6xEXiprlmoGqHSjOEMGvhGrR4dAowdslRRCD93TJzk3EHW3nncGROI5HXAlRSBOowagrlDOGiIpEWR3fPn6CaHZRNdlU |
| 16        | 70721539 | 173411005063 | 5141.2  | 5349.67 | 1677.07 | 8102.67  | 802.7777  | 2003-7-12  | s4tN6ERawqFiHDiKkcEkHCzR84Hwa0TuddeaFVkf5yJUKo40np                                                                                                                                                                                                              | 8xPRXkIqLlbtmcYswRZSeNJUlgoMfjqSBCRsPa6sraXBG7BqeDPrZGEBkXkURaCNB1swqAj2g73FM6bWPU8kGOukCaJ0dVZ9reAC |
| 16        | 50007601 | 900127116256 | 570.96  | 4278.9  | 887.67  | 1977.13  | 7681.5587 | 2023-7-27  | 3lIDRZ4cIRkZTfoOMsAfgpfHf0nlWjvfwMmButgcLPUTsryIMj                                                                                                                                                                                                              | zfUsuOxfmATkIPxeXLvRolEeHmK3h2IiBDBBsEGibUZ0v7hlAOT1Bwh1xNtjti9CgDCRvqXtV5CoHES1F0kan0F9C7G8AiJlgp6O |
+-----------+----------+--------------+---------+---------+---------+----------+-----------+------------+-----------------------------------------------------------------------------------------------------------------------------------------------------------------------------------------------------------------------------------------------------------------+------------------------------------------------------------------------------------------------------+
10 rows selected.
Running time elapsed:      3.42 Seconds
SQL> -- 把查询出的数据insert到T_TYPE_ALL表中
SQL> DROP TABLE T_TYPE_ALL IF EXISTS;
0 rows affected
Running time elapsed:      0.21 Seconds
SQL> CREATE TABLE T_TYPE_ALL AS (SELECT TSMALLINT,TINTEGER,TBIGINT,TREAL,TDOUBLE,TFLOAT,TDECIMAL,TNUMERIC,TDATE,TCHAR,TVARCHAR FROM P1000) WITH NO DATA;
0 rows affected
Running time elapsed:      0.99 Seconds
SQL> INSERT INTO T_TYPE_ALL (SELECT TSMALLINT,TINTEGER,TBIGINT,TREAL,TDOUBLE,TFLOAT,TDECIMAL,TNUMERIC,TDATE,TCHAR,TVARCHAR FROM P1000 GROUP BY TSMALLINT, TINTEGER, TBIGINT, TREAL, TDOUBLE, TFLOAT, TDECIMAL, TNUMERIC, TDATE, TCHAR, TVARCHAR HAVING (TSMALLINT>12 OR TINTEGER>30 OR TBIGINT>400) AND (TREAL>1.1 OR TDOUBLE>2.3 OR TFLOAT>1.2 OR TDECIMAL>2.3 OR TNUMERIC>4.4) AND TDATE >TO_DATE('1999-01-01','YYYY-MM-DD') OR TCHAR ='EicGCMKTtawEbtLLWkJuECm9ywDONiUgBqKMS45rfj947v7hAU' OR TVARCHAR ='jFSa9VH11qZFwAlKFd7ya9TMC6mGmIZIk4jM8rFP8RPXAuFFY1qD3CW08B6ySGqHsKGucfEU7r8KHWmyP3VBnnN0A1PEir6JCSNE');
7182751 rows affected
Running time elapsed:     11.53 Seconds
SQL> -- 查看返回结果
SQL> SELECT * FROM T_TYPE_ALL ORDER BY TSMALLINT LIMIT 10;
+-----------+----------+--------------+---------+---------+---------+----------+-----------+------------+-----------------------------------------------------------------------------------------------------------------------------------------------------------------------------------------------------------------------------------------------------------------+------------------------------------------------------------------------------------------------------+
| TSMALLINT | TINTEGER | TBIGINT      | TREAL   | TDOUBLE | TFLOAT  | TDECIMAL | TNUMERIC  | TDATE      | TCHAR                                                                                                                                                                                                                                                           | TVARCHAR                                                                                             |
+-----------+----------+--------------+---------+---------+---------+----------+-----------+------------+-----------------------------------------------------------------------------------------------------------------------------------------------------------------------------------------------------------------------------------------------------------------+------------------------------------------------------------------------------------------------------+
| 16        | 13806572 | 123900751076 | 2037.67 | 2178.57 | 5457.72 | 2193.44  | 1343.93   | 2038-2-22  | GGSd3aIEDfnLraDqh9EGxhLCx6FbBkXuvhH7bsaCg8tHu2RFBT                                                                                                                                                                                                              | RIwl9jOtVFnJRbeqlU6kTTiRciVHFpzvDjP3HwboAP5ntmAdmoeG3fxNlEaBHDs0xqFBDNCLGLNHal6irNbpiRd0RdDmGg6Gesws |
| 16        | 69057078 | 250003862300 | 4853.72 | 333.46  | 4809.78 | 3621.2   | 9214.3189 | 2049-6-21  | rCqwDlzSCkrcqM58kaDXC9jWb3yi426YiUA84kzB9AGs0h26xm                                                                                                                                                                                                              | iy09HWfA81EITbJqigk4vHzdJhMr3dzyy8qAvFkagJynWVDGP1ZEzF3zpKv0TdiJRlgIH2IfjkjZJH0kR6PAv8cLlY0RmNXDRrOq |
| 16        | 91108352 | 245900658757 | 378.7   | 7018.75 | 7018.54 | 937.99   | 1662.7413 | 2031-2-24  | g4EegLzPNSoLmzaRvCrmhChdZRUDtcWPVTZo6lkD7JGLdUGIqk                                                                                                                                                                                                              | CqqJMXOeF9AD3KjGPbJ8osJAYHC1vVS8hfYMm4rydRI4rjPLYIILYEIil58mkVxiqm2RIdFFkniErHASJp9bIy1BRbrR1PG5UEWT |
| 16        | 93697222 | 605401254221 | 7647.9  | 2202.05 | 4722.49 | 6740.37  | 7681.6669 | 2005-6-25  | OWT3smA0jM54UHrmxK2cPElXoJLwscmELZF0LHFAvqqHaAxmzp                                                                                                                                                                                                              | eolRNUcM6jP2R9jfGm3w39jcaThFSi12bxd1Z5qN9Gnupzk9feMM3mTuYaqdYc6YGb2sajlxgPJeZf8DrRR8NR2uslNJc4lvPOYO |
| 16        | 9501216  | 807505504933 | 5426.73 | 2304.0  | 6351.5  | 9506.12  | 2330.933  | 2000-9-11  | aFTDwlCDDs8UKs86hGqaE7SKjpwpA5U0AAYrguyV7CrtaZmpTf                                                                                                                                                                                                              | W5uKEiRuYDXmRZqBIfcscjsVy6Hc46kTFyq79TZyWa4oVpl9fxSYCXJiG4DLrtR45XECAkDc8zFpZmrFwbAOg12ACE17tHDJmOiq |
| 16        | 62439969 | 253287302611 | 8848.16 | 1142.11 | 6431.4  | 5514.67  | 9768.963  | 2020-5-30  | CuiuaMRUX3M0wVrcYtiWBx8TE7MatPh5zYZgZcddjjS71kEKZR                                                                                                                                                                                                              | AC46ENBlw6icRHSuuXutEgEe30FqsK3WCKc0jnlcOx1h8EhHFy4YVV0MHhGY5rX6ImyyVb4OdPXueHaG7brnTNOPHOw4rkcd08RR |
| 16        | 35341584 | 70843197520  | 583.45  | 9154.14 | 4798.6  | 9211.02  | 1716.8731 | 2013-9-3   | Hw35ETxltU19yR6elE246C97DNhDdOIVjddomueYVxpfLSSz8p                                                                                                                                                                                                              | ms8hYu3rThrVkeX5ONh86jfbGGkSN8GVHPJVbKnx1Sjt1omRO3CSh0GOAoe4TWb1gMkXUmR9Simy7qyEEVCLpFBEaY01orszC6Eq |
| 16        | 38164068 | 120897599078 | 1065.25 | 6655.95 | 6269.72 | 7588.46  | 4460.13   | 2026-12-1  | pRJhYuHT6JGzJRZ0hkgMkxj39ORmhLmr3Ak8MuXfFtxhlyumKW                                                                                                                                                                                                              | YZOtkiU0PWsDF72HsbHcIwXyeTxfrbIEeDm9LDjmBPv3mRyjxjttlJNpOwTs4IiDxRmODMcUlCYtzyaxTiwFClCzfVWyriETPlNa |
| 16        | 13096145 | 894757233983 | 3832.04 | 4976.4  | 8648.53 | 5544.46  | 378.8445  | 2028-10-29 | gXyO97u1xWTFvIzg10tzZAihj6yJPVdsuKpps3BBv2ovVqW6yz                                                                                                                                                                                                              | RqzSJUJ6DHEeIE0p89mMgLghnoMUqus0ofJ31Y6zdqadI61uXiBMRKzIKW74RmNqBlZcRV11FVawCSFNwgbjoicsLeBh1BEreZUL |
| 16        | 77986715 | 404519825928 | 8342.46 | 2620.9  | 5868.37 | 4248.7   | 8850.6034 | 2004-5-20  | D28HXaT3RbAKv07h3kCqnPlYWlOwX3kCxyCBxXdtFtAO6R19z2                                                                                                                                                                                                              | pguIpVZgOD7E9xO2hPd3KwlMHDf3N68AVqrr9JtF4UjPxS3Xtzoh08RiWwHetiAPEjNpErLt7HIlwfN2eZ7v934tye2JPJXk4BIy |
+-----------+----------+--------------+---------+---------+---------+----------+-----------+------------+-----------------------------------------------------------------------------------------------------------------------------------------------------------------------------------------------------------------------------------------------------------------+------------------------------------------------------------------------------------------------------+
10 rows selected.
Running time elapsed:      1.41 Seconds
SQL> 
SQL> 
SQL> -- HAVING+函数组合
SQL> SELECT TSMALLINT,SUM(TBIGINT) FROM P1000 GROUP BY TSMALLINT HAVING SUM(TBIGINT) > 50000 ORDER BY TSMALLINT LIMIT 10;
+-----------+------------------+
| TSMALLINT | C2               |
+-----------+------------------+
| 16        | 4912325450733310 |
| 30        | 4826225733719593 |
| 38        | 4851275787208817 |
| 70        | 4888636610704867 |
| 75        | 4950403219202185 |
| 86        | 4906825225999449 |
| 111       | 4907249238077155 |
| 112       | 4989425538798294 |
| 186       | 4814939152087305 |
| 232       | 4921196277629013 |
+-----------+------------------+
10 rows selected.
Running time elapsed:      2.35 Seconds
SQL> -- 把查询出的数据insert到T_TYPE_HAV1表中
SQL> DROP TABLE T_TYPE_HAV1 IF EXISTS;
0 rows affected
Running time elapsed:      0.21 Seconds
SQL> CREATE TABLE T_TYPE_HAV1 AS (SELECT TSMALLINT,SUM(TBIGINT) FROM P1000 GROUP BY TSMALLINT HAVING SUM(TBIGINT) > 50000) WITH DATA;
0 rows affected
Running time elapsed:      7.06 Seconds
SQL> -- 查看返回结果
SQL> SELECT * FROM T_TYPE_HAV1 ORDER BY TSMALLINT LIMIT 10;
+-----------+------------------+
| TSMALLINT | C2               |
+-----------+------------------+
| 16        | 4912325450733310 |
| 30        | 4826225733719593 |
| 38        | 4851275787208817 |
| 70        | 4888636610704867 |
| 75        | 4950403219202185 |
| 86        | 4906825225999449 |
| 111       | 4907249238077155 |
| 112       | 4989425538798294 |
| 186       | 4814939152087305 |
| 232       | 4921196277629013 |
+-----------+------------------+
10 rows selected.
Running time elapsed:      0.94 Seconds
SQL> SELECT TSMALLINT,MAX(TBIGINT) FROM P1000 GROUP BY TSMALLINT HAVING TSMALLINT > 5000 ORDER BY TSMALLINT LIMIT 10;
+-----------+--------------+
| TSMALLINT | C2           |
+-----------+--------------+
| 5013      | 999942286332 |
| 5015      | 999942286332 |
| 5066      | 999942286332 |
| 5083      | 999609967895 |
| 5084      | 999942286332 |
| 5092      | 999942286332 |
| 5098      | 999942286332 |
| 5128      | 999692129793 |
| 5135      | 999692129793 |
| 5141      | 999942286332 |
+-----------+--------------+
10 rows selected.
Running time elapsed:      1.42 Seconds
SQL> -- 把查询出的数据insert到T_TYPE_HAV2表中
SQL> DROP TABLE T_TYPE_HAV2 IF EXISTS;
0 rows affected
Running time elapsed:      0.21 Seconds
SQL> CREATE TABLE T_TYPE_HAV2 AS (SELECT TSMALLINT,MAX(TBIGINT) FROM P1000 GROUP BY TSMALLINT HAVING TSMALLINT > 5000) WITH DATA;
0 rows affected
Running time elapsed:      5.75 Seconds
SQL> -- 查看返回结果
SQL> SELECT * FROM T_TYPE_HAV2 ORDER BY TSMALLINT LIMIT 10;
+-----------+--------------+
| TSMALLINT | C2           |
+-----------+--------------+
| 5013      | 999942286332 |
| 5015      | 999942286332 |
| 5066      | 999942286332 |
| 5083      | 999609967895 |
| 5084      | 999942286332 |
| 5092      | 999942286332 |
| 5098      | 999942286332 |
| 5128      | 999692129793 |
| 5135      | 999692129793 |
| 5141      | 999942286332 |
+-----------+--------------+
10 rows selected.
Running time elapsed:      0.75 Seconds
SQL> SELECT TSMALLINT,AVG(TBIGINT) FROM P1000 GROUP BY TSMALLINT HAVING AVG(TBIGINT) > 500000 ORDER BY TSMALLINT LIMIT 10;
+-----------+-----------------------+
| TSMALLINT | C2                    |
+-----------+-----------------------+
| 16        | 4.9549379168179443E11 |
| 30        | 4.8833610580993555E11 |
| 38        | 4.837730142808952E11  |
| 70        | 4.882777277971301E11  |
| 75        | 4.8873563226401276E11 |
| 86        | 4.915673438188188E11  |
| 111       | 4.9215216508646625E11 |
| 112       | 4.8911141444939655E11 |
| 186       | 4.882315100473844E11  |
| 232       | 4.9079448265972003E11 |
+-----------+-----------------------+
10 rows selected.
Running time elapsed:      1.75 Seconds
SQL> -- 把查询出的数据insert到T_TYPE_HAV2表中
SQL> DROP TABLE T_TYPE_HAV3 IF EXISTS;
0 rows affected
Running time elapsed:      0.22 Seconds
SQL> CREATE TABLE T_TYPE_HAV3 AS (SELECT TSMALLINT,AVG(TBIGINT) FROM P1000 GROUP BY TSMALLINT HAVING AVG(TBIGINT) > 500000) WITH DATA;
0 rows affected
Running time elapsed:      9.31 Seconds
SQL> -- 查看返回结果
SQL> SELECT * FROM T_TYPE_HAV3 ORDER BY TSMALLINT LIMIT 10;
+-----------+-----------------------+
| TSMALLINT | C2                    |
+-----------+-----------------------+
| 16        | 4.9549379168179443E11 |
| 30        | 4.8833610580993555E11 |
| 38        | 4.837730142808952E11  |
| 70        | 4.882777277971301E11  |
| 75        | 4.8873563226401276E11 |
| 86        | 4.915673438188188E11  |
| 111       | 4.9215216508646625E11 |
| 112       | 4.8911141444939655E11 |
| 186       | 4.882315100473844E11  |
| 232       | 4.9079448265972003E11 |
+-----------+-----------------------+
10 rows selected.
Running time elapsed:      0.83 Seconds
SQL> SELECT TSMALLINT,TDATE,COUNT (*),SUM (TINTEGER),MAX (TINTEGER),MIN (TINTEGER),AVG (TINTEGER) FROM P1000 GROUP BY TSMALLINT,TDATE HAVING AVG (TINTEGER) < 200000000 AND TDATE > TO_DATE('2019-09-11','YYYY-MM-DD') ORDER BY TSMALLINT,TDATE LIMIT 10;
+-----------+-----------+----+----------+----------+----------+-------------+
| TSMALLINT | TDATE     | C3 | C4       | C5       | C6       | C7          |
+-----------+-----------+----+----------+----------+----------+-------------+
| 16        | 2019-9-12 | 1  | 22318801 | 22318801 | 22318801 | 2.2318801E7 |
| 16        | 2019-9-13 | 1  | 94508325 | 94508325 | 94508325 | 9.4508325E7 |
| 16        | 2019-9-14 | 1  | 31402923 | 31402923 | 31402923 | 3.1402923E7 |
| 16        | 2019-9-15 | 1  | 58430575 | 58430575 | 58430575 | 5.8430575E7 |
| 16        | 2019-9-19 | 2  | 69097236 | 61462639 | 7634597  | 3.4548618E7 |
| 16        | 2019-9-24 | 1  | 92643160 | 92643160 | 92643160 | 9.264316E7  |
| 16        | 2019-9-26 | 1  | 62157904 | 62157904 | 62157904 | 6.2157904E7 |
| 16        | 2019-9-29 | 1  | 52017644 | 52017644 | 52017644 | 5.2017644E7 |
| 16        | 2019-10-4 | 1  | 55462731 | 55462731 | 55462731 | 5.5462731E7 |
| 16        | 2019-10-5 | 1  | 576045   | 576045   | 576045   | 576045.0    |
+-----------+-----------+----+----------+----------+----------+-------------+
10 rows selected.
Running time elapsed:      2.28 Seconds
SQL> -- 把查询出的数据insert到T_TYPE_HAV3表中
SQL> DROP TABLE T_TYPE_HAV4 IF EXISTS;
0 rows affected
Running time elapsed:      0.21 Seconds
SQL> CREATE TABLE T_TYPE_HAV4 AS (SELECT TSMALLINT,TDATE,COUNT (*),SUM (TINTEGER),MAX (TINTEGER),MIN (TINTEGER),AVG (TINTEGER) FROM P1000 GROUP BY TSMALLINT,TDATE HAVING AVG (TINTEGER) < 200000000 AND TDATE > TO_DATE('2019-09-11','YYYY-MM-DD')) WITH DATA;
0 rows affected
Running time elapsed:      8.16 Seconds
SQL> -- 查看返回结果
SQL> SELECT * FROM T_TYPE_HAV4 ORDER BY TSMALLINT,TDATE LIMIT 10;
+-----------+-----------+----+----------+----------+----------+-------------+
| TSMALLINT | TDATE     | C3 | C4       | C5       | C6       | C7          |
+-----------+-----------+----+----------+----------+----------+-------------+
| 16        | 2019-9-12 | 1  | 22318801 | 22318801 | 22318801 | 2.2318801E7 |
| 16        | 2019-9-13 | 1  | 94508325 | 94508325 | 94508325 | 9.4508325E7 |
| 16        | 2019-9-14 | 1  | 31402923 | 31402923 | 31402923 | 3.1402923E7 |
| 16        | 2019-9-15 | 1  | 58430575 | 58430575 | 58430575 | 5.8430575E7 |
| 16        | 2019-9-19 | 2  | 69097236 | 61462639 | 7634597  | 3.4548618E7 |
| 16        | 2019-9-24 | 1  | 92643160 | 92643160 | 92643160 | 9.264316E7  |
| 16        | 2019-9-26 | 1  | 62157904 | 62157904 | 62157904 | 6.2157904E7 |
| 16        | 2019-9-29 | 1  | 52017644 | 52017644 | 52017644 | 5.2017644E7 |
| 16        | 2019-10-4 | 1  | 55462731 | 55462731 | 55462731 | 5.5462731E7 |
| 16        | 2019-10-5 | 1  | 576045   | 576045   | 576045   | 576045.0    |
+-----------+-----------+----+----------+----------+----------+-------------+
10 rows selected.
Running time elapsed:      1.30 Seconds
SQL> 
SQL> 
SQL> 
SQL> 
SQL> -- drop创建的表
SQL> DROP TABLE T_TYPE_SMALLINT IF EXISTS;
0 rows affected
Running time elapsed:      0.32 Seconds
SQL> DROP TABLE T_TYPE_INTEGER IF EXISTS;
0 rows affected
Running time elapsed:      0.42 Seconds
SQL> DROP TABLE T_TYPE_BIGINT IF EXISTS;
0 rows affected
Running time elapsed:      0.43 Seconds
SQL> DROP TABLE T_TYPE_REAL IF EXISTS;
0 rows affected
Running time elapsed:      0.50 Seconds
SQL> DROP TABLE T_TYPE_DOUBLE IF EXISTS;
0 rows affected
Running time elapsed:      0.53 Seconds
SQL> DROP TABLE T_TYPE_FLOAT IF EXISTS;
0 rows affected
Running time elapsed:      0.34 Seconds
SQL> DROP TABLE T_TYPE_DECIMAL IF EXISTS;
0 rows affected
Running time elapsed:      0.29 Seconds
SQL> DROP TABLE T_TYPE_NUMERIC IF EXISTS;
0 rows affected
Running time elapsed:      0.41 Seconds
SQL> DROP TABLE T_TYPE_DATE IF EXISTS;
0 rows affected
Running time elapsed:      0.43 Seconds
SQL> DROP TABLE T_TYPE_TIMESTAMP IF EXISTS;
0 rows affected
Running time elapsed:      0.41 Seconds
SQL> DROP TABLE T_TYPE_BOOL IF EXISTS;
0 rows affected
Running time elapsed:      0.40 Seconds
SQL> DROP TABLE T_TYPE_CHAR IF EXISTS;
0 rows affected
Running time elapsed:      0.43 Seconds
SQL> DROP TABLE T_TYPE_VARCHAR IF EXISTS;
0 rows affected
Running time elapsed:      0.34 Seconds
SQL> DROP TABLE T_TYPE_INTS IF EXISTS;
0 rows affected
Running time elapsed:      0.49 Seconds
SQL> DROP TABLE T_TYPE_FLOATS IF EXISTS;
0 rows affected
Running time elapsed:      0.42 Seconds
SQL> DROP TABLE T_TYPE_CHARS IF EXISTS;
0 rows affected
Running time elapsed:      0.37 Seconds
SQL> DROP TABLE T_TYPE_DATES IF EXISTS;
0 rows affected
Running time elapsed:      0.38 Seconds
SQL> DROP TABLE T_TYPE_ARRAY4 IF EXISTS;
0 rows affected
Running time elapsed:      0.28 Seconds
SQL> DROP TABLE T_TYPE_ARRAY21 IF EXISTS;
0 rows affected
Running time elapsed:      0.37 Seconds
SQL> DROP TABLE T_TYPE_ARRAY22 IF EXISTS;
0 rows affected
Running time elapsed:      0.49 Seconds
SQL> DROP TABLE T_TYPE_ARRAY23 IF EXISTS;
0 rows affected
Running time elapsed:      0.41 Seconds
SQL> DROP TABLE T_TYPE_ARRAY31 IF EXISTS;
0 rows affected
Running time elapsed:      0.52 Seconds
SQL> DROP TABLE T_TYPE_ARRAY32 IF EXISTS;
0 rows affected
Running time elapsed:      0.42 Seconds
SQL> DROP TABLE T_TYPE_ARRAY33 IF EXISTS;
0 rows affected
Running time elapsed:      0.56 Seconds
SQL> DROP TABLE T_TYPE_ALL IF EXISTS;
0 rows affected
Running time elapsed:      0.45 Seconds
SQL> DROP TABLE T_TYPE_HAV1 IF EXISTS;
0 rows affected
Running time elapsed:      0.83 Seconds
SQL> DROP TABLE T_TYPE_HAV2 IF EXISTS;
0 rows affected
Running time elapsed:      0.39 Seconds
SQL> DROP TABLE T_TYPE_HAV3 IF EXISTS;
0 rows affected
Running time elapsed:      0.29 Seconds
SQL> DROP TABLE T_TYPE_HAV4 IF EXISTS;
0 rows affected
Running time elapsed:      0.37 Seconds
Running time elapsed:    333.20 Seconds
SQL> exit
Disconnected.
