SQLCli Release 0.0.59
SQL> connect admin/123456
Database connected.
SQL> start Having.sql
SQL> -- Description：
   > --             LDB专项测试
   > --             1.having 全部类型
   > --             2.insert 到其他表
   > --             3.直接返回结果
   > -- Date：2020-05-09
   > -- Author：李爱敏
SQL> SET ECHO ON
SQL> SET TIMING ON
Running time elapsed:      0.00 Seconds
SQL> 
SQL> -- HAVING语法
   > -- 穷举所有数据类型进行having查询
SQL> SELECT TSMALLINT FROM P1000 GROUP BY TSMALLINT HAVING TSMALLINT > 8498 ORDER BY TSMALLINT LIMIT 10;
+-----------+
| TSMALLINT |
+-----------+
| 8503      |
| 8522      |
| 8526      |
| 8527      |
| 8532      |
| 8539      |
| 8552      |
| 8560      |
| 8577      |
| 8598      |
+-----------+
10 rows selected.
Running time elapsed:      1.35 Seconds
SQL> -- 把查询出的数据insert到T_TYPE_SMALLINT表中
SQL> DROP TABLE T_TYPE_SMALLINT IF EXISTS;
0 rows affected
Running time elapsed:      0.19 Seconds
SQL> CREATE TABLE T_TYPE_SMALLINT AS (SELECT TSMALLINT FROM P1000) WITH NO DATA;
0 rows affected
Running time elapsed:      0.34 Seconds
SQL> INSERT INTO T_TYPE_SMALLINT (SELECT TSMALLINT FROM P1000 GROUP BY TSMALLINT HAVING TSMALLINT > 8498);
133 rows affected
Running time elapsed:      4.54 Seconds
SQL> -- 查看返回结果
SQL> SELECT * FROM T_TYPE_SMALLINT ORDER BY TSMALLINT LIMIT 10;
+-----------+
| TSMALLINT |
+-----------+
| 8503      |
| 8522      |
| 8526      |
| 8527      |
| 8532      |
| 8539      |
| 8552      |
| 8560      |
| 8577      |
| 8598      |
+-----------+
10 rows selected.
Running time elapsed:      0.53 Seconds
SQL> SELECT TINTEGER FROM P1000 GROUP BY TINTEGER HAVING TINTEGER < 94523070 ORDER BY TINTEGER LIMIT 10;
+----------+
| TINTEGER |
+----------+
| 2777     |
| 3358     |
| 4990     |
| 8244     |
| 24674    |
| 36068    |
| 36565    |
| 39351    |
| 40111    |
| 43988    |
+----------+
10 rows selected.
Running time elapsed:      1.79 Seconds
SQL> -- 把查询出的数据insert到T_TYPE_INTEGER表中
SQL> DROP TABLE T_TYPE_INTEGER IF EXISTS;
0 rows affected
Running time elapsed:      0.19 Seconds
SQL> CREATE TABLE T_TYPE_INTEGER AS (SELECT TINTEGER FROM P1000) WITH NO DATA;
0 rows affected
Running time elapsed:      0.36 Seconds
SQL> INSERT INTO T_TYPE_INTEGER (SELECT TINTEGER FROM P1000 GROUP BY TINTEGER HAVING TINTEGER < 94523070);
9499 rows affected
Running time elapsed:      7.28 Seconds
SQL> -- 查看返回结果
SQL> SELECT * FROM T_TYPE_INTEGER ORDER BY TINTEGER LIMIT 10;
+----------+
| TINTEGER |
+----------+
| 2777     |
| 3358     |
| 4990     |
| 8244     |
| 24674    |
| 36068    |
| 36565    |
| 39351    |
| 40111    |
| 43988    |
+----------+
10 rows selected.
Running time elapsed:      0.83 Seconds
SQL> SELECT TBIGINT FROM P1000 GROUP BY TBIGINT HAVING TBIGINT < 977486944212 ORDER BY TBIGINT LIMIT 10;
+-----------+
| TBIGINT   |
+-----------+
| 27770954  |
| 33582059  |
| 49909414  |
| 82449639  |
| 246745776 |
| 360689167 |
| 365656026 |
| 393510421 |
| 401113184 |
| 439883390 |
+-----------+
10 rows selected.
Running time elapsed:      1.42 Seconds
SQL> -- 把查询出的数据insert到T_TYPE_BIGINT表中
SQL> DROP TABLE T_TYPE_BIGINT IF EXISTS;
0 rows affected
Running time elapsed:      0.20 Seconds
SQL> CREATE TABLE T_TYPE_BIGINT AS (SELECT TBIGINT FROM P1000) WITH NO DATA;
0 rows affected
Running time elapsed:      0.34 Seconds
SQL> INSERT INTO T_TYPE_BIGINT (SELECT TBIGINT FROM P1000 GROUP BY TBIGINT HAVING TBIGINT < 977486944212);
9795 rows affected
Running time elapsed:      7.87 Seconds
SQL> -- 查看返回结果
SQL> SELECT * FROM T_TYPE_BIGINT ORDER BY TBIGINT LIMIT 10;
+-----------+
| TBIGINT   |
+-----------+
| 27770954  |
| 33582059  |
| 49909414  |
| 82449639  |
| 246745776 |
| 360689167 |
| 365656026 |
| 393510421 |
| 401113184 |
| 439883390 |
+-----------+
10 rows selected.
Running time elapsed:      0.83 Seconds
SQL> SELECT TREAL FROM P1000 GROUP BY TREAL HAVING TREAL < 9812.82 ORDER BY TREAL LIMIT 10;
+-------+
| TREAL |
+-------+
| 16    |
| 16.02 |
| 16.03 |
| 16.04 |
| 16.05 |
| 16.07 |
| 16.08 |
| 16.11 |
| 16.12 |
| 16.13 |
+-------+
10 rows selected.
Running time elapsed:      1.81 Seconds
SQL> -- 把查询出的数据insert到T_TYPE_REAL表中
SQL> DROP TABLE T_TYPE_REAL IF EXISTS;
0 rows affected
Running time elapsed:      0.19 Seconds
SQL> CREATE TABLE T_TYPE_REAL AS (SELECT TREAL FROM P1000) WITH NO DATA;
0 rows affected
Running time elapsed:      0.32 Seconds
SQL> INSERT INTO T_TYPE_REAL (SELECT TREAL FROM P1000 GROUP BY TREAL HAVING TREAL < 9812.82);
55440 rows affected
Running time elapsed:      7.53 Seconds
SQL> -- 查看返回结果
SQL> SELECT * FROM T_TYPE_REAL ORDER BY TREAL LIMIT 10;
+-------+
| TREAL |
+-------+
| 16    |
| 16.02 |
| 16.03 |
| 16.04 |
| 16.05 |
| 16.07 |
| 16.08 |
| 16.11 |
| 16.12 |
| 16.13 |
+-------+
10 rows selected.
Running time elapsed:      0.82 Seconds
SQL> SELECT TDOUBLE FROM P1000 GROUP BY TDOUBLE HAVING TDOUBLE > 47.95 ORDER BY TDOUBLE LIMIT 10;
+---------+
| TDOUBLE |
+---------+
| 70      |
| 70.02   |
| 70.03   |
| 70.04   |
| 70.05   |
| 70.07   |
| 70.08   |
| 70.11   |
| 70.12   |
| 70.13   |
+---------+
10 rows selected.
Running time elapsed:      1.54 Seconds
SQL> -- 把查询出的数据insert到T_TYPE_DOUBLE表中
SQL> DROP TABLE T_TYPE_DOUBLE IF EXISTS;
0 rows affected
Running time elapsed:      0.19 Seconds
SQL> CREATE TABLE T_TYPE_DOUBLE AS (SELECT TDOUBLE FROM P1000) WITH NO DATA;
0 rows affected
Running time elapsed:      0.38 Seconds
SQL> INSERT INTO T_TYPE_DOUBLE (SELECT TDOUBLE FROM P1000 GROUP BY TDOUBLE HAVING TDOUBLE > 47.95);
56460 rows affected
Running time elapsed:      8.59 Seconds
SQL> -- 查看返回结果
SQL> SELECT * FROM T_TYPE_DOUBLE ORDER BY TDOUBLE LIMIT 10;
+---------+
| TDOUBLE |
+---------+
| 70      |
| 70.02   |
| 70.03   |
| 70.04   |
| 70.05   |
| 70.07   |
| 70.08   |
| 70.11   |
| 70.12   |
| 70.13   |
+---------+
10 rows selected.
Running time elapsed:      0.83 Seconds
SQL> SELECT TFLOAT FROM P1000 GROUP BY TFLOAT HAVING TFLOAT > 52.8899 ORDER BY TFLOAT LIMIT 10;
+--------+
| TFLOAT |
+--------+
| 70     |
| 70.02  |
| 70.03  |
| 70.04  |
| 70.05  |
| 70.07  |
| 70.08  |
| 70.11  |
| 70.12  |
| 70.13  |
+--------+
10 rows selected.
Running time elapsed:      2.02 Seconds
SQL> -- 把查询出的数据insert到T_TYPE_FLOAT表中
SQL> DROP TABLE T_TYPE_FLOAT IF EXISTS;
0 rows affected
Running time elapsed:      0.19 Seconds
SQL> CREATE TABLE T_TYPE_FLOAT AS (SELECT TFLOAT FROM P1000) WITH NO DATA;
0 rows affected
Running time elapsed:      0.57 Seconds
SQL> INSERT INTO T_TYPE_FLOAT (SELECT TFLOAT FROM P1000 GROUP BY TFLOAT HAVING TFLOAT > 52.8899);
56460 rows affected
Running time elapsed:      7.56 Seconds
SQL> -- 查看返回结果
SQL> SELECT * FROM T_TYPE_FLOAT ORDER BY TFLOAT LIMIT 10;
+--------+
| TFLOAT |
+--------+
| 70     |
| 70.02  |
| 70.03  |
| 70.04  |
| 70.05  |
| 70.07  |
| 70.08  |
| 70.11  |
| 70.12  |
| 70.13  |
+--------+
10 rows selected.
Running time elapsed:      0.82 Seconds
SQL> SELECT TDECIMAL FROM P1000 GROUP BY TDECIMAL HAVING TDECIMAL < 9934.32 ORDER BY TDECIMAL LIMIT 10;
+----------+
| TDECIMAL |
+----------+
| 16.0     |
| 16.02    |
| 16.03    |
| 16.04    |
| 16.05    |
| 16.07    |
| 16.08    |
| 16.11    |
| 16.12    |
| 16.13    |
+----------+
10 rows selected.
Running time elapsed:      2.67 Seconds
SQL> -- 把查询出的数据insert到T_TYPE_DECIMAL表中
SQL> DROP TABLE T_TYPE_DECIMAL IF EXISTS;
0 rows affected
Running time elapsed:      0.19 Seconds
SQL> CREATE TABLE T_TYPE_DECIMAL AS (SELECT TDECIMAL FROM P1000) WITH NO DATA;
0 rows affected
Running time elapsed:      0.33 Seconds
SQL> INSERT INTO T_TYPE_DECIMAL (SELECT TDECIMAL FROM P1000 GROUP BY TDECIMAL HAVING TDECIMAL < 9934.32);
56340 rows affected
Running time elapsed:      7.51 Seconds
SQL> -- 查看返回结果
SQL> SELECT * FROM T_TYPE_DECIMAL ORDER BY TDECIMAL LIMIT 10;
+----------+
| TDECIMAL |
+----------+
| 16.0     |
| 16.02    |
| 16.03    |
| 16.04    |
| 16.05    |
| 16.07    |
| 16.08    |
| 16.11    |
| 16.12    |
| 16.13    |
+----------+
10 rows selected.
Running time elapsed:      0.90 Seconds
SQL> SELECT TNUMERIC FROM P1000 GROUP BY TNUMERIC HAVING TNUMERIC > 43.1703 ORDER BY TNUMERIC LIMIT 10;
+----------+
| TNUMERIC |
+----------+
| 70.0016  |
| 70.003   |
| 70.0038  |
| 70.007   |
| 70.0075  |
| 70.0086  |
| 70.0111  |
| 70.0112  |
| 70.0186  |
| 70.0232  |
+----------+
10 rows selected.
Running time elapsed:      1.68 Seconds
SQL> -- 把查询出的数据insert到T_TYPE_NUMERIC表中
SQL> DROP TABLE T_TYPE_NUMERIC IF EXISTS;
0 rows affected
Running time elapsed:      0.15 Seconds
SQL> CREATE TABLE T_TYPE_NUMERIC AS (SELECT TNUMERIC FROM P1000) WITH NO DATA;
0 rows affected
Running time elapsed:      0.44 Seconds
SQL> INSERT INTO T_TYPE_NUMERIC (SELECT TNUMERIC FROM P1000 GROUP BY TNUMERIC HAVING TNUMERIC > 43.1703);
888268 rows affected
Running time elapsed:      7.20 Seconds
SQL> -- 查看返回结果
SQL> SELECT * FROM T_TYPE_NUMERIC ORDER BY TNUMERIC LIMIT 10;
+----------+
| TNUMERIC |
+----------+
| 70.0016  |
| 70.003   |
| 70.0038  |
| 70.007   |
| 70.0075  |
| 70.0086  |
| 70.0111  |
| 70.0112  |
| 70.0186  |
| 70.0232  |
+----------+
10 rows selected.
Running time elapsed:      0.89 Seconds
SQL> SELECT TDATE FROM P1000 GROUP BY TDATE HAVING TDATE BETWEEN TO_DATE('1979-02-19','YYYY-MM-DD') AND TO_DATE('2010-02-19','YYYY-MM-DD') ORDER BY TDATE LIMIT 10;
+-----------+
| TDATE     |
+-----------+
| 1979-2-19 |
| 1979-2-20 |
| 1979-2-21 |
| 1979-2-22 |
| 1979-2-23 |
| 1979-2-24 |
| 1979-2-25 |
| 1979-2-26 |
| 1979-2-27 |
| 1979-2-28 |
+-----------+
10 rows selected.
Running time elapsed:      1.60 Seconds
SQL> -- 把查询出的数据insert到T_TYPE_DATE表中
SQL> DROP TABLE T_TYPE_DATE IF EXISTS;
0 rows affected
Running time elapsed:      0.19 Seconds
SQL> CREATE TABLE T_TYPE_DATE AS (SELECT TDATE FROM P1000) WITH NO DATA;
0 rows affected
Running time elapsed:      0.59 Seconds
SQL> INSERT INTO T_TYPE_DATE (SELECT TDATE FROM P1000 GROUP BY TDATE HAVING TDATE BETWEEN TO_DATE('1979-02-19','YYYY-MM-DD') AND TO_DATE('2010-02-19','YYYY-MM-DD'));
11324 rows affected
Running time elapsed:      7.43 Seconds
SQL> -- 查看返回结果
SQL> SELECT * FROM T_TYPE_DATE ORDER BY TDATE LIMIT 10;
+-----------+
| TDATE     |
+-----------+
| 1979-2-19 |
| 1979-2-20 |
| 1979-2-21 |
| 1979-2-22 |
| 1979-2-23 |
| 1979-2-24 |
| 1979-2-25 |
| 1979-2-26 |
| 1979-2-27 |
| 1979-2-28 |
+-----------+
10 rows selected.
Running time elapsed:      0.85 Seconds
SQL> SELECT TTIMESTAMP FROM P1000 GROUP BY TTIMESTAMP HAVING TTIMESTAMP < TO_TIMESTAMP('2049-08-05 05:40:39.000000','YYYY-MM-DD HH24:MI:SS.FF') ORDER BY TTIMESTAMP LIMIT 10;
+---------------------+
| TTIMESTAMP          |
+---------------------+
| 1979-01-01 00:00:31 |
| 1979-01-01 00:02:27 |
| 1979-01-01 00:08:21 |
| 1979-01-01 00:10:29 |
| 1979-01-01 00:13:48 |
| 1979-01-01 00:17:18 |
| 1979-01-01 00:25:36 |
| 1979-01-01 00:25:59 |
| 1979-01-01 00:26:26 |
| 1979-01-01 00:30:20 |
+---------------------+
10 rows selected.
Running time elapsed:      1.70 Seconds
SQL> -- 把查询出的数据insert到T_TYPE_TIMESTAMP表中
SQL> DROP TABLE T_TYPE_TIMESTAMP IF EXISTS;
0 rows affected
Running time elapsed:      0.20 Seconds
SQL> CREATE TABLE T_TYPE_TIMESTAMP AS (SELECT TTIMESTAMP FROM P1000) WITH NO DATA;
0 rows affected
Running time elapsed:      0.40 Seconds
SQL> INSERT INTO T_TYPE_TIMESTAMP (SELECT TTIMESTAMP FROM P1000 GROUP BY TTIMESTAMP HAVING TTIMESTAMP < TO_TIMESTAMP('2049-08-05 05:40:39.000000','YYYY-MM-DD HH24:MI:SS.FF'));
9920520 rows affected
Running time elapsed:      9.75 Seconds
SQL> -- 查看返回结果
SQL> SELECT * FROM T_TYPE_TIMESTAMP ORDER BY TTIMESTAMP LIMIT 10;
+---------------------+
| TTIMESTAMP          |
+---------------------+
| 1979-01-01 00:00:31 |
| 1979-01-01 00:02:27 |
| 1979-01-01 00:08:21 |
| 1979-01-01 00:10:29 |
| 1979-01-01 00:13:48 |
| 1979-01-01 00:17:18 |
| 1979-01-01 00:25:36 |
| 1979-01-01 00:25:59 |
| 1979-01-01 00:26:26 |
| 1979-01-01 00:30:20 |
+---------------------+
10 rows selected.
Running time elapsed:      1.04 Seconds
SQL> SELECT TBOOL FROM P1000 GROUP BY TBOOL HAVING TBOOL = True ORDER BY TBOOL LIMIT 10;
+-------+
| TBOOL |
+-------+
| True  |
+-------+
1 row selected.
Running time elapsed:      1.29 Seconds
SQL> -- 把查询出的数据insert到T_TYPE_BOOL表中
SQL> DROP TABLE T_TYPE_BOOL IF EXISTS;
0 rows affected
Running time elapsed:      0.20 Seconds
SQL> CREATE TABLE T_TYPE_BOOL AS (SELECT TBOOL FROM P1000) WITH NO DATA;
0 rows affected
Running time elapsed:      0.34 Seconds
SQL> INSERT INTO T_TYPE_BOOL (SELECT TBOOL FROM P1000 GROUP BY TBOOL HAVING TBOOL = True);
1 row affected
Running time elapsed:      2.16 Seconds
SQL> -- 查看返回结果
SQL> SELECT * FROM T_TYPE_BOOL ORDER BY TBOOL LIMIT 10;
+-------+
| TBOOL |
+-------+
| True  |
+-------+
1 row selected.
Running time elapsed:      0.46 Seconds
SQL> SELECT TCHAR FROM P1000 GROUP BY TCHAR HAVING TCHAR = 'NBr2nMF7JorJ9LKRZefRKlWj9vR3G8IRC5Wg86OeYzfuMBV7f6' ORDER BY TCHAR LIMIT 10;
0 rows selected.
Running time elapsed:      1.40 Seconds
SQL> -- 把查询出的数据insert到T_TYPE_CHAR表中
SQL> DROP TABLE T_TYPE_CHAR IF EXISTS;
0 rows affected
Running time elapsed:      0.19 Seconds
SQL> CREATE TABLE T_TYPE_CHAR AS (SELECT TCHAR FROM P1000) WITH NO DATA;
0 rows affected
Running time elapsed:      0.38 Seconds
SQL> INSERT INTO T_TYPE_CHAR (SELECT TCHAR FROM P1000 GROUP BY TCHAR HAVING TCHAR = 'NBr2nMF7JorJ9LKRZefRKlWj9vR3G8IRC5Wg86OeYzfuMBV7f6');
0 rows affected
Running time elapsed:      2.30 Seconds
SQL> -- 查看返回结果
SQL> SELECT * FROM T_TYPE_CHAR ORDER BY TCHAR LIMIT 10;
0 rows selected.
Running time elapsed:      0.19 Seconds
SQL> SELECT TVARCHAR FROM P1000 GROUP BY TVARCHAR HAVING TVARCHAR IN ('1SGYlFg5qlxYSOJm3RZF9KyGeIYMnIx8hJTWtG2Z4ABSpWlDN7pszRqJ2ujWLHfUJIR0UXPxFIDk3SrvURGL0P6qf375DfNyC9nO','LXFlGmwOWyAn4FaGV9xc5KkhInSWCOdM8n6o9PFmInF1w4Z1bnzRK78h2e2PoG83835E4t85ArAyLvIVkBvPnISZSFiG1aR4oeME') ORDER BY TVARCHAR LIMIT 10;
0 rows selected.
Running time elapsed:      1.26 Seconds
SQL> -- 把查询出的数据insert到T_TYPE_VARCHAR表中
SQL> DROP TABLE T_TYPE_VARCHAR IF EXISTS;
0 rows affected
Running time elapsed:      0.19 Seconds
SQL> CREATE TABLE T_TYPE_VARCHAR AS (SELECT TVARCHAR FROM P1000) WITH NO DATA;
0 rows affected
Running time elapsed:      0.37 Seconds
SQL> INSERT INTO T_TYPE_VARCHAR (SELECT TVARCHAR FROM P1000 GROUP BY TVARCHAR HAVING TVARCHAR IN ('1SGYlFg5qlxYSOJm3RZF9KyGeIYMnIx8hJTWtG2Z4ABSpWlDN7pszRqJ2ujWLHfUJIR0UXPxFIDk3SrvURGL0P6qf375DfNyC9nO','LXFlGmwOWyAn4FaGV9xc5KkhInSWCOdM8n6o9PFmInF1w4Z1bnzRK78h2e2PoG83835E4t85ArAyLvIVkBvPnISZSFiG1aR4oeME'));
0 rows affected
Running time elapsed:      2.00 Seconds
SQL> -- 查看返回结果
SQL> SELECT * FROM T_TYPE_VARCHAR ORDER BY TVARCHAR LIMIT 10;
0 rows selected.
Running time elapsed:      0.19 Seconds
SQL> 
SQL> 
SQL> -- 不同数据类型组合进行having查询
   > -- 3种整型数据类型组合
SQL> SELECT TSMALLINT,TINTEGER,TBIGINT FROM P1000 GROUP BY TSMALLINT, TINTEGER,TBIGINT HAVING TSMALLINT > 300 AND TINTEGER > 400 AND TBIGINT > 500 ORDER BY TSMALLINT LIMIT 10;
+-----------+----------+--------------+
| TSMALLINT | TINTEGER | TBIGINT      |
+-----------+----------+--------------+
| 303       | 713257   | 418361184211 |
| 303       | 39900173 | 903723013188 |
| 303       | 50385767 | 805180357717 |
| 303       | 38523287 | 143963917927 |
| 303       | 68851460 | 255055745852 |
| 303       | 8016450  | 458448851176 |
| 303       | 77926824 | 55921140495  |
| 303       | 64266824 | 19491522539  |
| 303       | 12852783 | 214912167740 |
| 303       | 42463805 | 216283746445 |
+-----------+----------+--------------+
10 rows selected.
Running time elapsed:      2.26 Seconds
SQL> -- 把查询出的数据insert到T_TYPE_INTS表中
SQL> DROP TABLE T_TYPE_INTS IF EXISTS;
0 rows affected
Running time elapsed:      0.19 Seconds
SQL> CREATE TABLE T_TYPE_INTS AS (SELECT TSMALLINT,TINTEGER,TBIGINT FROM P1000) WITH NO DATA;
0 rows affected
Running time elapsed:      0.33 Seconds
SQL> INSERT INTO T_TYPE_INTS (SELECT TSMALLINT,TINTEGER,TBIGINT FROM P1000 GROUP BY TSMALLINT, TINTEGER,TBIGINT HAVING TSMALLINT > 300 AND TINTEGER > 400 AND TBIGINT > 500);
9849103 rows affected
Running time elapsed:      9.12 Seconds
SQL> -- 查看返回结果
SQL> SELECT * FROM T_TYPE_INTS ORDER BY TSMALLINT LIMIT 10;
+-----------+----------+--------------+
| TSMALLINT | TINTEGER | TBIGINT      |
+-----------+----------+--------------+
| 303       | 46378464 | 618654205155 |
| 303       | 84037758 | 818060256236 |
| 303       | 59356932 | 274852798083 |
| 303       | 91325085 | 430741358239 |
| 303       | 99617789 | 105547167496 |
| 303       | 9403729  | 548455733540 |
| 303       | 78946835 | 345101285059 |
| 303       | 42687018 | 428172560353 |
| 303       | 22330927 | 105748911367 |
| 303       | 9028260  | 42006569771  |
+-----------+----------+--------------+
10 rows selected.
Running time elapsed:      0.93 Seconds
SQL> 
SQL> -- 5种浮点型数据类型组合
SQL> SELECT TREAL,TDOUBLE,TFLOAT,TDECIMAL,TNUMERIC FROM P1000 GROUP BY TREAL,TDOUBLE,TFLOAT,TDECIMAL,TNUMERIC HAVING TREAL > 400.22 OR TDOUBLE > 200.22 OR TDECIMAL > 400.11 OR TNUMERIC > 800.11 ORDER BY TREAL LIMIT 10;
+-------+---------+---------+----------+-----------+
| TREAL | TDOUBLE | TFLOAT  | TDECIMAL | TNUMERIC  |
+-------+---------+---------+----------+-----------+
| 16    | 75.53   | 9583.11 | 8130.61  | 5464.3584 |
| 16    | 5714.86 | 8269.49 | 570.07   | 3659.0261 |
| 16    | 3931.5  | 8773.02 | 6721.35  | 6613.5544 |
| 16    | 2697.35 | 5390.05 | 958.53   | 9390.9051 |
| 16    | 4548.53 | 4541.73 | 8560.05  | 5587.9238 |
| 16    | 6075.25 | 2233.07 | 75.87    | 4979.3196 |
| 16    | 2029.82 | 5948.53 | 7154.53  | 8552.836  |
| 16    | 2952.5  | 956.29  | 8253.05  | 4910.3487 |
| 16    | 7217.07 | 2683.75 | 4402.15  | 7320.964  |
| 16    | 9238.9  | 9078.67 | 8598.04  | 5942.4578 |
+-------+---------+---------+----------+-----------+
10 rows selected.
Running time elapsed:      2.28 Seconds
SQL> -- 把查询出的数据insert到T_TYPE_FLOATS表中
SQL> DROP TABLE T_TYPE_FLOATS IF EXISTS;
0 rows affected
Running time elapsed:      0.21 Seconds
SQL> CREATE TABLE T_TYPE_FLOATS AS (SELECT TREAL,TDOUBLE,TFLOAT,TDECIMAL,TNUMERIC FROM P1000) WITH NO DATA;
0 rows affected
Running time elapsed:      0.42 Seconds
SQL> INSERT INTO T_TYPE_FLOATS (SELECT TREAL,TDOUBLE,TFLOAT,TDECIMAL,TNUMERIC FROM P1000 GROUP BY TREAL,TDOUBLE,TFLOAT,TDECIMAL,TNUMERIC HAVING TREAL > 400.22 OR TDOUBLE > 200.22 OR TDECIMAL > 400.11 OR TNUMERIC > 800.11);
9999994 rows affected
Running time elapsed:      8.58 Seconds
SQL> -- 查看返回结果
SQL> SELECT * FROM T_TYPE_FLOATS ORDER BY TREAL,TDOUBLE,TFLOAT LIMIT 10;
+-------+---------+---------+----------+-----------+
| TREAL | TDOUBLE | TFLOAT  | TDECIMAL | TNUMERIC  |
+-------+---------+---------+----------+-----------+
| 16    | 75.53   | 9583.11 | 8130.61  | 5464.3584 |
| 16    | 407.57  | 1108.13 | 6729.75  | 375.3299  |
| 16    | 489.21  | 9140.73 | 9508.08  | 2529.8773 |
| 16    | 519.07  | 1871.99 | 2463.79  | 9367.9279 |
| 16    | 646.57  | 3815.67 | 8639.02  | 8288.4953 |
| 16    | 647.13  | 7154.53 | 6068.99  | 3797.2422 |
| 16    | 695.02  | 5559.33 | 3882.2   | 4768.8532 |
| 16    | 778.27  | 5509.41 | 8522.44  | 9361.9051 |
| 16    | 876.82  | 7574.84 | 5529.11  | 186.5201  |
| 16    | 927.11  | 2202.16 | 2282.82  | 948.4616  |
+-------+---------+---------+----------+-----------+
10 rows selected.
Running time elapsed:      1.01 Seconds
SQL> 
SQL> -- 2种日期数据类型组合
SQL> SELECT TDATE,TTIMESTAMP FROM P1000 GROUP BY TDATE,TTIMESTAMP HAVING TDATE > TO_DATE('1979-02-19','YYYY-MM-DD') AND TTIMESTAMP > TO_TIMESTAMP('1979-01-21 21:45:16.000000','YYYY-MM-DD HH24:MI:SS.FF') ORDER BY TTIMESTAMP LIMIT 10;
+------------+---------------------+
| TDATE      | TTIMESTAMP          |
+------------+---------------------+
| 1980-10-11 | 1979-01-21 21:52:31 |
| 2005-2-19  | 1979-01-21 21:54:46 |
| 2010-8-28  | 1979-01-21 21:59:50 |
| 2007-7-31  | 1979-01-21 22:01:06 |
| 1992-6-11  | 1979-01-21 22:04:52 |
| 2022-10-18 | 1979-01-21 22:07:01 |
| 2030-5-15  | 1979-01-21 22:13:27 |
| 2001-3-6   | 1979-01-21 22:14:35 |
| 2043-11-5  | 1979-01-21 22:26:24 |
| 2012-1-28  | 1979-01-21 22:29:46 |
+------------+---------------------+
10 rows selected.
Running time elapsed:      2.48 Seconds
SQL> -- 把查询出的数据insert到T_TYPE_DATES表中
SQL> DROP TABLE T_TYPE_DATES IF EXISTS;
0 rows affected
Running time elapsed:      0.23 Seconds
SQL> CREATE TABLE T_TYPE_DATES AS (SELECT TCHAR,TVARCHAR FROM P1000) WITH NO DATA;
0 rows affected
Running time elapsed:      0.35 Seconds
SQL> INSERT INTO T_TYPE_DATES (SELECT TDATE,TTIMESTAMP FROM P1000 GROUP BY TDATE,TTIMESTAMP HAVING TDATE > TO_DATE('1979-02-19','YYYY-MM-DD') AND TTIMESTAMP > TO_TIMESTAMP('1979-01-21 21:45:16.000000','YYYY-MM-DD HH24:MI:SS.FF'));
9972332 rows affected
Running time elapsed:     10.01 Seconds
SQL> -- 查看返回结果
SQL> SELECT * FROM T_TYPE_DATES ORDER BY TCHAR,TVARCHAR LIMIT 10;
+-----------------------------------------------------------------------------------------------------------------------------------------------------------------------------------------------------------------------------------------------------------------+---------------------+
| TCHAR                                                                                                                                                                                                                                                           | TVARCHAR            |
+-----------------------------------------------------------------------------------------------------------------------------------------------------------------------------------------------------------------------------------------------------------------+---------------------+
| 1979-02-20                                                                                                                                                                                                                                                      | 1979-05-12 13:02:07 |
| 1979-02-20                                                                                                                                                                                                                                                      | 1979-11-22 02:35:50 |
| 1979-02-20                                                                                                                                                                                                                                                      | 1980-05-20 05:52:20 |
| 1979-02-20                                                                                                                                                                                                                                                      | 1980-12-25 11:29:33 |
| 1979-02-20                                                                                                                                                                                                                                                      | 1981-01-06 06:46:00 |
| 1979-02-20                                                                                                                                                                                                                                                      | 1981-02-01 17:22:48 |
| 1979-02-20                                                                                                                                                                                                                                                      | 1981-07-12 02:56:39 |
| 1979-02-20                                                                                                                                                                                                                                                      | 1981-07-17 21:35:56 |
| 1979-02-20                                                                                                                                                                                                                                                      | 1981-08-29 21:15:49 |
| 1979-02-20                                                                                                                                                                                                                                                      | 1981-09-20 21:39:21 |
+-----------------------------------------------------------------------------------------------------------------------------------------------------------------------------------------------------------------------------------------------------------------+---------------------+
10 rows selected.
Running time elapsed:      1.09 Seconds
SQL> 
SQL> -- 2种字符数据类型组合
SQL> SELECT TCHAR,TVARCHAR FROM P1000 GROUP BY TCHAR, TVARCHAR HAVING TCHAR = 'NBr2nMF7JorJ9LKRZefRKlWj9vR3G8IRC5Wg86OeYzfuMBV7f6' OR TVARCHAR IN ('1SGYlFg5qlxYSOJm3RZF9KyGeIYMnIx8hJTWtG2Z4ABSpWlDN7pszRqJ2ujWLHfUJIR0UXPxFIDk3SrvURGL0P6qf375DfNyC9nO','LXFlGmwOWyAn4FaGV9xc5KkhInSWCOdM8n6o9PFmInF1w4Z1bnzRK78h2e2PoG83835E4t85ArAyLvIVkBvPnISZSFiG1aR4oeME') ORDER BY TCHAR LIMIT 10;
0 rows selected.
Running time elapsed:      1.29 Seconds
SQL> -- 把查询出的数据insert到T_TYPE_CHARS表中
SQL> DROP TABLE T_TYPE_CHARS IF EXISTS;
0 rows affected
Running time elapsed:      0.19 Seconds
SQL> CREATE TABLE T_TYPE_CHARS AS (SELECT TDATE,TTIMESTAMP FROM P1000) WITH NO DATA;
0 rows affected
Running time elapsed:      0.36 Seconds
SQL> INSERT INTO T_TYPE_CHARS (SELECT TCHAR,TVARCHAR FROM P1000 GROUP BY TCHAR, TVARCHAR HAVING TCHAR = 'NBr2nMF7JorJ9LKRZefRKlWj9vR3G8IRC5Wg86OeYzfuMBV7f6' OR TVARCHAR IN ('1SGYlFg5qlxYSOJm3RZF9KyGeIYMnIx8hJTWtG2Z4ABSpWlDN7pszRqJ2ujWLHfUJIR0UXPxFIDk3SrvURGL0P6qf375DfNyC9nO','LXFlGmwOWyAn4FaGV9xc5KkhInSWCOdM8n6o9PFmInF1w4Z1bnzRK78h2e2PoG83835E4t85ArAyLvIVkBvPnISZSFiG1aR4oeME'));
0 rows affected
Running time elapsed:      2.11 Seconds
SQL> -- 查看返回结果
SQL> SELECT * FROM T_TYPE_CHARS ORDER BY TDATE,TTIMESTAMP LIMIT 10;
0 rows selected.
Running time elapsed:      0.19 Seconds
SQL> 
SQL> -- 整型，浮点型，字符型，日期类型4种数据类型组合
SQL> SELECT TBIGINT,TDOUBLE,TCHAR,TDATE FROM P1000 GROUP BY TBIGINT, TDOUBLE, TCHAR,TDATE HAVING TBIGINT > 500 OR TDOUBLE < 400.22 OR TCHAR IN ('NBr2nMF7JorJ9LKRZefRKlWj9vR3G8IRC5Wg86OeYzfuMBV7f6','EicGCMKTtawEbtLLWkJuECm9ywDONiUgBqKMS45rfj947v7hAU') AND TDATE BETWEEN TO_DATE('1979-02-19','YYYY-MM-DD') AND TO_DATE('2010-11-21','YYYY-MM-DD') ORDER BY TBIGINT LIMIT 10;
+----------+---------+-----------------------------------------------------------------------------------------------------------------------------------------------------------------------------------------------------------------------------------------------------------------+------------+
| TBIGINT  | TDOUBLE | TCHAR                                                                                                                                                                                                                                                           | TDATE      |
+----------+---------+-----------------------------------------------------------------------------------------------------------------------------------------------------------------------------------------------------------------------------------------------------------------+------------+
| 27770954 | 2103.49 | 2vk2rwVRLwjFGzCrDbOghsNAXXhyviZfaOT29uBJ7OeI80ZO5O                                                                                                                                                                                                              | 1982-1-3   |
| 27770954 | 335.86  | epF2qeVVBsm7AVPen9sRFBrxyMyuB9FKrytYgFRnRjguAVMv38                                                                                                                                                                                                              | 2048-5-29  |
| 27770954 | 111.67  | kmLcVzcAE4aE7o7639xRbyBqNC4mYALD8R76vzFvFkHMO2CueR                                                                                                                                                                                                              | 2013-9-27  |
| 27770954 | 375.03  | zf2dckp7zeTbJd3KbpR5ykukFM5AW8pNuifvS5CPL2KpxK7HLL                                                                                                                                                                                                              | 2009-11-22 |
| 27770954 | 3309.67 | epc8nrocDTMCJ2CxPsGRgS6SDluRuMHV43sVbzmBq5ghNdtEeF                                                                                                                                                                                                              | 1992-12-16 |
| 27770954 | 3036.79 | HOZ9esgErLL9m6V952H2I5WG07thtDCPAFldiD4FvUJqvKrO60                                                                                                                                                                                                              | 2041-6-8   |
| 27770954 | 9844.05 | xDLy5BLKY2ZmSlAwDBjUwdI4COADXE8kBfTF8CIMvUAYKkR24n                                                                                                                                                                                                              | 2041-12-21 |
| 27770954 | 1432.5  | 8efHRPYRO9l2Dj06iqwpqyIMZR90OEbe2Ti5VeMcEvHmDIEZCE                                                                                                                                                                                                              | 2008-5-25  |
| 27770954 | 9964.33 | 5qrGUadlsyiNHBT8heP4KX4SOjMAeTi9gYTX8TzSc837CGgzLu                                                                                                                                                                                                              | 2028-7-6   |
| 27770954 | 7307.41 | 9tI0EDMMWExhs2tGY2qPk0lI0GgAGR0lrK07eGR7y4uXwn8W0R                                                                                                                                                                                                              | 2048-10-29 |
+----------+---------+-----------------------------------------------------------------------------------------------------------------------------------------------------------------------------------------------------------------------------------------------------------------+------------+
10 rows selected.
Running time elapsed:      2.45 Seconds
SQL> -- 把查询出的数据insert到T_TYPE_ARRAY4表中
SQL> DROP TABLE T_TYPE_ARRAY4 IF EXISTS;
0 rows affected
Running time elapsed:      0.21 Seconds
SQL> CREATE TABLE T_TYPE_ARRAY4 AS (SELECT TBIGINT,TDOUBLE,TCHAR,TDATE FROM P1000) WITH NO DATA;
0 rows affected
Running time elapsed:      0.36 Seconds
SQL> INSERT INTO T_TYPE_ARRAY4 (SELECT TBIGINT,TDOUBLE,TCHAR,TDATE FROM P1000 GROUP BY TBIGINT, TDOUBLE, TCHAR,TDATE HAVING TBIGINT > 500 OR TDOUBLE < 400.22 OR TCHAR IN ('NBr2nMF7JorJ9LKRZefRKlWj9vR3G8IRC5Wg86OeYzfuMBV7f6','EicGCMKTtawEbtLLWkJuECm9ywDONiUgBqKMS45rfj947v7hAU') AND TDATE BETWEEN TO_DATE('1979-02-19','YYYY-MM-DD') AND TO_DATE('2010-11-21','YYYY-MM-DD'));
10000000 rows affected
Running time elapsed:      9.11 Seconds
SQL> -- 查看返回结果
SQL> SELECT * FROM T_TYPE_ARRAY4 ORDER BY TBIGINT,TDOUBLE,TCHAR LIMIT 10;
+----------+---------+-----------------------------------------------------------------------------------------------------------------------------------------------------------------------------------------------------------------------------------------------------------------+------------+
| TBIGINT  | TDOUBLE | TCHAR                                                                                                                                                                                                                                                           | TDATE      |
+----------+---------+-----------------------------------------------------------------------------------------------------------------------------------------------------------------------------------------------------------------------------------------------------------------+------------+
| 27770954 | 16.02   | Lrt059AHPtP5XapR0Yi7Ti7gpy8YxmHg8tUO5jKERjFRJeCkF5                                                                                                                                                                                                              | 2024-3-31  |
| 27770954 | 16.25   | ABF33nte6i19WSTzxzR4OFMz1e1559mxLfdA9RHXFW3izgfYIR                                                                                                                                                                                                              | 2025-7-13  |
| 27770954 | 16.5    | ulM2SJIXj6yUvFkT7Bg7RTXBWKf5FAOfaJUYlpjkha7JCKNCph                                                                                                                                                                                                              | 2022-5-26  |
| 27770954 | 38.62   | fYUwDYmHYRPMv2A9vy0zi8blL03AxppIMI7EnDEdqhxVUefbyh                                                                                                                                                                                                              | 2010-4-16  |
| 27770954 | 38.95   | vPRfy5LdoxeYisxayXd6sWcm8L5TUzVtFtBHN410qN8G5TLleW                                                                                                                                                                                                              | 2025-11-22 |
| 27770954 | 86.67   | TuADGAWJywneZJwxuPGi4oSRuKdcE1kImyAytAKRSmw9AMIzyr                                                                                                                                                                                                              | 2018-6-28  |
| 27770954 | 111.6   | bNtoOFb63T18EuWbWEiZL4GvpV0y6P5Zn8eFfayqlEmjyocA2W                                                                                                                                                                                                              | 1989-3-1   |
| 27770954 | 111.67  | kmLcVzcAE4aE7o7639xRbyBqNC4mYALD8R76vzFvFkHMO2CueR                                                                                                                                                                                                              | 2013-9-27  |
| 27770954 | 112.7   | TuXek6Rmg4RpW2tIekfB7WsD3gwzwhCpNeHhbOZaFstiBUKBF8                                                                                                                                                                                                              | 1998-5-29  |
| 27770954 | 186.03  | mCiD1pLk2HRIu58LqMRKzTM704lSvGANdKIwsVx7sHPFD12VIW                                                                                                                                                                                                              | 1988-1-20  |
+----------+---------+-----------------------------------------------------------------------------------------------------------------------------------------------------------------------------------------------------------------------------------------------------------------+------------+
10 rows selected.
Running time elapsed:      1.22 Seconds
SQL> 
SQL> -- 整型，浮点型2种数据类型组合
SQL> SELECT TSMALLINT,TREAL FROM P1000 GROUP BY TSMALLINT, TREAL HAVING TSMALLINT >30 AND TREAL > 40.34 ORDER BY TSMALLINT LIMIT 10;
+-----------+---------+
| TSMALLINT | TREAL   |
+-----------+---------+
| 38        | 5015.5  |
| 38        | 9217.58 |
| 38        | 802.49  |
| 38        | 2683.07 |
| 38        | 9361.46 |
| 38        | 5345.5  |
| 38        | 2037.16 |
| 38        | 1428.69 |
| 38        | 2783.3  |
| 38        | 4347.69 |
+-----------+---------+
10 rows selected.
Running time elapsed:      2.02 Seconds
SQL> -- 把查询出的数据insert到T_TYPE_ARRAY21表中
SQL> DROP TABLE T_TYPE_ARRAY21 IF EXISTS;
0 rows affected
Running time elapsed:      0.19 Seconds
SQL> CREATE TABLE T_TYPE_ARRAY21 AS (SELECT TSMALLINT,TREAL FROM P1000) WITH NO DATA;
0 rows affected
Running time elapsed:      0.49 Seconds
SQL> INSERT INTO T_TYPE_ARRAY21 (SELECT TSMALLINT,TREAL FROM P1000 GROUP BY TSMALLINT, TREAL HAVING TSMALLINT >30 AND TREAL > 40.34);
8768421 rows affected
Running time elapsed:      7.16 Seconds
SQL> SELECT * FROM T_TYPE_ARRAY21 ORDER BY TSMALLINT LIMIT 10;
+-----------+---------+
| TSMALLINT | TREAL   |
+-----------+---------+
| 38        | 9911.49 |
| 38        | 3745.64 |
| 38        | 7574.7  |
| 38        | 5154.4  |
| 38        | 5942.27 |
| 38        | 4710.82 |
| 38        | 6615.79 |
| 38        | 1998.02 |
| 38        | 2241.67 |
| 38        | 7097.08 |
+-----------+---------+
10 rows selected.
Running time elapsed:      1.01 Seconds
SQL> 
SQL> -- 整型，字符型2种数据类型组合
SQL> SELECT TINTEGER,TVARCHAR FROM P1000 GROUP BY TINTEGER, TVARCHAR HAVING TINTEGER > 200 AND TVARCHAR NOT IN ('1SGYlFg5qlxYSOJm3RZF9KyGeIYMnIx8hJTWtG2Z4ABSpWlDN7pszRqJ2ujWLHfUJIR0UXPxFIDk3SrvURGL0P6qf375DfNyC9nO','LXFlGmwOWyAn4FaGV9xc5KkhInSWCOdM8n6o9PFmInF1w4Z1bnzRK78h2e2PoG83835E4t85ArAyLvIVkBvPnISZSFiG1aR4oeME') ORDER BY TINTEGER LIMIT 10;
+----------+------------------------------------------------------------------------------------------------------+
| TINTEGER | TVARCHAR                                                                                             |
+----------+------------------------------------------------------------------------------------------------------+
| 2777     | HsB0yjhVl2tNJseGCzwqnTiaj4zLyHNo9DyPemdz5fFXupuyigLAxh5RAENMMRs6MxD0ZiWIGdPDWyp3dFa62DFwh7TDXGmjkcOP |
| 2777     | LjqoGZKEC6ZDDkLOtHeYyrB39Fj5Gd8VKuTe2cmyUeTMxDla9RYTZLgAcmgvNt9T2v0plfe4DFIt2NMWEIFXMGGF9ZTHZJI5gRhi |
| 2777     | TveemJ9RpPpZg6tWdlR5q0Rq6hRMDCFAFUCujnkSL1RouegrCciOjpG85GK45zArVR5tECGY6xZVqVp3bMVqoE9w5AuKVx54PgiI |
| 2777     | wg9ZU8v62R2n6G5PEAYvED1Z4OrZgfH3GEuYrPTHkrmLX5FVtMEHWujkA5BiCltc5aZz0B0uuJAx5d76qTrcotUGUPJCcGWgm56F |
| 2777     | VMXXuCENefJMdBnnclWGvFK3UzapJJbGny0Ael9DAZu2rwhFtOEiVpzhmUEw8xwliBSMqiKnYyzFMCOzqKOsu5YmBZYMmTqFHbB7 |
| 2777     | SUFzo5XELDZEjmTS5KrzYLYw7oVA9BXtCj1Iu2ABpGq75RGj0iWEE0xDD4vJERPO2HkfkS8k69H6htZ3teT22fuvrY7l8FLdoj9B |
| 2777     | sDWOPDsmPpu9tegRNDbyPDwk8CjTBlhE0RU7XYPdFrj4nv8jMf2mZ9RycRCiuDOE5q5rpYGJGAlgk7a4asWVwGSgCB0A1FBkcBel |
| 2777     | cFiyDzJrXcU7sURauiSxDLSeERaRaZJJF3xyOaHDHv6t18ctMkpESygUyuMmBHNevZrzHyUYg2SWfzIySL5gq2J4XodRsruH5R2U |
| 2777     | CUPl5wTXEDa9woC5BKdIUJBaWMG53yRSVtLSLk4tiPJMguBM0w9D7KFsPMBBFAATqR3nVE2a5Azk8Ihp4mMH6BhSkyrio5wx9NCK |
| 2777     | NWkdp43btx8mqGUqcCfLT91WTaEkA6hGB0qc0VI8MeZ9RR7rJJGFU9AdoooOCGVBoFGSO0RRxfVWgdAvK0uG82ANtx9bIlYVlT6w |
+----------+------------------------------------------------------------------------------------------------------+
10 rows selected.
Running time elapsed:      2.12 Seconds
SQL> -- 把查询出的数据insert到T_TYPE_ARRAY22表中
SQL> DROP TABLE T_TYPE_ARRAY22 IF EXISTS;
0 rows affected
Running time elapsed:      0.20 Seconds
SQL> CREATE TABLE T_TYPE_ARRAY22 AS (SELECT TINTEGER,TVARCHAR FROM P1000) WITH NO DATA;
0 rows affected
Running time elapsed:      0.35 Seconds
SQL> INSERT INTO T_TYPE_ARRAY22 (SELECT TINTEGER,TVARCHAR FROM P1000 GROUP BY TINTEGER, TVARCHAR HAVING TINTEGER > 200 AND TVARCHAR NOT IN ('1SGYlFg5qlxYSOJm3RZF9KyGeIYMnIx8hJTWtG2Z4ABSpWlDN7pszRqJ2ujWLHfUJIR0UXPxFIDk3SrvURGL0P6qf375DfNyC9nO','LXFlGmwOWyAn4FaGV9xc5KkhInSWCOdM8n6o9PFmInF1w4Z1bnzRK78h2e2PoG83835E4t85ArAyLvIVkBvPnISZSFiG1aR4oeME'));
9515664 rows affected
Running time elapsed:     11.09 Seconds
SQL> -- 查看返回结果
SQL> SELECT * FROM T_TYPE_ARRAY22 ORDER BY TINTEGER LIMIT 10;
+----------+------------------------------------------------------------------------------------------------------+
| TINTEGER | TVARCHAR                                                                                             |
+----------+------------------------------------------------------------------------------------------------------+
| 2777     | BhrCPLNiy4JiaKSEgcEK8Yq6C91GqPD1FoYRb9ROEpeE8UCreuGNRNPACLSXqkS4ybp2PXR5aJiSJelpu6v1wtB3r1S22K1rS1VK |
| 2777     | JcNaAzRpe9cbRmkxTkaJXMsOe9R37EnN5T5vnnjH2LWr64KtgATm4BH5sEfgyUpD9do0bnYgkkrjozmTAtrbVGBaWFrZM4MxcWVV |
| 2777     | bbHawo4ZyhZMAU7tdYlrw1P0wAUrWgSeGUW8eRyXgc0BUjS1oMRlLGxRv48oLs2uLWLAM3rL5P7TRM5lreErzFbhErbCqxH2s05R |
| 2777     | zEA5vlVl905Oj6iPoBcKiYzLI6BTTDblFwJcxfe3Ju38w0owXSUgSAvYmVBUGbeZAPHMHeLwXPef8GTZsYDPhmnWiNcC7dALzsNy |
| 2777     | ew60Rs1mmR80MBJ2XdCFR6VIGlUalDfTD4zRE8uG230LBDgDhJCaG2JxWmpi2v7LX0dr1sgC3twotF8jlfT7O8F7VWAe95ATqlg8 |
| 2777     | SApaRVVqDsy90FhszoOy6hVpTYM1rTpFs47oX3UcHc9wNMC07dER9doETb7DwKkAFy4ngbUd72VKBlXS4t9CxysRdwtDlCz2INBr |
| 2777     | iLSzK2L6Dpdg5b7CDchNXaOx3Lyc32z7vwNnEODF8Phbh9B2eGDa89vbi8VvOC12H6OHzYoK55VoxmHu1i3HEnjXiUX4tIO3roHR |
| 2777     | ZnhKGSnpuMFAUGSRiPB5FKsRTwllOVj3b6zNBS1iJFGV587L46AHpUtdl1VoGSBEJ4I8NxzVEfABRG2mzVbzEpRzCO0JFqATAaCA |
| 2777     | Nt0RVHeAmlIgPsZUnN0UdgPjzOKO93IFwmGChttPaEozsiIyZAFINKB6HfmERKMIjxGpnLiT5RXBVgiKwFfd7ezl3mJtaWVdXd0N |
| 2777     | 8TRaZrm9Rs0izalsGccyqj6B67wGF5MRBPHKCw8TaglP1PG4FZZupVk26wcEXvi232xUrD3GSjAGv0hGRF5FuCdu2D2eXtMGJwxj |
+----------+------------------------------------------------------------------------------------------------------+
10 rows selected.
Running time elapsed:      1.23 Seconds
SQL> 
SQL> -- 整型，日期型2种数据类型组合
SQL> SELECT TBIGINT,TDATE FROM P1000 GROUP BY TBIGINT, TDATE HAVING TBIGINT > 400 AND TDATE > TO_DATE('1979-02-19','YYYY-MM-DD HH24:MI:SS') ORDER BY TBIGINT LIMIT 10;
0 rows selected.
Running time elapsed:      1.17 Seconds
SQL> -- 把查询出的数据insert到T_TYPE_ARRAY23表中
SQL> DROP TABLE T_TYPE_ARRAY23 IF EXISTS;
0 rows affected
Running time elapsed:      0.19 Seconds
SQL> CREATE TABLE T_TYPE_ARRAY23 AS (SELECT TBIGINT,TDATE FROM P1000) WITH NO DATA;
0 rows affected
Running time elapsed:      1.05 Seconds
SQL> INSERT INTO T_TYPE_ARRAY23 (SELECT TBIGINT,TDATE FROM P1000 GROUP BY TBIGINT, TDATE HAVING TBIGINT > 400 AND TDATE > TO_DATE('1979-02-19','YYYY-MM-DD HH24:MI:SS'));
0 rows affected
Running time elapsed:      3.36 Seconds
SQL> -- 查看返回结果
SQL> SELECT * FROM T_TYPE_ARRAY23 ORDER BY TBIGINT LIMIT 10;
0 rows selected.
Running time elapsed:      0.19 Seconds
SQL> 
SQL> -- 整型，浮点型，字符型3种数据类型组合
SQL> SELECT TSMALLINT,TREAL,TCHAR FROM P1000 GROUP BY TSMALLINT, TREAL, TCHAR HAVING TSMALLINT > 300 AND TREAL<100.33 OR TCHAR = 'NBr2nMF7JorJ9LKRZefRKlWj9vR3G8IRC5Wg86OeYzfuMBV7f6' ORDER BY TSMALLINT LIMIT 10;
+-----------+-------+-----------------------------------------------------------------------------------------------------------------------------------------------------------------------------------------------------------------------------------------------------------------+
| TSMALLINT | TREAL | TCHAR                                                                                                                                                                                                                                                           |
+-----------+-------+-----------------------------------------------------------------------------------------------------------------------------------------------------------------------------------------------------------------------------------------------------------------+
| 303       | 70.86 | dJWadBkZ3WtWCyBaABR3E4ulyD476FplradvVHA89cuuXKjMcG                                                                                                                                                                                                              |
| 303       | 30.05 | LeUrChaPy9VSSjHmURUFPl8q00MeLSMWOBIYRf4JW1DUzS5Clz                                                                                                                                                                                                              |
| 303       | 30.54 | Bx8CjxPZruaWSXCm6bkHSvYiRr6IxH25cuCSo2i5a8r6e0AB8n                                                                                                                                                                                                              |
| 303       | 30.43 | FIpfJVlVAi1Rv6u3EteEp1aMFXRxeXcixNUd1otl4RzpBPVe10                                                                                                                                                                                                              |
| 303       | 38.25 | bkZylBNoO0KXYVihCPYtFhYqEdprMAU1Y5fMI2JBXBjHAqvNp1                                                                                                                                                                                                              |
| 303       | 70.58 | fcCEt6EAfSrzcv961asfd05swEFrXY2w9WiBn6E8k3kKnMkhpz                                                                                                                                                                                                              |
| 303       | 38.11 | xuY0yCcgg5zq4CpGsyb6RFiAujr7g5rstRNg4jDd4Zhwjhc4xp                                                                                                                                                                                                              |
| 303       | 38.61 | LOF7nvP0oC3vCgsiitDOX4SwDLUrPKXHD07gvsDloD44EbLURA                                                                                                                                                                                                              |
| 303       | 38.05 | dtdD9mACUkERUOCMueOso7lJt9iM32YDTTzFpGOMbnaENL3jfY                                                                                                                                                                                                              |
| 303       | 75.6  | FDJ47SKXo3FtLTOEkDSpWtyKmxcfhpPefP4cDr5J0zBLYmuIr9                                                                                                                                                                                                              |
+-----------+-------+-----------------------------------------------------------------------------------------------------------------------------------------------------------------------------------------------------------------------------------------------------------------+
10 rows selected.
Running time elapsed:      1.56 Seconds
SQL> -- 把查询出的数据insert到T_TYPE_ARRAY31表中
SQL> DROP TABLE T_TYPE_ARRAY31 IF EXISTS;
0 rows affected
Running time elapsed:      0.20 Seconds
SQL> CREATE TABLE T_TYPE_ARRAY31 AS (SELECT TSMALLINT,TREAL,TCHAR FROM P1000) WITH NO DATA;
0 rows affected
Running time elapsed:      0.43 Seconds
SQL> INSERT INTO T_TYPE_ARRAY31 (SELECT TSMALLINT,TREAL,TCHAR FROM P1000 GROUP BY TSMALLINT, TREAL, TCHAR HAVING TSMALLINT > 300 AND TREAL<100.33 OR TCHAR = 'NBr2nMF7JorJ9LKRZefRKlWj9vR3G8IRC5Wg86OeYzfuMBV7f6');
59357 rows affected
Running time elapsed:      7.59 Seconds
SQL> -- 查看返回结果
SQL> SELECT * FROM T_TYPE_ARRAY31 ORDER BY TSMALLINT LIMIT 10;
+-----------+-------+-----------------------------------------------------------------------------------------------------------------------------------------------------------------------------------------------------------------------------------------------------------------+
| TSMALLINT | TREAL | TCHAR                                                                                                                                                                                                                                                           |
+-----------+-------+-----------------------------------------------------------------------------------------------------------------------------------------------------------------------------------------------------------------------------------------------------------------+
| 303       | 75.69 | 7ur1AHbWpBVi0u6SKwBRCpnhcDcxtppwOacAbnUBPGxvxSdxGf                                                                                                                                                                                                              |
| 303       | 30.02 | LofLZgd1aulfLPc7gmLRRUYEgN0RR2OW3vptRjC4IvLCEfOlAP                                                                                                                                                                                                              |
| 303       | 86.04 | W6GRf3KFLW5byNr7xrgVAPUSmoqZIOo73NuelfigUmYReCC0Oc                                                                                                                                                                                                              |
| 303       | 30.08 | uJc1HbNpNnvXFGNSO0BtasPADdroPx4Fl7XY8pLhJHGgafPIgP                                                                                                                                                                                                              |
| 303       | 70.03 | HbVGy5DEvGjHkfvGdEZq4gowt8RAKEtwWUwDWnCNyX1zbLMI9R                                                                                                                                                                                                              |
| 303       | 70.51 | tdV1VCllTRE5uhMzfwE2ToApfJURyXiX95kFPAp1oGMiXSji1P                                                                                                                                                                                                              |
| 303       | 86.07 | DIUGZnw2KTxrYZ66hCNIev0GB4mmC2ZcwYFHOdf1qOIxHDz9dO                                                                                                                                                                                                              |
| 303       | 70.93 | dSfGnMLGJER2Oq6kYMERThZcgCKqWwPlAdCy517HpGGbYO7acN                                                                                                                                                                                                              |
| 303       | 75.46 | nu2VY2kd6ITc91SRCi2CgJUSwrLJpTqbuFhNEqdgsTxPOIs1eX                                                                                                                                                                                                              |
| 303       | 75.6  | JGwRJAkUjGXC2NravD1XAHpYyGhvSrknLUCXX7KhvHsReOFgA0                                                                                                                                                                                                              |
+-----------+-------+-----------------------------------------------------------------------------------------------------------------------------------------------------------------------------------------------------------------------------------------------------------------+
10 rows selected.
Running time elapsed:      0.95 Seconds
SQL> 
SQL> -- 整型，浮点型，日期型3种数据类型组合
SQL> SELECT TSMALLINT,TREAL,TDATE FROM P1000 GROUP BY TSMALLINT, TREAL, TDATE HAVING TSMALLINT> 40 AND TREAL >4000.23 AND TDATE BETWEEN TO_DATE('1979-02-19','YYYY-MM-DD') AND TO_DATE('2010-11-21','YYYY-MM-DD') ORDER BY TSMALLINT,TREAL,TDATE LIMIT 10;
+-----------+---------+-----------+
| TSMALLINT | TREAL   | TDATE     |
+-----------+---------+-----------+
| 70        | 4002.13 | 2000-9-1  |
| 70        | 4002.51 | 2009-9-3  |
| 70        | 4002.93 | 2006-8-28 |
| 70        | 4003.04 | 1997-7-18 |
| 70        | 4003.04 | 2009-3-1  |
| 70        | 4003.07 | 1980-5-31 |
| 70        | 4003.42 | 1991-6-7  |
| 70        | 4003.42 | 1999-7-13 |
| 70        | 4003.7  | 1996-2-20 |
| 70        | 4012.37 | 1991-5-16 |
+-----------+---------+-----------+
10 rows selected.
Running time elapsed:      2.02 Seconds
SQL> -- 把查询出的数据insert到T_TYPE_ARRAY32表中
SQL> DROP TABLE T_TYPE_ARRAY32 IF EXISTS;
0 rows affected
Running time elapsed:      0.20 Seconds
SQL> CREATE TABLE T_TYPE_ARRAY32 AS (SELECT TSMALLINT,TREAL,TDATE FROM P1000) WITH NO DATA;
0 rows affected
Running time elapsed:      0.43 Seconds
SQL> INSERT INTO T_TYPE_ARRAY32 (SELECT TSMALLINT,TREAL,TDATE FROM P1000 GROUP BY TSMALLINT, TREAL, TDATE HAVING TSMALLINT> 40 AND TREAL >4000.23  AND TDATE BETWEEN TO_DATE('1979-02-19','YYYY-MM-DD') AND TO_DATE('2010-11-21','YYYY-MM-DD'));
2615997 rows affected
Running time elapsed:      7.19 Seconds
SQL> -- 查看返回结果
SQL> SELECT * FROM T_TYPE_ARRAY32 ORDER BY TSMALLINT,TREAL,TDATE LIMIT 10;
+-----------+---------+-----------+
| TSMALLINT | TREAL   | TDATE     |
+-----------+---------+-----------+
| 70        | 4002.13 | 2000-9-1  |
| 70        | 4002.51 | 2009-9-3  |
| 70        | 4002.93 | 2006-8-28 |
| 70        | 4003.04 | 1997-7-18 |
| 70        | 4003.04 | 2009-3-1  |
| 70        | 4003.07 | 1980-5-31 |
| 70        | 4003.42 | 1991-6-7  |
| 70        | 4003.42 | 1999-7-13 |
| 70        | 4003.7  | 1996-2-20 |
| 70        | 4012.37 | 1991-5-16 |
+-----------+---------+-----------+
10 rows selected.
Running time elapsed:      1.13 Seconds
SQL> 
SQL> -- 浮点型，字符型，日期型3种数据类型组合
SQL> SELECT TREAL,TCHAR,TDATE FROM P1000 GROUP BY TREAL,TCHAR, TDATE HAVING TREAL >300.22 AND TCHAR IN ('NBr2nMF7JorJ9LKRZefRKlWj9vR3G8IRC5Wg86OeYzfuMBV7f6','EicGCMKTtawEbtLLWkJuECm9ywDONiUgBqKMS45rfj947v7hAU') AND TDATE >TO_DATE('1979-02-19','YYYY-MM-DD') ORDER BY TDATE LIMIT 10;
0 rows selected.
Running time elapsed:      1.38 Seconds
SQL> -- 把查询出的数据insert到T_TYPE_ARRAY33表中
SQL> DROP TABLE T_TYPE_ARRAY33 IF EXISTS;
0 rows affected
Running time elapsed:      0.19 Seconds
SQL> CREATE TABLE T_TYPE_ARRAY33 AS (SELECT TREAL,TCHAR,TDATE FROM P1000) WITH NO DATA;
0 rows affected
Running time elapsed:      0.36 Seconds
SQL> INSERT INTO T_TYPE_ARRAY33 (SELECT TREAL,TCHAR,TDATE FROM P1000 GROUP BY TREAL,TCHAR, TDATE HAVING TREAL >300.22 AND TCHAR IN ('NBr2nMF7JorJ9LKRZefRKlWj9vR3G8IRC5Wg86OeYzfuMBV7f6','EicGCMKTtawEbtLLWkJuECm9ywDONiUgBqKMS45rfj947v7hAU') AND TDATE >TO_DATE('1979-02-19','YYYY-MM-DD'));
0 rows affected
Running time elapsed:      2.10 Seconds
SQL> -- 查看返回结果
SQL> SELECT * FROM T_TYPE_ARRAY33 ORDER BY TDATE LIMIT 10;
0 rows selected.
Running time elapsed:      0.19 Seconds
SQL> 
SQL> -- 因为布尔型的数据在数据库表里只有一种数据：True，timestamp类型的数据在数据库表里没有重复数据，所以选取余下的11种类型的数据进行组合查询
SQL> SELECT TSMALLINT,TINTEGER,TBIGINT,TREAL,TDOUBLE,TFLOAT,TDECIMAL,TNUMERIC,TDATE,TCHAR,TVARCHAR FROM P1000 GROUP BY TSMALLINT, TINTEGER, TBIGINT, TREAL, TDOUBLE, TFLOAT, TDECIMAL, TNUMERIC, TDATE, TCHAR, TVARCHAR HAVING (TSMALLINT>12 OR TINTEGER>30 OR TBIGINT>400) AND (TREAL>1.1 OR TDOUBLE>2.3 OR TFLOAT>1.2 OR TDECIMAL>2.3 OR TNUMERIC>4.4) AND TDATE >TO_DATE('1999-01-01','YYYY-MM-DD') OR TCHAR ='EicGCMKTtawEbtLLWkJuECm9ywDONiUgBqKMS45rfj947v7hAU' OR TVARCHAR ='jFSa9VH11qZFwAlKFd7ya9TMC6mGmIZIk4jM8rFP8RPXAuFFY1qD3CW08B6ySGqHsKGucfEU7r8KHWmyP3VBnnN0A1PEir6JCSNE' ORDER BY TSMALLINT LIMIT 10;
+-----------+----------+--------------+---------+---------+---------+----------+-----------+------------+-----------------------------------------------------------------------------------------------------------------------------------------------------------------------------------------------------------------------------------------------------------------+------------------------------------------------------------------------------------------------------+
| TSMALLINT | TINTEGER | TBIGINT      | TREAL   | TDOUBLE | TFLOAT  | TDECIMAL | TNUMERIC  | TDATE      | TCHAR                                                                                                                                                                                                                                                           | TVARCHAR                                                                                             |
+-----------+----------+--------------+---------+---------+---------+----------+-----------+------------+-----------------------------------------------------------------------------------------------------------------------------------------------------------------------------------------------------------------------------------------------------------------+------------------------------------------------------------------------------------------------------+
| 16        | 53593953 | 484037605104 | 927.82  | 8883.2  | 4506.67 | 8004.78  | 2697.3701 | 2035-3-11  | EDKKMz1AZxDSuPpcX0yj7jvjdOD4Nh5MkvbgW3HlRzUIYlzBVh                                                                                                                                                                                                              | U5VjGYcjcwSgSA1MNLpOkoE4nvoFvgxkF7DI3fyBYOTqlfWRlTkZ5YLcRWuMlLtC7pvF05ZoF3rnk7NC2ZyuZvonKpSaWAyUs0pp |
| 16        | 15047631 | 79108831555  | 2150.82 | 3196.25 | 4979.46 | 7790.85  | 6032.5457 | 2047-11-7  | TgWznR5HD8ZpWhpRfPRSGLmJpaXpK80HFGZFAuMZ5HU9znYMWN                                                                                                                                                                                                              | guA1KYx6N79Yro9ZYMVVbEnjfvVlOOCCRsqRhzGfme2VGGxxEgiggefo0mXVjRLqoMkGWRRmrUlmkbsl2Fvjjq43GxlViTN71469 |
| 16        | 58538939 | 965423662143 | 6639.85 | 6236.49 | 4643.51 | 7394.04  | 16.6019   | 2001-9-24  | ypD8D9doRSiF2U3GtCfJBxyFRxHT5zLdCdEN9V9sMrPPYDKnYq                                                                                                                                                                                                              | sibXDX3N3ElyBFi27tpVEHtmC1JHN15haFRDbsK8ZvExUi5k3AdRmKCVTLfPDrfj2LmDH9mLYKxREDWuSdFRGktlsTSV52yKWjO3 |
| 16        | 63386459 | 402243823304 | 566.44  | 2953.72 | 5695.05 | 361.33   | 2106.4282 | 2042-2-17  | ZRW1yzRFLJMiIwqhRzvvJwTdCLfgTlczOUKIgVJneD06OFBGph                                                                                                                                                                                                              | 6RMIByDo2sHYRs745xWzKRPvLaRdA0MDjXnAtR3bwq0305A48ZrRupzAj3wHOAUeE7YnUFcF8Vhs7qSaE7IDHmYtqAXRgiGB254o |
| 16        | 65800341 | 336702947264 | 4424.05 | 751.02  | 6186    | 4449.54  | 4560.8266 | 2006-11-28 | Rond3r1DBGfnBMBSpncNxwvLpjHzTKzK3TJXoWn1JnemD3fJGa                                                                                                                                                                                                              | k1LV5t991wH9rDwvODZEvcedZrzG63bU0khAUkARTdfixN9mjl8Z9sicECH5eLoUa9ENnvVmc2bsswV8HgFE8vIf454iK3wkFUrm |
| 16        | 68471602 | 236699043762 | 6501.46 | 8896.75 | 6707.61 | 86.12    | 4236.5351 | 2024-5-15  | NU3cDchY59mxHxZ7jYAX4HcNVZJ8o4wDXabzR7KgmtJJ6BjxSL                                                                                                                                                                                                              | jXdKZzHjGAMnpVfSuR7wUK4xG2RHujNgIHiclA9GwlsIsSRvKvFR3KLI3l1n9bRtSB6X8aX1uSHn6AGgZiiLkGtvadB2CMDSB7KC |
| 16        | 45359686 | 603113191592 | 4832.08 | 7730.51 | 5275.02 | 6976.86  | 583.5607  | 2035-12-5  | VG1oAkt7mh5mEIFJzD7UmSMuRXS1WSR7EThyfOumEyeeNSXaqg                                                                                                                                                                                                              | FLymzUwERCDR43GpRGM1pDgiBet0wnydSeTNzPIIHbX565EKFsIA3RN07c7yPesHw7bp28DIJfWlHN2RdSBz15d5bKoGxxVEmXT2 |
| 16        | 28355019 | 285817908749 | 6312.49 | 7036.95 | 6501.27 | 2037.02  | 4984.3742 | 2011-8-22  | g0NMDFdDPCK5cL86gHTTThAhFjJ0pC1wvln2a79t157Xeaf9Cv                                                                                                                                                                                                              | X9oIauoMxn7qOulaYcUEJb6EreYB9XRZ9jB9bNn5AuoRRlX0emezrDk6l7Vnd497na6lasn7ZNcVqCo2S9GMdFX9lIpdlDG0CZ01 |
| 16        | 86051867 | 653032973792 | 4506.04 | 4853.02 | 744.51  | 1445.16  | 3846.5329 | 2012-8-21  | F0SfaKLXSoYbWsMjnyA4AP4XCJzibZtZBRDeEAfM6RSdbGDM6T                                                                                                                                                                                                              | up5XvhOJgmfRjjGbnODnXXqx6vR5POfKjGDyP9cWJjDHD4vhOqoKsFKF2M6vogNGHBgEthfvSUJUPaniGxoyjysCrePtacu4wwzR |
| 16        | 96885630 | 42681331534  | 1782.46 | 5546.25 | 8503.12 | 8522.64  | 2265.2186 | 2037-1-24  | m3fFFAUrOiX43C9YXEoSSRzETYDJRCAtZpRNR12GGATfZgv5X6                                                                                                                                                                                                              | CY4G2cfLpJTpXeHpjJ9D3mH3VNHAvSlNxsHkVPaZDU1qYYx2mzCm5DfyZ5dOjmYA5GJPtRgcRsm5w0ZRBDbFUtn1YSbv8RT0Fe64 |
+-----------+----------+--------------+---------+---------+---------+----------+-----------+------------+-----------------------------------------------------------------------------------------------------------------------------------------------------------------------------------------------------------------------------------------------------------------+------------------------------------------------------------------------------------------------------+
10 rows selected.
Running time elapsed:      2.89 Seconds
SQL> -- 把查询出的数据insert到T_TYPE_ALL表中
SQL> DROP TABLE T_TYPE_ALL IF EXISTS;
0 rows affected
Running time elapsed:      0.20 Seconds
SQL> CREATE TABLE T_TYPE_ALL AS (SELECT TSMALLINT,TINTEGER,TBIGINT,TREAL,TDOUBLE,TFLOAT,TDECIMAL,TNUMERIC,TDATE,TCHAR,TVARCHAR FROM P1000) WITH NO DATA;
0 rows affected
Running time elapsed:      0.59 Seconds
SQL> INSERT INTO T_TYPE_ALL (SELECT TSMALLINT,TINTEGER,TBIGINT,TREAL,TDOUBLE,TFLOAT,TDECIMAL,TNUMERIC,TDATE,TCHAR,TVARCHAR FROM P1000 GROUP BY TSMALLINT, TINTEGER, TBIGINT, TREAL, TDOUBLE, TFLOAT, TDECIMAL, TNUMERIC, TDATE, TCHAR, TVARCHAR HAVING (TSMALLINT>12 OR TINTEGER>30 OR TBIGINT>400) AND (TREAL>1.1 OR TDOUBLE>2.3 OR TFLOAT>1.2 OR TDECIMAL>2.3 OR TNUMERIC>4.4) AND TDATE >TO_DATE('1999-01-01','YYYY-MM-DD') OR TCHAR ='EicGCMKTtawEbtLLWkJuECm9ywDONiUgBqKMS45rfj947v7hAU' OR TVARCHAR ='jFSa9VH11qZFwAlKFd7ya9TMC6mGmIZIk4jM8rFP8RPXAuFFY1qD3CW08B6ySGqHsKGucfEU7r8KHWmyP3VBnnN0A1PEir6JCSNE');
7182751 rows affected
Running time elapsed:      8.98 Seconds
SQL> -- 查看返回结果
SQL> SELECT * FROM T_TYPE_ALL ORDER BY TSMALLINT LIMIT 10;
+-----------+----------+--------------+---------+---------+---------+----------+-----------+------------+-----------------------------------------------------------------------------------------------------------------------------------------------------------------------------------------------------------------------------------------------------------------+------------------------------------------------------------------------------------------------------+
| TSMALLINT | TINTEGER | TBIGINT      | TREAL   | TDOUBLE | TFLOAT  | TDECIMAL | TNUMERIC  | TDATE      | TCHAR                                                                                                                                                                                                                                                           | TVARCHAR                                                                                             |
+-----------+----------+--------------+---------+---------+---------+----------+-----------+------------+-----------------------------------------------------------------------------------------------------------------------------------------------------------------------------------------------------------------------------------------------------------------+------------------------------------------------------------------------------------------------------+
| 16        | 10054297 | 585590728463 | 9707.67 | 6885.46 | 2477.86 | 7925.07  | 2029.5468 | 2041-5-8   | hOu7MUVopzGlEuxBVSStKcGy1jHsHsoKRFpWrRLRC0AF1t69D3                                                                                                                                                                                                              | 6gaAWkDhIgPbBZcFHGciRDw0mZhIJxmIv9s7Phz6cRgXcott4pONtISgj3fmd7Hp5WNCEwttieD3F516YxELlRuaL2fxUc8gLzIH |
| 16        | 74211124 | 201123810737 | 2074.16 | 245.87  | 9385.45 | 1108.35  | 2074.9372 | 2020-8-29  | WfoYS0tRK5OPAtSL5zSwMl5NuFCmewJxsOzWeDAdvy5q2Y8TpE                                                                                                                                                                                                              | mI4pzn3dbBTE3S4TaaKBT5dAS7SXC3rA0Dm7Lc1L8SyBRamL8P8I2JzibEHWskVxErFc009NpY2fHKPu5MflXXoPb82dsqaN3ToS |
| 16        | 46792657 | 503161736363 | 5329.41 | 2777.4  | 517.95  | 6615.75  | 2575.1409 | 2001-8-28  | tZfI3w2magcHbZLZrhKT4KJog9ZCOmhzs7a19jhOHnGx7MLeFl                                                                                                                                                                                                              | Dni0E2zyBxvX5HFUKJ5qS6AVzO23PFeeBRGFzRdtRDU6NKSdk7OMT0HZV4EmJTJZRirwUntDUC0BR15JYeDgL9itNaPqvJTr8mUZ |
| 16        | 72584921 | 26091410153  | 6492.86 | 1721.04 | 5275.95 | 2180.62  | 2946.9707 | 2040-8-10  | 7kkFtlaoaxuI3Is5edTM1R2zBRXLMjZrEr5WEet2zSC2AkK8kw                                                                                                                                                                                                              | CgO3M2GzqHmwsBqxuBu2Y7bo9Hjl5ry21hNAsyfbmtDbpTDmIPns6CgW1HjWFaTs1SEjvSl6UNjT8Co7oVTweaOt9TWnfnuRpMZ2 |
| 16        | 95151381 | 142664162252 | 2788.84 | 3133.02 | 9144.61 | 1420.37  | 6364.2597 | 2038-4-13  | DmxgYICvjX0k2tF6jF3g2ewBxqByZK6AfN2crRqPvZBklqdNgX                                                                                                                                                                                                              | P1B1BAaTV3PnhLaOCRNGZbbCYNYuftfIcMSRzRuEPP5clYif6RK7ZU3970YPXTu02Wo4CM4BcSFtv7Z9Eyl4PC5r5MCXVjdxeR8j |
| 16        | 58433026 | 199153540708 | 7574.2  | 8731.2  | 6501.05 | 4624.67  | 4919.95   | 2006-11-27 | SkRHpUBqOGfxmfs3lPdqkj8j2myRRvS4RHbhECCoUfRsH8VHkn                                                                                                                                                                                                              | 1jAbW19CfwpLdv7tdaFEvIfeNRKvgTdvGweqOwk6FvD8tCMe4M2s4SisYgnS6R6BD20A1jCV6wMMGsyRJKX0IXzI1xpnprjU5MHe |
| 16        | 40246443 | 46897292943  | 6885.7  | 1467.82 | 9257.67 | 8765.04  | 8444.9291 | 2010-5-1   | CywHLiozy8IYCBReKtGbmCpAtKNmSUXBHD1JBo6x3ESenGfMVw                                                                                                                                                                                                              | rv8ds23cevwRGn0xlRYhiCUU0CVddYk3Zx9WWOCXo9RPghPRDFWnOlHbJWesVOpVxuEAfz9hrI3PR1z38ifnGrybutOFeWyqnGae |
| 16        | 30362132 | 230805514558 | 4616.85 | 6113.96 | 7615.51 | 5997.5   | 4460.7676 | 2049-5-19  | xH7wnjccvEUnCgUR9lzLrCTuuInJAVhFxaxMFTgGUh54KO4pkE                                                                                                                                                                                                              | VWqKP4mMj7WWY0JHgLwfrCU3RKEHUgtueNTSmEPRpFygAX6IRhRmOmTrW3FclDMjaj0nDoYKoE1oTXocfCDg834xodKnoiS4kZ4B |
| 16        | 94283850 | 699851528385 | 4720.19 | 5867.44 | 9625.75 | 9113.7   | 6740.734  | 2042-12-16 | mpnxXIJkSDuwdfAtwVOa1CWpisdTJhrFsblEGCOpIa9EvquHtv                                                                                                                                                                                                              | y89e2yitauZf4SWfRtFOXZppOPC1P81C2pjgSZwqfHHl92kREmfvRXxx9IpndEDtSsuS66yhH8EqK4aYBz3ZuJGmrSHBFINpNy1s |
| 16        | 1155825  | 623779416190 | 7569.21 | 5714.05 | 5158.51 | 2436.79  | 564.539   | 2015-10-25 | fVx0ohdzRPYhrjMe1GmODOBSk8383Rqvb34vGIl1e6p60LMfKu                                                                                                                                                                                                              | g9dXdj2x9O3TvxdByIryTz6RRN8zO77sd5KrzcVR8We3V7RxOGnvPqAZfN3zJHdTsEkShIeDbAKNAyzpATMbGAmPWjAsUaaRld5B |
+-----------+----------+--------------+---------+---------+---------+----------+-----------+------------+-----------------------------------------------------------------------------------------------------------------------------------------------------------------------------------------------------------------------------------------------------------------+------------------------------------------------------------------------------------------------------+
10 rows selected.
Running time elapsed:      1.51 Seconds
SQL> 
SQL> 
SQL> -- HAVING+函数组合
SQL> SELECT TSMALLINT,SUM(TBIGINT) FROM P1000 GROUP BY TSMALLINT HAVING SUM(TBIGINT) > 50000 ORDER BY TSMALLINT LIMIT 10;
+-----------+------------------+
| TSMALLINT | C2               |
+-----------+------------------+
| 16        | 4912325450733310 |
| 30        | 4826225733719593 |
| 38        | 4851275787208817 |
| 70        | 4888636610704867 |
| 75        | 4950403219202185 |
| 86        | 4906825225999449 |
| 111       | 4907249238077155 |
| 112       | 4989425538798294 |
| 186       | 4814939152087305 |
| 232       | 4921196277629013 |
+-----------+------------------+
10 rows selected.
Running time elapsed:      1.67 Seconds
SQL> -- 把查询出的数据insert到T_TYPE_HAV1表中
SQL> DROP TABLE T_TYPE_HAV1 IF EXISTS;
0 rows affected
Running time elapsed:      0.19 Seconds
SQL> CREATE TABLE T_TYPE_HAV1 AS (SELECT TSMALLINT,SUM(TBIGINT) FROM P1000 GROUP BY TSMALLINT HAVING SUM(TBIGINT) > 50000) WITH DATA;
0 rows affected
Running time elapsed:      7.76 Seconds
SQL> -- 查看返回结果
SQL> SELECT * FROM T_TYPE_HAV1 ORDER BY TSMALLINT LIMIT 10;
+-----------+------------------+
| TSMALLINT | C2               |
+-----------+------------------+
| 16        | 4912325450733310 |
| 30        | 4826225733719593 |
| 38        | 4851275787208817 |
| 70        | 4888636610704867 |
| 75        | 4950403219202185 |
| 86        | 4906825225999449 |
| 111       | 4907249238077155 |
| 112       | 4989425538798294 |
| 186       | 4814939152087305 |
| 232       | 4921196277629013 |
+-----------+------------------+
10 rows selected.
Running time elapsed:      1.22 Seconds
SQL> SELECT TSMALLINT,MAX(TBIGINT) FROM P1000 GROUP BY TSMALLINT HAVING TSMALLINT > 5000 ORDER BY TSMALLINT LIMIT 10;
+-----------+--------------+
| TSMALLINT | C2           |
+-----------+--------------+
| 5013      | 999942286332 |
| 5015      | 999942286332 |
| 5066      | 999942286332 |
| 5083      | 999609967895 |
| 5084      | 999942286332 |
| 5092      | 999942286332 |
| 5098      | 999942286332 |
| 5128      | 999692129793 |
| 5135      | 999692129793 |
| 5141      | 999942286332 |
+-----------+--------------+
10 rows selected.
Running time elapsed:      2.03 Seconds
SQL> -- 把查询出的数据insert到T_TYPE_HAV2表中
SQL> DROP TABLE T_TYPE_HAV2 IF EXISTS;
0 rows affected
Running time elapsed:      0.20 Seconds
SQL> CREATE TABLE T_TYPE_HAV2 AS (SELECT TSMALLINT,MAX(TBIGINT) FROM P1000 GROUP BY TSMALLINT HAVING TSMALLINT > 5000) WITH DATA;
0 rows affected
Running time elapsed:      5.84 Seconds
SQL> -- 查看返回结果
SQL> SELECT * FROM T_TYPE_HAV2 ORDER BY TSMALLINT LIMIT 10;
+-----------+--------------+
| TSMALLINT | C2           |
+-----------+--------------+
| 5013      | 999942286332 |
| 5015      | 999942286332 |
| 5066      | 999942286332 |
| 5083      | 999609967895 |
| 5084      | 999942286332 |
| 5092      | 999942286332 |
| 5098      | 999942286332 |
| 5128      | 999692129793 |
| 5135      | 999692129793 |
| 5141      | 999942286332 |
+-----------+--------------+
10 rows selected.
Running time elapsed:      0.68 Seconds
SQL> SELECT TSMALLINT,AVG(TBIGINT) FROM P1000 GROUP BY TSMALLINT HAVING AVG(TBIGINT) > 500000 ORDER BY 1,2 LIMIT 10;
+-----------+-----------------+
| TSMALLINT | C2              |
+-----------+-----------------+
| 16        | 4.954937917e+11 |
| 30        | 4.883361058e+11 |
| 38        | 4.837730143e+11 |
| 70        | 4.882777278e+11 |
| 75        | 4.887356323e+11 |
| 86        | 4.915673438e+11 |
| 111       | 4.921521651e+11 |
| 112       | 4.891114144e+11 |
| 186       | 4.8823151e+11   |
| 232       | 4.907944827e+11 |
+-----------+-----------------+
10 rows selected.
Running time elapsed:      1.65 Seconds
SQL> -- 把查询出的数据insert到T_TYPE_HAV2表中
SQL> DROP TABLE T_TYPE_HAV3 IF EXISTS;
0 rows affected
Running time elapsed:      0.20 Seconds
SQL> CREATE TABLE T_TYPE_HAV3 AS (SELECT TSMALLINT,AVG(TBIGINT) FROM P1000 GROUP BY TSMALLINT HAVING AVG(TBIGINT) > 500000) WITH DATA;
0 rows affected
Running time elapsed:      6.67 Seconds
SQL> -- 查看返回结果
SQL> SELECT * FROM T_TYPE_HAV3 ORDER BY 1,2 LIMIT 10;
+-----------+-----------------+
| TSMALLINT | C2              |
+-----------+-----------------+
| 16        | 4.954937917e+11 |
| 30        | 4.883361058e+11 |
| 38        | 4.837730143e+11 |
| 70        | 4.882777278e+11 |
| 75        | 4.887356323e+11 |
| 86        | 4.915673438e+11 |
| 111       | 4.921521651e+11 |
| 112       | 4.891114144e+11 |
| 186       | 4.8823151e+11   |
| 232       | 4.907944827e+11 |
+-----------+-----------------+
10 rows selected.
Running time elapsed:      1.11 Seconds
SQL> SELECT TSMALLINT,TDATE,COUNT (*),SUM (TINTEGER),MAX (TINTEGER),MIN (TINTEGER),AVG (TINTEGER) FROM P1000 GROUP BY TSMALLINT,TDATE HAVING AVG (TINTEGER) < 200000000 AND TDATE > TO_DATE('2019-09-11','YYYY-MM-DD') ORDER BY TSMALLINT,TDATE LIMIT 10;
+-----------+-----------+----+----------+----------+----------+----------+
| TSMALLINT | TDATE     | C3 | C4       | C5       | C6       | C7       |
+-----------+-----------+----+----------+----------+----------+----------+
| 16        | 2019-9-12 | 1  | 22318801 | 22318801 | 22318801 | 22318801 |
| 16        | 2019-9-13 | 1  | 94508325 | 94508325 | 94508325 | 94508325 |
| 16        | 2019-9-14 | 1  | 31402923 | 31402923 | 31402923 | 31402923 |
| 16        | 2019-9-15 | 1  | 58430575 | 58430575 | 58430575 | 58430575 |
| 16        | 2019-9-19 | 2  | 69097236 | 61462639 | 7634597  | 34548618 |
| 16        | 2019-9-24 | 1  | 92643160 | 92643160 | 92643160 | 92643160 |
| 16        | 2019-9-26 | 1  | 62157904 | 62157904 | 62157904 | 62157904 |
| 16        | 2019-9-29 | 1  | 52017644 | 52017644 | 52017644 | 52017644 |
| 16        | 2019-10-4 | 1  | 55462731 | 55462731 | 55462731 | 55462731 |
| 16        | 2019-10-5 | 1  | 576045   | 576045   | 576045   | 576045   |
+-----------+-----------+----+----------+----------+----------+----------+
10 rows selected.
Running time elapsed:      2.17 Seconds
SQL> -- 把查询出的数据insert到T_TYPE_HAV3表中
SQL> DROP TABLE T_TYPE_HAV4 IF EXISTS;
0 rows affected
Running time elapsed:      0.19 Seconds
SQL> CREATE TABLE T_TYPE_HAV4 AS (SELECT TSMALLINT,TDATE,COUNT (*),SUM (TINTEGER),MAX (TINTEGER),MIN (TINTEGER),AVG (TINTEGER) FROM P1000 GROUP BY TSMALLINT,TDATE HAVING AVG (TINTEGER) < 200000000 AND TDATE > TO_DATE('2019-09-11','YYYY-MM-DD')) WITH DATA;
0 rows affected
Running time elapsed:      9.67 Seconds
SQL> -- 查看返回结果
SQL> SELECT * FROM T_TYPE_HAV4 ORDER BY TSMALLINT,TDATE LIMIT 10;
+-----------+-----------+----+----------+----------+----------+----------+
| TSMALLINT | TDATE     | C3 | C4       | C5       | C6       | C7       |
+-----------+-----------+----+----------+----------+----------+----------+
| 16        | 2019-9-12 | 1  | 22318801 | 22318801 | 22318801 | 22318801 |
| 16        | 2019-9-13 | 1  | 94508325 | 94508325 | 94508325 | 94508325 |
| 16        | 2019-9-14 | 1  | 31402923 | 31402923 | 31402923 | 31402923 |
| 16        | 2019-9-15 | 1  | 58430575 | 58430575 | 58430575 | 58430575 |
| 16        | 2019-9-19 | 2  | 69097236 | 61462639 | 7634597  | 34548618 |
| 16        | 2019-9-24 | 1  | 92643160 | 92643160 | 92643160 | 92643160 |
| 16        | 2019-9-26 | 1  | 62157904 | 62157904 | 62157904 | 62157904 |
| 16        | 2019-9-29 | 1  | 52017644 | 52017644 | 52017644 | 52017644 |
| 16        | 2019-10-4 | 1  | 55462731 | 55462731 | 55462731 | 55462731 |
| 16        | 2019-10-5 | 1  | 576045   | 576045   | 576045   | 576045   |
+-----------+-----------+----+----------+----------+----------+----------+
10 rows selected.
Running time elapsed:      0.98 Seconds
SQL> 
SQL> 
SQL> 
SQL> 
SQL> -- drop创建的表
SQL> DROP TABLE T_TYPE_SMALLINT IF EXISTS;
0 rows affected
Running time elapsed:      0.38 Seconds
SQL> DROP TABLE T_TYPE_INTEGER IF EXISTS;
0 rows affected
Running time elapsed:      0.96 Seconds
SQL> DROP TABLE T_TYPE_BIGINT IF EXISTS;
0 rows affected
Running time elapsed:      0.28 Seconds
SQL> DROP TABLE T_TYPE_REAL IF EXISTS;
0 rows affected
Running time elapsed:      0.30 Seconds
SQL> DROP TABLE T_TYPE_DOUBLE IF EXISTS;
0 rows affected
Running time elapsed:      0.44 Seconds
SQL> DROP TABLE T_TYPE_FLOAT IF EXISTS;
0 rows affected
Running time elapsed:      0.36 Seconds
SQL> DROP TABLE T_TYPE_DECIMAL IF EXISTS;
0 rows affected
Running time elapsed:      0.31 Seconds
SQL> DROP TABLE T_TYPE_NUMERIC IF EXISTS;
0 rows affected
Running time elapsed:      0.42 Seconds
SQL> DROP TABLE T_TYPE_DATE IF EXISTS;
0 rows affected
Running time elapsed:      0.41 Seconds
SQL> DROP TABLE T_TYPE_TIMESTAMP IF EXISTS;
0 rows affected
Running time elapsed:      0.32 Seconds
SQL> DROP TABLE T_TYPE_BOOL IF EXISTS;
0 rows affected
Running time elapsed:      0.33 Seconds
SQL> DROP TABLE T_TYPE_CHAR IF EXISTS;
0 rows affected
Running time elapsed:      0.26 Seconds
SQL> DROP TABLE T_TYPE_VARCHAR IF EXISTS;
0 rows affected
Running time elapsed:      0.30 Seconds
SQL> DROP TABLE T_TYPE_INTS IF EXISTS;
0 rows affected
Running time elapsed:      0.30 Seconds
SQL> DROP TABLE T_TYPE_FLOATS IF EXISTS;
0 rows affected
Running time elapsed:      0.35 Seconds
SQL> DROP TABLE T_TYPE_CHARS IF EXISTS;
0 rows affected
Running time elapsed:      0.43 Seconds
SQL> DROP TABLE T_TYPE_DATES IF EXISTS;
0 rows affected
Running time elapsed:      0.39 Seconds
SQL> DROP TABLE T_TYPE_ARRAY4 IF EXISTS;
0 rows affected
Running time elapsed:      0.35 Seconds
SQL> DROP TABLE T_TYPE_ARRAY21 IF EXISTS;
0 rows affected
Running time elapsed:      0.35 Seconds
SQL> DROP TABLE T_TYPE_ARRAY22 IF EXISTS;
0 rows affected
Running time elapsed:      0.34 Seconds
SQL> DROP TABLE T_TYPE_ARRAY23 IF EXISTS;
0 rows affected
Running time elapsed:      0.29 Seconds
SQL> DROP TABLE T_TYPE_ARRAY31 IF EXISTS;
0 rows affected
Running time elapsed:      0.35 Seconds
SQL> DROP TABLE T_TYPE_ARRAY32 IF EXISTS;
0 rows affected
Running time elapsed:      0.59 Seconds
SQL> DROP TABLE T_TYPE_ARRAY33 IF EXISTS;
0 rows affected
Running time elapsed:      0.29 Seconds
SQL> DROP TABLE T_TYPE_ALL IF EXISTS;
0 rows affected
Running time elapsed:      0.30 Seconds
SQL> DROP TABLE T_TYPE_HAV1 IF EXISTS;
0 rows affected
Running time elapsed:      0.30 Seconds
SQL> DROP TABLE T_TYPE_HAV2 IF EXISTS;
0 rows affected
Running time elapsed:      0.36 Seconds
SQL> DROP TABLE T_TYPE_HAV3 IF EXISTS;
0 rows affected
Running time elapsed:      0.31 Seconds
SQL> DROP TABLE T_TYPE_HAV4 IF EXISTS;
0 rows affected
Running time elapsed:      0.30 Seconds
Running time elapsed:    316.55 Seconds
SQL> exit
Disconnected.
