SQLCli Release 0.0.75
SQL> connect admin/123456
Database connected.
SQL> start Having.sql
SQL> -- Description：
   > --             LDB专项测试
   > --             1.having 全部类型
   > --             2.insert 到其他表
   > --             3.直接返回结果
   > -- Date：2020-05-09
   > -- Author：李爱敏
SQL> SET ECHO ON
SQL> SET TIMING ON
Running time elapsed:      0.00 Seconds
SQL> 
SQL> -- HAVING语法
   > -- 穷举所有数据类型进行having查询
SQL> SELECT TSMALLINT FROM P1000 GROUP BY TSMALLINT HAVING TSMALLINT > 8498 ORDER BY TSMALLINT LIMIT 10;
+-----------+
| TSMALLINT |
+-----------+
| 8503      |
| 8515      |
| 8517      |
| 8525      |
| 8530      |
| 8540      |
| 8545      |
| 8549      |
| 8558      |
| 8572      |
+-----------+
10 rows selected.
Running time elapsed:      1.49 Seconds
SQL> -- 把查询出的数据insert到T_TYPE_SMALLINT表中
SQL> DROP TABLE T_TYPE_SMALLINT IF EXISTS;
0 rows affected
Running time elapsed:      0.00 Seconds
SQL> CREATE TABLE T_TYPE_SMALLINT AS (SELECT TSMALLINT FROM P1000) WITH NO DATA;
0 rows affected
Running time elapsed:      0.16 Seconds
SQL> INSERT INTO T_TYPE_SMALLINT (SELECT TSMALLINT FROM P1000 GROUP BY TSMALLINT HAVING TSMALLINT > 8498);
140 rows affected
Running time elapsed:      5.39 Seconds
SQL> -- 查看返回结果
SQL> SELECT * FROM T_TYPE_SMALLINT ORDER BY TSMALLINT LIMIT 10;
+-----------+
| TSMALLINT |
+-----------+
| 8503      |
| 8515      |
| 8517      |
| 8525      |
| 8530      |
| 8540      |
| 8545      |
| 8549      |
| 8558      |
| 8572      |
+-----------+
10 rows selected.
Running time elapsed:      0.50 Seconds
SQL> SELECT TINTEGER FROM P1000 GROUP BY TINTEGER HAVING TINTEGER < 94523070 ORDER BY TINTEGER LIMIT 10;
+----------+
| TINTEGER |
+----------+
| 3785     |
| 5434     |
| 11740    |
| 13719    |
| 13859    |
| 24240    |
| 24867    |
| 41694    |
| 48107    |
| 54069    |
+----------+
10 rows selected.
Running time elapsed:      1.84 Seconds
SQL> -- 把查询出的数据insert到T_TYPE_INTEGER表中
SQL> DROP TABLE T_TYPE_INTEGER IF EXISTS;
0 rows affected
Running time elapsed:      0.00 Seconds
SQL> CREATE TABLE T_TYPE_INTEGER AS (SELECT TINTEGER FROM P1000) WITH NO DATA;
0 rows affected
Running time elapsed:      0.25 Seconds
SQL> INSERT INTO T_TYPE_INTEGER (SELECT TINTEGER FROM P1000 GROUP BY TINTEGER HAVING TINTEGER < 94523070);
9464 rows affected
Running time elapsed:      8.80 Seconds
SQL> -- 查看返回结果
SQL> SELECT * FROM T_TYPE_INTEGER ORDER BY TINTEGER LIMIT 10;
+----------+
| TINTEGER |
+----------+
| 3785     |
| 5434     |
| 11740    |
| 13719    |
| 13859    |
| 24240    |
| 24867    |
| 41694    |
| 48107    |
| 54069    |
+----------+
10 rows selected.
Running time elapsed:      0.72 Seconds
SQL> SELECT TBIGINT FROM P1000 GROUP BY TBIGINT HAVING TBIGINT < 977486944212 ORDER BY TBIGINT LIMIT 10;
+-----------+
| TBIGINT   |
+-----------+
| 37852035  |
| 54349805  |
| 117402214 |
| 137199599 |
| 138591184 |
| 242406133 |
| 248672901 |
| 416949166 |
| 481073450 |
| 540690153 |
+-----------+
10 rows selected.
Running time elapsed:      1.77 Seconds
SQL> -- 把查询出的数据insert到T_TYPE_BIGINT表中
SQL> DROP TABLE T_TYPE_BIGINT IF EXISTS;
0 rows affected
Running time elapsed:      0.00 Seconds
SQL> CREATE TABLE T_TYPE_BIGINT AS (SELECT TBIGINT FROM P1000) WITH NO DATA;
0 rows affected
Running time elapsed:      0.21 Seconds
SQL> INSERT INTO T_TYPE_BIGINT (SELECT TBIGINT FROM P1000 GROUP BY TBIGINT HAVING TBIGINT < 977486944212);
9770 rows affected
Running time elapsed:      8.59 Seconds
SQL> -- 查看返回结果
SQL> SELECT * FROM T_TYPE_BIGINT ORDER BY TBIGINT LIMIT 10;
+-----------+
| TBIGINT   |
+-----------+
| 37852035  |
| 54349805  |
| 117402214 |
| 137199599 |
| 138591184 |
| 242406133 |
| 248672901 |
| 416949166 |
| 481073450 |
| 540690153 |
+-----------+
10 rows selected.
Running time elapsed:      0.75 Seconds
SQL> SELECT TREAL FROM P1000 GROUP BY TREAL HAVING TREAL < 9812.82 ORDER BY TREAL LIMIT 10;
+-------+
| TREAL |
+-------+
| 0.02  |
| 0.03  |
| 0.04  |
| 0.07  |
| 0.09  |
| 0.1   |
| 0.11  |
| 0.14  |
| 0.15  |
| 0.16  |
+-------+
10 rows selected.
Running time elapsed:      1.92 Seconds
SQL> -- 把查询出的数据insert到T_TYPE_REAL表中
SQL> DROP TABLE T_TYPE_REAL IF EXISTS;
0 rows affected
Running time elapsed:      0.00 Seconds
SQL> CREATE TABLE T_TYPE_REAL AS (SELECT TREAL FROM P1000) WITH NO DATA;
0 rows affected
Running time elapsed:      0.18 Seconds
SQL> INSERT INTO T_TYPE_REAL (SELECT TREAL FROM P1000 GROUP BY TREAL HAVING TREAL < 9812.82);
63919 rows affected
Running time elapsed:      8.25 Seconds
SQL> -- 查看返回结果
SQL> SELECT * FROM T_TYPE_REAL ORDER BY TREAL LIMIT 10;
+-------+
| TREAL |
+-------+
| 0.02  |
| 0.03  |
| 0.04  |
| 0.07  |
| 0.09  |
| 0.1   |
| 0.11  |
| 0.14  |
| 0.15  |
| 0.16  |
+-------+
10 rows selected.
Running time elapsed:      0.87 Seconds
SQL> SELECT TDOUBLE FROM P1000 GROUP BY TDOUBLE HAVING TDOUBLE > 47.95 ORDER BY TDOUBLE LIMIT 10;
+---------+
| TDOUBLE |
+---------+
| 52      |
| 52.02   |
| 52.03   |
| 52.04   |
| 52.07   |
| 52.09   |
| 52.1    |
| 52.11   |
| 52.14   |
| 52.15   |
+---------+
10 rows selected.
Running time elapsed:      2.00 Seconds
SQL> -- 把查询出的数据insert到T_TYPE_DOUBLE表中
SQL> DROP TABLE T_TYPE_DOUBLE IF EXISTS;
0 rows affected
Running time elapsed:      0.00 Seconds
SQL> CREATE TABLE T_TYPE_DOUBLE AS (SELECT TDOUBLE FROM P1000) WITH NO DATA;
0 rows affected
Running time elapsed:      0.15 Seconds
SQL> INSERT INTO T_TYPE_DOUBLE (SELECT TDOUBLE FROM P1000 GROUP BY TDOUBLE HAVING TDOUBLE > 47.95);
65008 rows affected
Running time elapsed:      8.57 Seconds
SQL> -- 查看返回结果
SQL> SELECT * FROM T_TYPE_DOUBLE ORDER BY TDOUBLE LIMIT 10;
+---------+
| TDOUBLE |
+---------+
| 52      |
| 52.02   |
| 52.03   |
| 52.04   |
| 52.07   |
| 52.09   |
| 52.1    |
| 52.11   |
| 52.14   |
| 52.15   |
+---------+
10 rows selected.
Running time elapsed:      0.68 Seconds
SQL> SELECT TFLOAT FROM P1000 GROUP BY TFLOAT HAVING TFLOAT > 52.8899 ORDER BY TFLOAT LIMIT 10;
+--------+
| TFLOAT |
+--------+
| 52.89  |
| 52.9   |
| 52.93  |
| 52.94  |
| 52.95  |
| 52.99  |
| 75     |
| 75.02  |
| 75.03  |
| 75.04  |
+--------+
10 rows selected.
Running time elapsed:      2.09 Seconds
SQL> -- 把查询出的数据insert到T_TYPE_FLOAT表中
SQL> DROP TABLE T_TYPE_FLOAT IF EXISTS;
0 rows affected
Running time elapsed:      0.00 Seconds
SQL> CREATE TABLE T_TYPE_FLOAT AS (SELECT TFLOAT FROM P1000) WITH NO DATA;
0 rows affected
Running time elapsed:      0.19 Seconds
SQL> INSERT INTO T_TYPE_FLOAT (SELECT TFLOAT FROM P1000 GROUP BY TFLOAT HAVING TFLOAT > 52.8899);
64946 rows affected
Running time elapsed:      8.59 Seconds
SQL> -- 查看返回结果
SQL> SELECT * FROM T_TYPE_FLOAT ORDER BY TFLOAT LIMIT 10;
+--------+
| TFLOAT |
+--------+
| 52.89  |
| 52.9   |
| 52.93  |
| 52.94  |
| 52.95  |
| 52.99  |
| 75     |
| 75.02  |
| 75.03  |
| 75.04  |
+--------+
10 rows selected.
Running time elapsed:      0.69 Seconds
SQL> SELECT TDECIMAL FROM P1000 GROUP BY TDECIMAL HAVING TDECIMAL < 9934.32 ORDER BY TDECIMAL LIMIT 10;
+----------+
| TDECIMAL |
+----------+
| 0.02     |
| 0.03     |
| 0.04     |
| 0.07     |
| 0.09     |
| 0.1      |
| 0.11     |
| 0.14     |
| 0.15     |
| 0.16     |
+----------+
10 rows selected.
Running time elapsed:      2.04 Seconds
SQL> -- 把查询出的数据insert到T_TYPE_DECIMAL表中
SQL> DROP TABLE T_TYPE_DECIMAL IF EXISTS;
0 rows affected
Running time elapsed:      0.00 Seconds
SQL> CREATE TABLE T_TYPE_DECIMAL AS (SELECT TDECIMAL FROM P1000) WITH NO DATA;
0 rows affected
Running time elapsed:      0.14 Seconds
SQL> INSERT INTO T_TYPE_DECIMAL (SELECT TDECIMAL FROM P1000 GROUP BY TDECIMAL HAVING TDECIMAL < 9934.32);
64485 rows affected
Running time elapsed:      8.60 Seconds
SQL> -- 查看返回结果
SQL> SELECT * FROM T_TYPE_DECIMAL ORDER BY TDECIMAL LIMIT 10;
+----------+
| TDECIMAL |
+----------+
| 0.02     |
| 0.03     |
| 0.04     |
| 0.07     |
| 0.09     |
| 0.1      |
| 0.11     |
| 0.14     |
| 0.15     |
| 0.16     |
+----------+
10 rows selected.
Running time elapsed:      0.68 Seconds
SQL> SELECT TNUMERIC FROM P1000 GROUP BY TNUMERIC HAVING TNUMERIC > 43.1703 ORDER BY TNUMERIC LIMIT 10;
+----------+
| TNUMERIC |
+----------+
| 52.0     |
| 52.001   |
| 52.0031  |
| 52.0052  |
| 52.0075  |
| 52.0079  |
| 52.0102  |
| 52.0142  |
| 52.0144  |
| 52.0152  |
+----------+
10 rows selected.
Running time elapsed:      2.66 Seconds
SQL> -- 把查询出的数据insert到T_TYPE_NUMERIC表中
SQL> DROP TABLE T_TYPE_NUMERIC IF EXISTS;
0 rows affected
Running time elapsed:      0.00 Seconds
SQL> CREATE TABLE T_TYPE_NUMERIC AS (SELECT TNUMERIC FROM P1000) WITH NO DATA;
0 rows affected
Running time elapsed:      0.46 Seconds
SQL> INSERT INTO T_TYPE_NUMERIC (SELECT TNUMERIC FROM P1000 GROUP BY TNUMERIC HAVING TNUMERIC > 43.1703);
916773 rows affected
Running time elapsed:      8.94 Seconds
SQL> -- 查看返回结果
SQL> SELECT * FROM T_TYPE_NUMERIC ORDER BY TNUMERIC LIMIT 10;
+----------+
| TNUMERIC |
+----------+
| 52.0     |
| 52.001   |
| 52.0031  |
| 52.0052  |
| 52.0075  |
| 52.0079  |
| 52.0102  |
| 52.0142  |
| 52.0144  |
| 52.0152  |
+----------+
10 rows selected.
Running time elapsed:      0.74 Seconds
SQL> SELECT TDATE FROM P1000 GROUP BY TDATE HAVING TDATE BETWEEN TO_DATE('1979-02-19','YYYY-MM-DD') AND TO_DATE('2010-02-19','YYYY-MM-DD') ORDER BY TDATE LIMIT 10;
+-----------+
| TDATE     |
+-----------+
| 1979-2-19 |
| 1979-2-20 |
| 1979-2-21 |
| 1979-2-22 |
| 1979-2-23 |
| 1979-2-24 |
| 1979-2-25 |
| 1979-2-26 |
| 1979-2-27 |
| 1979-2-28 |
+-----------+
10 rows selected.
Running time elapsed:      2.08 Seconds
SQL> -- 把查询出的数据insert到T_TYPE_DATE表中
SQL> DROP TABLE T_TYPE_DATE IF EXISTS;
0 rows affected
Running time elapsed:      0.00 Seconds
SQL> CREATE TABLE T_TYPE_DATE AS (SELECT TDATE FROM P1000) WITH NO DATA;
0 rows affected
Running time elapsed:      0.23 Seconds
SQL> INSERT INTO T_TYPE_DATE (SELECT TDATE FROM P1000 GROUP BY TDATE HAVING TDATE BETWEEN TO_DATE('1979-02-19','YYYY-MM-DD') AND TO_DATE('2010-02-19','YYYY-MM-DD'));
11324 rows affected
Running time elapsed:      8.12 Seconds
SQL> -- 查看返回结果
SQL> SELECT * FROM T_TYPE_DATE ORDER BY TDATE LIMIT 10;
+-----------+
| TDATE     |
+-----------+
| 1979-2-19 |
| 1979-2-20 |
| 1979-2-21 |
| 1979-2-22 |
| 1979-2-23 |
| 1979-2-24 |
| 1979-2-25 |
| 1979-2-26 |
| 1979-2-27 |
| 1979-2-28 |
+-----------+
10 rows selected.
Running time elapsed:      0.68 Seconds
SQL> SELECT TTIMESTAMP FROM P1000 GROUP BY TTIMESTAMP HAVING TTIMESTAMP < TO_TIMESTAMP('2049-08-05 05:40:39.000000','YYYY-MM-DD HH24:MI:SS.FF') ORDER BY TTIMESTAMP LIMIT 10;
+---------------------+
| TTIMESTAMP          |
+---------------------+
| 1979-01-01 00:00:37 |
| 1979-01-01 00:06:29 |
| 1979-01-01 00:07:22 |
| 1979-01-01 00:19:45 |
| 1979-01-01 00:23:18 |
| 1979-01-01 00:25:00 |
| 1979-01-01 00:28:41 |
| 1979-01-01 00:32:14 |
| 1979-01-01 00:34:26 |
| 1979-01-01 00:35:44 |
+---------------------+
10 rows selected.
Running time elapsed:      2.15 Seconds
SQL> -- 把查询出的数据insert到T_TYPE_TIMESTAMP表中
SQL> DROP TABLE T_TYPE_TIMESTAMP IF EXISTS;
0 rows affected
Running time elapsed:      0.00 Seconds
SQL> CREATE TABLE T_TYPE_TIMESTAMP AS (SELECT TTIMESTAMP FROM P1000) WITH NO DATA;
0 rows affected
Running time elapsed:      0.16 Seconds
SQL> INSERT INTO T_TYPE_TIMESTAMP (SELECT TTIMESTAMP FROM P1000 GROUP BY TTIMESTAMP HAVING TTIMESTAMP < TO_TIMESTAMP('2049-08-05 05:40:39.000000','YYYY-MM-DD HH24:MI:SS.FF'));
9920421 rows affected
Running time elapsed:      9.64 Seconds
SQL> -- 查看返回结果
SQL> SELECT * FROM T_TYPE_TIMESTAMP ORDER BY TTIMESTAMP LIMIT 10;
+---------------------+
| TTIMESTAMP          |
+---------------------+
| 1979-01-01 00:00:37 |
| 1979-01-01 00:06:29 |
| 1979-01-01 00:07:22 |
| 1979-01-01 00:19:45 |
| 1979-01-01 00:23:18 |
| 1979-01-01 00:25:00 |
| 1979-01-01 00:28:41 |
| 1979-01-01 00:32:14 |
| 1979-01-01 00:34:26 |
| 1979-01-01 00:35:44 |
+---------------------+
10 rows selected.
Running time elapsed:      0.80 Seconds
SQL> SELECT TBOOL FROM P1000 GROUP BY TBOOL HAVING TBOOL = True ORDER BY TBOOL LIMIT 10;
+-------+
| TBOOL |
+-------+
| True  |
+-------+
1 row selected.
Running time elapsed:      1.22 Seconds
SQL> -- 把查询出的数据insert到T_TYPE_BOOL表中
SQL> DROP TABLE T_TYPE_BOOL IF EXISTS;
0 rows affected
Running time elapsed:      0.00 Seconds
SQL> CREATE TABLE T_TYPE_BOOL AS (SELECT TBOOL FROM P1000) WITH NO DATA;
0 rows affected
Running time elapsed:      0.21 Seconds
SQL> INSERT INTO T_TYPE_BOOL (SELECT TBOOL FROM P1000 GROUP BY TBOOL HAVING TBOOL = True);
1 row affected
Running time elapsed:      2.58 Seconds
SQL> -- 查看返回结果
SQL> SELECT * FROM T_TYPE_BOOL ORDER BY TBOOL LIMIT 10;
+-------+
| TBOOL |
+-------+
| True  |
+-------+
1 row selected.
Running time elapsed:      0.29 Seconds
SQL> SELECT TCHAR FROM P1000 GROUP BY TCHAR HAVING TCHAR = 'NBr2nMF7JorJ9LKRZefRKlWj9vR3G8IRC5Wg86OeYzfuMBV7f6' ORDER BY TCHAR LIMIT 10;
0 rows selected.
Running time elapsed:      1.08 Seconds
SQL> -- 把查询出的数据insert到T_TYPE_CHAR表中
SQL> DROP TABLE T_TYPE_CHAR IF EXISTS;
0 rows affected
Running time elapsed:      0.00 Seconds
SQL> CREATE TABLE T_TYPE_CHAR AS (SELECT TCHAR FROM P1000) WITH NO DATA;
0 rows affected
Running time elapsed:      0.24 Seconds
SQL> INSERT INTO T_TYPE_CHAR (SELECT TCHAR FROM P1000 GROUP BY TCHAR HAVING TCHAR = 'NBr2nMF7JorJ9LKRZefRKlWj9vR3G8IRC5Wg86OeYzfuMBV7f6');
0 rows affected
Running time elapsed:      2.18 Seconds
SQL> -- 查看返回结果
SQL> SELECT * FROM T_TYPE_CHAR ORDER BY TCHAR LIMIT 10;
0 rows selected.
Running time elapsed:      0.03 Seconds
SQL> SELECT TVARCHAR FROM P1000 GROUP BY TVARCHAR HAVING TVARCHAR IN ('1SGYlFg5qlxYSOJm3RZF9KyGeIYMnIx8hJTWtG2Z4ABSpWlDN7pszRqJ2ujWLHfUJIR0UXPxFIDk3SrvURGL0P6qf375DfNyC9nO','LXFlGmwOWyAn4FaGV9xc5KkhInSWCOdM8n6o9PFmInF1w4Z1bnzRK78h2e2PoG83835E4t85ArAyLvIVkBvPnISZSFiG1aR4oeME') ORDER BY TVARCHAR LIMIT 10;
0 rows selected.
Running time elapsed:      1.49 Seconds
SQL> -- 把查询出的数据insert到T_TYPE_VARCHAR表中
SQL> DROP TABLE T_TYPE_VARCHAR IF EXISTS;
0 rows affected
Running time elapsed:      0.00 Seconds
SQL> CREATE TABLE T_TYPE_VARCHAR AS (SELECT TVARCHAR FROM P1000) WITH NO DATA;
0 rows affected
Running time elapsed:      0.21 Seconds
SQL> INSERT INTO T_TYPE_VARCHAR (SELECT TVARCHAR FROM P1000 GROUP BY TVARCHAR HAVING TVARCHAR IN ('1SGYlFg5qlxYSOJm3RZF9KyGeIYMnIx8hJTWtG2Z4ABSpWlDN7pszRqJ2ujWLHfUJIR0UXPxFIDk3SrvURGL0P6qf375DfNyC9nO','LXFlGmwOWyAn4FaGV9xc5KkhInSWCOdM8n6o9PFmInF1w4Z1bnzRK78h2e2PoG83835E4t85ArAyLvIVkBvPnISZSFiG1aR4oeME'));
0 rows affected
Running time elapsed:      2.35 Seconds
SQL> -- 查看返回结果
SQL> SELECT * FROM T_TYPE_VARCHAR ORDER BY TVARCHAR LIMIT 10;
0 rows selected.
Running time elapsed:      0.03 Seconds
SQL> 
SQL> 
SQL> -- 不同数据类型组合进行having查询
   > -- 3种整型数据类型组合
SQL> SELECT TSMALLINT,TINTEGER,TBIGINT
   > FROM P1000
   > GROUP BY TSMALLINT, TINTEGER,TBIGINT
   > HAVING TSMALLINT > 300 AND TINTEGER > 400 AND TBIGINT > 500
   > ORDER BY TSMALLINT,TINTEGER,TBIGINT LIMIT 10;
+-----------+----------+--------------+
| TSMALLINT | TINTEGER | TBIGINT      |
+-----------+----------+--------------+
| 305       | 11740    | 6109920332   |
| 305       | 11740    | 813178788958 |
| 305       | 11740    | 836133113929 |
| 305       | 11740    | 921111605331 |
| 305       | 13859    | 827784300418 |
| 305       | 24867    | 743661275139 |
| 305       | 41694    | 925377801851 |
| 305       | 48107    | 189413387021 |
| 305       | 54069    | 687594212163 |
| 305       | 88130    | 531489872828 |
+-----------+----------+--------------+
10 rows selected.
Running time elapsed:      3.47 Seconds
SQL> -- 把查询出的数据insert到T_TYPE_INTS表中
SQL> DROP TABLE T_TYPE_INTS IF EXISTS;
0 rows affected
Running time elapsed:      0.00 Seconds
SQL> CREATE TABLE T_TYPE_INTS AS (SELECT TSMALLINT,TINTEGER,TBIGINT FROM P1000) WITH NO DATA;
0 rows affected
Running time elapsed:      0.19 Seconds
SQL> INSERT INTO T_TYPE_INTS (SELECT TSMALLINT,TINTEGER,TBIGINT FROM P1000 GROUP BY TSMALLINT, TINTEGER,TBIGINT HAVING TSMALLINT > 300 AND TINTEGER > 400 AND TBIGINT > 500);
9740294 rows affected
Running time elapsed:      8.47 Seconds
SQL> -- 查看返回结果
SQL> SELECT * FROM T_TYPE_INTS ORDER BY TSMALLINT,TINTEGER,TBIGINT LIMIT 10;
+-----------+----------+--------------+
| TSMALLINT | TINTEGER | TBIGINT      |
+-----------+----------+--------------+
| 305       | 11740    | 6109920332   |
| 305       | 11740    | 813178788958 |
| 305       | 11740    | 836133113929 |
| 305       | 11740    | 921111605331 |
| 305       | 13859    | 827784300418 |
| 305       | 24867    | 743661275139 |
| 305       | 41694    | 925377801851 |
| 305       | 48107    | 189413387021 |
| 305       | 54069    | 687594212163 |
| 305       | 88130    | 531489872828 |
+-----------+----------+--------------+
10 rows selected.
Running time elapsed:      0.86 Seconds
SQL> 
SQL> -- 5种小数型数据类型组合
SQL> SELECT TREAL,TDOUBLE,TFLOAT,TDECIMAL,TNUMERIC
   > FROM P1000
   > GROUP BY TREAL,TDOUBLE,TFLOAT,TDECIMAL,TNUMERIC
   > HAVING TREAL > 400.22 OR TDOUBLE > 200.22 OR TDECIMAL > 400.11 OR TNUMERIC > 800.11
   > ORDER BY TREAL,TDOUBLE,TFLOAT LIMIT 10;
+--------+---------+---------+----------+-----------+
| TREAL  | TDOUBLE | TFLOAT  | TDECIMAL | TNUMERIC  |
+--------+---------+---------+----------+-----------+
| <null> | 233.29  | 4229.3  | 913.44   | 6906.9273 |
| <null> | 353.26  | 3439.36 | 2811.5   | 1399.3321 |
| <null> | 555.42  | 1828.29 | 2146.36  | 2514.2188 |
| <null> | 555.62  | 2112.84 | 344.88   | 6442.1474 |
| <null> | 649.4   | 5079.07 | 8503.84  | 9285.019  |
| <null> | 703.14  | 190.09  | 325.83   | 1074.7385 |
| <null> | 703.76  | 2622.95 | 8682.0   | 1692.5544 |
| <null> | 787.15  | 1948.58 | 7552.21  | 1060.9406 |
| <null> | 796.2   | 4851.42 | 4726.78  | 9991.7562 |
| <null> | 820.77  | 6641.56 | 5631.27  | 7385.5544 |
+--------+---------+---------+----------+-----------+
10 rows selected.
Running time elapsed:      3.22 Seconds
SQL> 
SQL> -- 把查询出的数据insert到T_TYPE_FLOATS表中
SQL> DROP TABLE T_TYPE_FLOATS IF EXISTS;
0 rows affected
Running time elapsed:      0.00 Seconds
SQL> CREATE TABLE T_TYPE_FLOATS AS (SELECT TREAL,TDOUBLE,TFLOAT,TDECIMAL,TNUMERIC FROM P1000) WITH NO DATA;
0 rows affected
Running time elapsed:      0.28 Seconds
SQL> INSERT INTO T_TYPE_FLOATS (SELECT TREAL,TDOUBLE,TFLOAT,TDECIMAL,TNUMERIC FROM P1000 GROUP BY TREAL,TDOUBLE,TFLOAT,TDECIMAL,TNUMERIC HAVING TREAL > 400.22 OR TDOUBLE > 200.22 OR TDECIMAL > 400.11 OR TNUMERIC > 800.11);
9999989 rows affected
Running time elapsed:      8.98 Seconds
SQL> -- 查看返回结果
SQL> SELECT * FROM T_TYPE_FLOATS ORDER BY TREAL,TDOUBLE,TFLOAT LIMIT 10;
+--------+---------+---------+----------+-----------+
| TREAL  | TDOUBLE | TFLOAT  | TDECIMAL | TNUMERIC  |
+--------+---------+---------+----------+-----------+
| <null> | 233.29  | 4229.3  | 913.44   | 6906.9273 |
| <null> | 353.26  | 3439.36 | 2811.5   | 1399.3321 |
| <null> | 555.42  | 1828.29 | 2146.36  | 2514.2188 |
| <null> | 555.62  | 2112.84 | 344.88   | 6442.1474 |
| <null> | 649.4   | 5079.07 | 8503.84  | 9285.019  |
| <null> | 703.14  | 190.09  | 325.83   | 1074.7385 |
| <null> | 703.76  | 2622.95 | 8682.0   | 1692.5544 |
| <null> | 787.15  | 1948.58 | 7552.21  | 1060.9406 |
| <null> | 796.2   | 4851.42 | 4726.78  | 9991.7562 |
| <null> | 820.77  | 6641.56 | 5631.27  | 7385.5544 |
+--------+---------+---------+----------+-----------+
10 rows selected.
Running time elapsed:      1.08 Seconds
SQL> 
SQL> -- 2种日期数据类型组合
SQL> SELECT TDATE,TTIMESTAMP FROM P1000 GROUP BY TDATE,TTIMESTAMP HAVING TDATE > TO_DATE('1979-02-19','YYYY-MM-DD') AND TTIMESTAMP > TO_TIMESTAMP('1979-01-21 21:45:16.000000','YYYY-MM-DD HH24:MI:SS.FF') ORDER BY TTIMESTAMP LIMIT 10;
+------------+---------------------+
| TDATE      | TTIMESTAMP          |
+------------+---------------------+
| 2022-8-29  | 1979-01-21 21:46:44 |
| 2047-11-10 | 1979-01-21 21:49:25 |
| 2022-1-2   | 1979-01-21 21:53:40 |
| 2028-3-4   | 1979-01-21 21:55:42 |
| 2036-5-28  | 1979-01-21 21:58:32 |
| 1994-1-23  | 1979-01-21 21:59:15 |
| 2000-10-4  | 1979-01-21 22:04:05 |
| 2046-12-18 | 1979-01-21 22:05:25 |
| 2046-6-12  | 1979-01-21 22:08:40 |
| 1994-1-5   | 1979-01-21 22:11:02 |
+------------+---------------------+
10 rows selected.
Running time elapsed:      3.55 Seconds
SQL> -- 把查询出的数据insert到T_TYPE_DATES表中
SQL> DROP TABLE T_TYPE_DATES IF EXISTS;
0 rows affected
Running time elapsed:      0.00 Seconds
SQL> CREATE TABLE T_TYPE_DATES AS (SELECT TCHAR,TVARCHAR FROM P1000) WITH NO DATA;
0 rows affected
Running time elapsed:      0.42 Seconds
SQL> INSERT INTO T_TYPE_DATES (SELECT TDATE,TTIMESTAMP FROM P1000 GROUP BY TDATE,TTIMESTAMP HAVING TDATE > TO_DATE('1979-02-19','YYYY-MM-DD') AND TTIMESTAMP > TO_TIMESTAMP('1979-01-21 21:45:16.000000','YYYY-MM-DD HH24:MI:SS.FF'));
9972471 rows affected
Running time elapsed:     11.87 Seconds
SQL> -- 查看返回结果
SQL> SELECT * FROM T_TYPE_DATES ORDER BY TCHAR,TVARCHAR LIMIT 10;
+-----------------------------------------------------------------------------------------------------------------------------------------------------------------------------------------------------------------------------------------------------------------+---------------------+
| TCHAR                                                                                                                                                                                                                                                           | TVARCHAR            |
+-----------------------------------------------------------------------------------------------------------------------------------------------------------------------------------------------------------------------------------------------------------------+---------------------+
| 1979-02-20                                                                                                                                                                                                                                                      | 1979-03-27 10:57:07 |
| 1979-02-20                                                                                                                                                                                                                                                      | 1979-04-13 06:59:23 |
| 1979-02-20                                                                                                                                                                                                                                                      | 1979-05-15 14:49:18 |
| 1979-02-20                                                                                                                                                                                                                                                      | 1979-06-15 06:03:55 |
| 1979-02-20                                                                                                                                                                                                                                                      | 1979-06-23 18:56:20 |
| 1979-02-20                                                                                                                                                                                                                                                      | 1979-06-26 22:51:24 |
| 1979-02-20                                                                                                                                                                                                                                                      | 1979-11-17 22:29:12 |
| 1979-02-20                                                                                                                                                                                                                                                      | 1979-11-19 14:17:53 |
| 1979-02-20                                                                                                                                                                                                                                                      | 1980-07-06 15:43:46 |
| 1979-02-20                                                                                                                                                                                                                                                      | 1980-08-03 00:57:09 |
+-----------------------------------------------------------------------------------------------------------------------------------------------------------------------------------------------------------------------------------------------------------------+---------------------+
10 rows selected.
Running time elapsed:      1.05 Seconds
SQL> 
SQL> -- 2种字符数据类型组合
SQL> SELECT TCHAR,TVARCHAR FROM P1000 GROUP BY TCHAR, TVARCHAR HAVING TCHAR = 'NBr2nMF7JorJ9LKRZefRKlWj9vR3G8IRC5Wg86OeYzfuMBV7f6' OR TVARCHAR IN ('1SGYlFg5qlxYSOJm3RZF9KyGeIYMnIx8hJTWtG2Z4ABSpWlDN7pszRqJ2ujWLHfUJIR0UXPxFIDk3SrvURGL0P6qf375DfNyC9nO','LXFlGmwOWyAn4FaGV9xc5KkhInSWCOdM8n6o9PFmInF1w4Z1bnzRK78h2e2PoG83835E4t85ArAyLvIVkBvPnISZSFiG1aR4oeME') ORDER BY TCHAR LIMIT 10;
0 rows selected.
Running time elapsed:      1.38 Seconds
SQL> -- 把查询出的数据insert到T_TYPE_CHARS表中
SQL> DROP TABLE T_TYPE_CHARS IF EXISTS;
0 rows affected
Running time elapsed:      0.00 Seconds
SQL> CREATE TABLE T_TYPE_CHARS AS (SELECT TDATE,TTIMESTAMP FROM P1000) WITH NO DATA;
0 rows affected
Running time elapsed:      0.23 Seconds
SQL> INSERT INTO T_TYPE_CHARS (SELECT TCHAR,TVARCHAR FROM P1000 GROUP BY TCHAR, TVARCHAR HAVING TCHAR = 'NBr2nMF7JorJ9LKRZefRKlWj9vR3G8IRC5Wg86OeYzfuMBV7f6' OR TVARCHAR IN ('1SGYlFg5qlxYSOJm3RZF9KyGeIYMnIx8hJTWtG2Z4ABSpWlDN7pszRqJ2ujWLHfUJIR0UXPxFIDk3SrvURGL0P6qf375DfNyC9nO','LXFlGmwOWyAn4FaGV9xc5KkhInSWCOdM8n6o9PFmInF1w4Z1bnzRK78h2e2PoG83835E4t85ArAyLvIVkBvPnISZSFiG1aR4oeME'));
0 rows affected
Running time elapsed:      2.74 Seconds
SQL> -- 查看返回结果
SQL> SELECT * FROM T_TYPE_CHARS ORDER BY TDATE,TTIMESTAMP LIMIT 10;
0 rows selected.
Running time elapsed:      0.03 Seconds
SQL> 
SQL> -- 整型，小数型，字符型，日期类型4种数据类型组合
SQL> SELECT TBIGINT,TDOUBLE,TCHAR,TDATE
   > FROM P1000
   > GROUP BY TBIGINT, TDOUBLE, TCHAR,TDATE HAVING TBIGINT > 500 OR TDOUBLE < 400.22
   > OR TCHAR IN ('NBr2nMF7JorJ9LKRZefRKlWj9vR3G8IRC5Wg86OeYzfuMBV7f6','EicGCMKTtawEbtLLWkJuECm9ywDONiUgBqKMS45rfj947v7hAU')
   > AND TDATE BETWEEN TO_DATE('1979-02-19','YYYY-MM-DD') AND TO_DATE('2010-11-21','YYYY-MM-DD')
   > ORDER BY TBIGINT,TDOUBLE,TCHAR LIMIT 10;
+---------+---------+-----------------------------------------------------------------------------------------------------------------------------------------------------------------------------------------------------------------------------------------------------------------+------------+
| TBIGINT | TDOUBLE | TCHAR                                                                                                                                                                                                                                                           | TDATE      |
+---------+---------+-----------------------------------------------------------------------------------------------------------------------------------------------------------------------------------------------------------------------------------------------------------------+------------+
| <null>  | 0.11    | RH6KRPEgO4s1pEWxnhdberIxFKLEF81pCPP9APJ8LrNdIaWWkK                                                                                                                                                                                                              | 2027-2-17  |
| <null>  | 0.24    | X4TVMRcZ5azww6wGTasHDGMx8o1n54La9R1JBvwvnI64iUBtRY                                                                                                                                                                                                              | 2017-7-13  |
| <null>  | 0.24    | cUjUDg1ITNq9AWZT4U0whJn07jrNTygnKrMRs88RsNRLb3PUuE                                                                                                                                                                                                              | 2030-11-25 |
| <null>  | 0.25    | S8nifiU7E4or4RyawvIFRilLJ5XDXFUizLfDiFrCX2K4sj44gi                                                                                                                                                                                                              | 2004-8-17  |
| <null>  | 0.37    | R6vUMlHmEyvAXdgjksAq4LhvS6R7YNvdb5hzGmMW7kyHdF3zGB                                                                                                                                                                                                              | 1989-9-7   |
| <null>  | 0.39    | zW6wKa8ALtxsLIUy8MwifKrUYjom5mGlu8CFfAnEPhYhWTSFkk                                                                                                                                                                                                              | 2002-6-28  |
| <null>  | 0.41    | fJJChMwfZguqVdW0VAwVHMhgjBiSNR9HsIkTGReJNoYYrbICc4                                                                                                                                                                                                              | 1993-11-23 |
| <null>  | 0.49    | FoIkweiqxlGWvBJWpuvFVJJ0VIuRZHMJwu62dGbVWL9Im3Meq8                                                                                                                                                                                                              | 1993-2-23  |
| <null>  | 0.53    | sBeKvUKqWjj04xK6fyWo9CrJ4rAuO5YhUY2KjglXknmGAZ5qFT                                                                                                                                                                                                              | 2008-4-29  |
| <null>  | 0.58    | nScEVFBabJRoGSeSEV3iLIw9VtfsXSCpGrR5b41pIAs5m0MGv6                                                                                                                                                                                                              | 2003-1-3   |
+---------+---------+-----------------------------------------------------------------------------------------------------------------------------------------------------------------------------------------------------------------------------------------------------------------+------------+
10 rows selected.
Running time elapsed:      3.45 Seconds
SQL> 
SQL> -- 把查询出的数据insert到T_TYPE_ARRAY4表中
SQL> DROP TABLE T_TYPE_ARRAY4 IF EXISTS;
0 rows affected
Running time elapsed:      0.00 Seconds
SQL> CREATE TABLE T_TYPE_ARRAY4 AS (SELECT TBIGINT,TDOUBLE,TCHAR,TDATE FROM P1000) WITH NO DATA;
0 rows affected
Running time elapsed:      0.19 Seconds
SQL> INSERT INTO T_TYPE_ARRAY4 (SELECT TBIGINT,TDOUBLE,TCHAR,TDATE FROM P1000 GROUP BY TBIGINT, TDOUBLE, TCHAR,TDATE HAVING TBIGINT > 500 OR TDOUBLE < 400.22 OR TCHAR IN ('NBr2nMF7JorJ9LKRZefRKlWj9vR3G8IRC5Wg86OeYzfuMBV7f6','EicGCMKTtawEbtLLWkJuECm9ywDONiUgBqKMS45rfj947v7hAU') AND TDATE BETWEEN TO_DATE('1979-02-19','YYYY-MM-DD') AND TO_DATE('2010-11-21','YYYY-MM-DD'));
9990634 rows affected
Running time elapsed:      9.30 Seconds
SQL> -- 查看返回结果
SQL> SELECT * FROM T_TYPE_ARRAY4 ORDER BY TBIGINT,TDOUBLE,TCHAR LIMIT 10;
+---------+---------+-----------------------------------------------------------------------------------------------------------------------------------------------------------------------------------------------------------------------------------------------------------------+------------+
| TBIGINT | TDOUBLE | TCHAR                                                                                                                                                                                                                                                           | TDATE      |
+---------+---------+-----------------------------------------------------------------------------------------------------------------------------------------------------------------------------------------------------------------------------------------------------------------+------------+
| <null>  | 0.11    | RH6KRPEgO4s1pEWxnhdberIxFKLEF81pCPP9APJ8LrNdIaWWkK                                                                                                                                                                                                              | 2027-2-17  |
| <null>  | 0.24    | X4TVMRcZ5azww6wGTasHDGMx8o1n54La9R1JBvwvnI64iUBtRY                                                                                                                                                                                                              | 2017-7-13  |
| <null>  | 0.24    | cUjUDg1ITNq9AWZT4U0whJn07jrNTygnKrMRs88RsNRLb3PUuE                                                                                                                                                                                                              | 2030-11-25 |
| <null>  | 0.25    | S8nifiU7E4or4RyawvIFRilLJ5XDXFUizLfDiFrCX2K4sj44gi                                                                                                                                                                                                              | 2004-8-17  |
| <null>  | 0.37    | R6vUMlHmEyvAXdgjksAq4LhvS6R7YNvdb5hzGmMW7kyHdF3zGB                                                                                                                                                                                                              | 1989-9-7   |
| <null>  | 0.39    | zW6wKa8ALtxsLIUy8MwifKrUYjom5mGlu8CFfAnEPhYhWTSFkk                                                                                                                                                                                                              | 2002-6-28  |
| <null>  | 0.41    | fJJChMwfZguqVdW0VAwVHMhgjBiSNR9HsIkTGReJNoYYrbICc4                                                                                                                                                                                                              | 1993-11-23 |
| <null>  | 0.49    | FoIkweiqxlGWvBJWpuvFVJJ0VIuRZHMJwu62dGbVWL9Im3Meq8                                                                                                                                                                                                              | 1993-2-23  |
| <null>  | 0.53    | sBeKvUKqWjj04xK6fyWo9CrJ4rAuO5YhUY2KjglXknmGAZ5qFT                                                                                                                                                                                                              | 2008-4-29  |
| <null>  | 0.58    | nScEVFBabJRoGSeSEV3iLIw9VtfsXSCpGrR5b41pIAs5m0MGv6                                                                                                                                                                                                              | 2003-1-3   |
+---------+---------+-----------------------------------------------------------------------------------------------------------------------------------------------------------------------------------------------------------------------------------------------------------------+------------+
10 rows selected.
Running time elapsed:      1.62 Seconds
SQL> 
SQL> -- 整型，小数型2种数据类型组合
SQL> SELECT TSMALLINT,TREAL FROM P1000 GROUP BY TSMALLINT, TREAL HAVING TSMALLINT >30 AND TREAL > 40.34
   > ORDER BY TSMALLINT,TREAL LIMIT 10;
+-----------+-------+
| TSMALLINT | TREAL |
+-----------+-------+
| 31        | 52.16 |
| 31        | 52.2  |
| 31        | 52.21 |
| 31        | 52.29 |
| 31        | 52.71 |
| 31        | 52.87 |
| 31        | 52.94 |
| 31        | 75.07 |
| 31        | 75.09 |
| 31        | 75.11 |
+-----------+-------+
10 rows selected.
Running time elapsed:      2.48 Seconds
SQL> 
SQL> -- 把查询出的数据insert到T_TYPE_ARRAY21表中
SQL> DROP TABLE T_TYPE_ARRAY21 IF EXISTS;
0 rows affected
Running time elapsed:      0.00 Seconds
SQL> CREATE TABLE T_TYPE_ARRAY21 AS (SELECT TSMALLINT,TREAL FROM P1000) WITH NO DATA;
0 rows affected
Running time elapsed:      0.23 Seconds
SQL> INSERT INTO T_TYPE_ARRAY21 (SELECT TSMALLINT,TREAL FROM P1000 GROUP BY TSMALLINT, TREAL HAVING TSMALLINT >30 AND TREAL > 40.34);
9029695 rows affected
Running time elapsed:      8.90 Seconds
SQL> SELECT * FROM T_TYPE_ARRAY21
   > ORDER BY TSMALLINT,TREAL LIMIT 10;
+-----------+-------+
| TSMALLINT | TREAL |
+-----------+-------+
| 31        | 52.16 |
| 31        | 52.2  |
| 31        | 52.21 |
| 31        | 52.29 |
| 31        | 52.71 |
| 31        | 52.87 |
| 31        | 52.94 |
| 31        | 75.07 |
| 31        | 75.09 |
| 31        | 75.11 |
+-----------+-------+
10 rows selected.
Running time elapsed:      0.87 Seconds
SQL> 
SQL> -- 整型，字符型2种数据类型组合
SQL> SELECT TINTEGER,TVARCHAR
   > FROM P1000
   > GROUP BY TINTEGER, TVARCHAR HAVING TINTEGER > 200
   > AND TVARCHAR NOT IN ('1SGYlFg5qlxYSOJm3RZF9KyGeIYMnIx8hJTWtG2Z4ABSpWlDN7pszRqJ2ujWLHfUJIR0UXPxFIDk3SrvURGL0P6qf375DfNyC9nO','LXFlGmwOWyAn4FaGV9xc5KkhInSWCOdM8n6o9PFmInF1w4Z1bnzRK78h2e2PoG83835E4t85ArAyLvIVkBvPnISZSFiG1aR4oeME')
   > ORDER BY TINTEGER,TVARCHAR LIMIT 10;
+----------+------------------------------------------------------------------------------------------------------+
| TINTEGER | TVARCHAR                                                                                             |
+----------+------------------------------------------------------------------------------------------------------+
| 3785     | 01MFR9CcBysGFiM5oRNrK4efdnok1CCs58Y70gTEuedBWeYdt9W3JY2JqOnaykFe2ImcJCD8JiSoaUj9JjRbrdNAgUEwpe99hdWi |
| 3785     | 01nIdvHm6Nf7vIhztJRO8frG9vogZfNM6uWLPg1uThEWYL0W9fHCNRrun7rLPGhal4gRaXROmaPFgBRWmFS1R9kVBn6acJ4XmvWa |
| 3785     | 0D6KCxCFGF3VJGAJ7G096cWWB8N5RHRdrYRIzUm6LZDCOgI8RdLkqBpvLajhRcObGSwihLrKdiCBFWxJnp5FyuFrzANh6KFyYRDP |
| 3785     | 0VUNxsvGnYuihbsRtKURLJODzN5AeRo7EgbGuhh0oDrhl9LDN24EE1pOTG60N3vOxr3YPbOEl9lVNKIxJiqh1BD6VLGtU3n8SNPS |
| 3785     | 0Vyp3qahIGqmgwwqoNDtFOTpxRMrn2rRrpyi59chd91EJY4AhkJxuVFFbXYXWtSZsIlUxYqRxdSflcAK6tmHBdldR5cn25E5UVzl |
| 3785     | 0XdmPpcoeLVdWA40rMLJ8H378DI0DK5ympndadafdYd2gLm3ha7B1oA3baEXR5w3aOIuP0lGjIB3jNMTje88PxcF1G4jRV4nHOKd |
| 3785     | 0ZDwmdviujoJazdFz4HYf8f3u0ZcuGoZRkjiX4llkCw23ZDvFhGmIKFqiqLBFkjojLJ3PSLmGruBRuBEGjICY4cd7XnKupRDzykG |
| 3785     | 0di6ysN7UyYMXEO0qUpYe1skMNMgs5RiEANsMYCU9BRdlqqwvDeNBfor4X09UpqkoenIkEG19G7ItSs7vMNWhguoGFjasrEH0igj |
| 3785     | 0edjUOOUgbEbUJgHEXsxHc0e4bEVa0IAlKO27vOC02cBUE91qMzTkIY3iI8sR3LO1OkLvY1pRCIBdGSFdatGGSv5boi7E7EcepaI |
| 3785     | 0lpCcDfTr6sEfhDB2jbROH9AEv3gxj263Or0KhMTv1a7KouSaCds4zTak4hoZIS2fFAzUFEpKq6XJK6l6Nyjl9kSyuY0ScO6WMWa |
+----------+------------------------------------------------------------------------------------------------------+
10 rows selected.
Running time elapsed:      2.71 Seconds
SQL> 
SQL> -- 把查询出的数据insert到T_TYPE_ARRAY22表中
SQL> DROP TABLE T_TYPE_ARRAY22 IF EXISTS;
0 rows affected
Running time elapsed:      0.00 Seconds
SQL> CREATE TABLE T_TYPE_ARRAY22 AS (SELECT TINTEGER,TVARCHAR FROM P1000) WITH NO DATA;
0 rows affected
Running time elapsed:      0.21 Seconds
SQL> INSERT INTO T_TYPE_ARRAY22 (SELECT TINTEGER,TVARCHAR FROM P1000 GROUP BY TINTEGER, TVARCHAR HAVING TINTEGER > 200 AND TVARCHAR NOT IN ('1SGYlFg5qlxYSOJm3RZF9KyGeIYMnIx8hJTWtG2Z4ABSpWlDN7pszRqJ2ujWLHfUJIR0UXPxFIDk3SrvURGL0P6qf375DfNyC9nO','LXFlGmwOWyAn4FaGV9xc5KkhInSWCOdM8n6o9PFmInF1w4Z1bnzRK78h2e2PoG83835E4t85ArAyLvIVkBvPnISZSFiG1aR4oeME'));
9497167 rows affected
Running time elapsed:     10.08 Seconds
SQL> -- 查看返回结果
SQL> SELECT * FROM T_TYPE_ARRAY22 ORDER BY TINTEGER,TVARCHAR LIMIT 10;
+----------+------------------------------------------------------------------------------------------------------+
| TINTEGER | TVARCHAR                                                                                             |
+----------+------------------------------------------------------------------------------------------------------+
| 3785     | 01MFR9CcBysGFiM5oRNrK4efdnok1CCs58Y70gTEuedBWeYdt9W3JY2JqOnaykFe2ImcJCD8JiSoaUj9JjRbrdNAgUEwpe99hdWi |
| 3785     | 01nIdvHm6Nf7vIhztJRO8frG9vogZfNM6uWLPg1uThEWYL0W9fHCNRrun7rLPGhal4gRaXROmaPFgBRWmFS1R9kVBn6acJ4XmvWa |
| 3785     | 0D6KCxCFGF3VJGAJ7G096cWWB8N5RHRdrYRIzUm6LZDCOgI8RdLkqBpvLajhRcObGSwihLrKdiCBFWxJnp5FyuFrzANh6KFyYRDP |
| 3785     | 0VUNxsvGnYuihbsRtKURLJODzN5AeRo7EgbGuhh0oDrhl9LDN24EE1pOTG60N3vOxr3YPbOEl9lVNKIxJiqh1BD6VLGtU3n8SNPS |
| 3785     | 0Vyp3qahIGqmgwwqoNDtFOTpxRMrn2rRrpyi59chd91EJY4AhkJxuVFFbXYXWtSZsIlUxYqRxdSflcAK6tmHBdldR5cn25E5UVzl |
| 3785     | 0XdmPpcoeLVdWA40rMLJ8H378DI0DK5ympndadafdYd2gLm3ha7B1oA3baEXR5w3aOIuP0lGjIB3jNMTje88PxcF1G4jRV4nHOKd |
| 3785     | 0ZDwmdviujoJazdFz4HYf8f3u0ZcuGoZRkjiX4llkCw23ZDvFhGmIKFqiqLBFkjojLJ3PSLmGruBRuBEGjICY4cd7XnKupRDzykG |
| 3785     | 0di6ysN7UyYMXEO0qUpYe1skMNMgs5RiEANsMYCU9BRdlqqwvDeNBfor4X09UpqkoenIkEG19G7ItSs7vMNWhguoGFjasrEH0igj |
| 3785     | 0edjUOOUgbEbUJgHEXsxHc0e4bEVa0IAlKO27vOC02cBUE91qMzTkIY3iI8sR3LO1OkLvY1pRCIBdGSFdatGGSv5boi7E7EcepaI |
| 3785     | 0lpCcDfTr6sEfhDB2jbROH9AEv3gxj263Or0KhMTv1a7KouSaCds4zTak4hoZIS2fFAzUFEpKq6XJK6l6Nyjl9kSyuY0ScO6WMWa |
+----------+------------------------------------------------------------------------------------------------------+
10 rows selected.
Running time elapsed:      0.98 Seconds
SQL> 
SQL> -- 整型，日期型2种数据类型组合
SQL> SELECT TBIGINT,TDATE FROM P1000 GROUP BY TBIGINT, TDATE HAVING TBIGINT > 400 AND TDATE > TO_DATE('1979-02-19','YYYY-MM-DD HH24:MI:SS') ORDER BY TBIGINT LIMIT 10;
0 rows selected.
Running time elapsed:      1.23 Seconds
SQL> -- 把查询出的数据insert到T_TYPE_ARRAY23表中
SQL> DROP TABLE T_TYPE_ARRAY23 IF EXISTS;
0 rows affected
Running time elapsed:      0.00 Seconds
SQL> CREATE TABLE T_TYPE_ARRAY23 AS (SELECT TBIGINT,TDATE FROM P1000) WITH NO DATA;
0 rows affected
Running time elapsed:      0.22 Seconds
SQL> INSERT INTO T_TYPE_ARRAY23 (SELECT TBIGINT,TDATE FROM P1000 GROUP BY TBIGINT, TDATE HAVING TBIGINT > 400 AND TDATE > TO_DATE('1979-02-19','YYYY-MM-DD HH24:MI:SS'));
0 rows affected
Running time elapsed:      2.41 Seconds
SQL> -- 查看返回结果
SQL> SELECT * FROM T_TYPE_ARRAY23 ORDER BY TBIGINT LIMIT 10;
0 rows selected.
Running time elapsed:      0.03 Seconds
SQL> 
SQL> -- 整型，小数型，字符型3种数据类型组合
SQL> SELECT TSMALLINT,TREAL,TCHAR
   > FROM P1000 GROUP BY TSMALLINT, TREAL, TCHAR HAVING TSMALLINT > 300
   > AND TREAL<100.33 OR TCHAR = 'NBr2nMF7JorJ9LKRZefRKlWj9vR3G8IRC5Wg86OeYzfuMBV7f6'
   > ORDER BY TSMALLINT,TREAL,TCHAR LIMIT 10;
+-----------+-------+-----------------------------------------------------------------------------------------------------------------------------------------------------------------------------------------------------------------------------------------------------------------+
| TSMALLINT | TREAL | TCHAR                                                                                                                                                                                                                                                           |
+-----------+-------+-----------------------------------------------------------------------------------------------------------------------------------------------------------------------------------------------------------------------------------------------------------------+
| 305       | 0.11  | wB6LMHE8e04GqCoe03qRn92eeOtoEX39A0gzyKCWWXN1PRspZx                                                                                                                                                                                                              |
| 305       | 0.26  | KHf3KZBm7zJBDT0ytY51FNO68YtDBC8FB2rUBbkHEkdELI7wb5                                                                                                                                                                                                              |
| 305       | 0.3   | IHnvO15ZMoLYBotRz5RFvR5wEfT5s75K9Rzj34j5ysf3GtocPM                                                                                                                                                                                                              |
| 305       | 0.49  | nUHwvWRaJAw3ZqSXXkqNvGdegcF7i6RqiCMw9y38AUILyNE2hj                                                                                                                                                                                                              |
| 305       | 0.54  | 3RnkVfyCtqi2TkFtdbARhyh8180mPRKWO4rXW7BFJ8aR5RW9JN                                                                                                                                                                                                              |
| 305       | 0.69  | OK9DORkbdTXz5so7tIqXGJ08H8jL5AM8vGO6n3JD49EpvzZFk8                                                                                                                                                                                                              |
| 305       | 0.72  | 4xMS1akleGlehRs1bScnplWa5ng2cFUH8jraH50nLHSCu9s8FU                                                                                                                                                                                                              |
| 305       | 0.94  | cRrM57yF5JsF9BclWU9kxpcNX6N8VY1J6L5JE7tcvBREvoBlsj                                                                                                                                                                                                              |
| 305       | 0.95  | SH4cRA4NDuqg9OxJvpyRBVVE69v804dohxKRR6MxLb6DXNePTK                                                                                                                                                                                                              |
| 305       | 10.1  | xrvmJJXfCoOXv9RK5Tp1AgfTuly9JNmFLNSolY5FB5GIbqSDSU                                                                                                                                                                                                              |
+-----------+-------+-----------------------------------------------------------------------------------------------------------------------------------------------------------------------------------------------------------------------------------------------------------------+
10 rows selected.
Running time elapsed:      2.27 Seconds
SQL> 
SQL> -- 把查询出的数据insert到T_TYPE_ARRAY31表中
SQL> DROP TABLE T_TYPE_ARRAY31 IF EXISTS;
0 rows affected
Running time elapsed:      0.00 Seconds
SQL> CREATE TABLE T_TYPE_ARRAY31 AS (SELECT TSMALLINT,TREAL,TCHAR FROM P1000) WITH NO DATA;
0 rows affected
Running time elapsed:      0.21 Seconds
SQL> INSERT INTO T_TYPE_ARRAY31 (SELECT TSMALLINT,TREAL,TCHAR FROM P1000 GROUP BY TSMALLINT, TREAL, TCHAR HAVING TSMALLINT > 300 AND TREAL<100.33 OR TCHAR = 'NBr2nMF7JorJ9LKRZefRKlWj9vR3G8IRC5Wg86OeYzfuMBV7f6');
58493 rows affected
Running time elapsed:      9.11 Seconds
SQL> -- 查看返回结果
SQL> SELECT * FROM T_TYPE_ARRAY31 ORDER BY TSMALLINT,TREAL,TCHAR LIMIT 10;
+-----------+-------+-----------------------------------------------------------------------------------------------------------------------------------------------------------------------------------------------------------------------------------------------------------------+
| TSMALLINT | TREAL | TCHAR                                                                                                                                                                                                                                                           |
+-----------+-------+-----------------------------------------------------------------------------------------------------------------------------------------------------------------------------------------------------------------------------------------------------------------+
| 305       | 0.11  | wB6LMHE8e04GqCoe03qRn92eeOtoEX39A0gzyKCWWXN1PRspZx                                                                                                                                                                                                              |
| 305       | 0.26  | KHf3KZBm7zJBDT0ytY51FNO68YtDBC8FB2rUBbkHEkdELI7wb5                                                                                                                                                                                                              |
| 305       | 0.3   | IHnvO15ZMoLYBotRz5RFvR5wEfT5s75K9Rzj34j5ysf3GtocPM                                                                                                                                                                                                              |
| 305       | 0.49  | nUHwvWRaJAw3ZqSXXkqNvGdegcF7i6RqiCMw9y38AUILyNE2hj                                                                                                                                                                                                              |
| 305       | 0.54  | 3RnkVfyCtqi2TkFtdbARhyh8180mPRKWO4rXW7BFJ8aR5RW9JN                                                                                                                                                                                                              |
| 305       | 0.69  | OK9DORkbdTXz5so7tIqXGJ08H8jL5AM8vGO6n3JD49EpvzZFk8                                                                                                                                                                                                              |
| 305       | 0.72  | 4xMS1akleGlehRs1bScnplWa5ng2cFUH8jraH50nLHSCu9s8FU                                                                                                                                                                                                              |
| 305       | 0.94  | cRrM57yF5JsF9BclWU9kxpcNX6N8VY1J6L5JE7tcvBREvoBlsj                                                                                                                                                                                                              |
| 305       | 0.95  | SH4cRA4NDuqg9OxJvpyRBVVE69v804dohxKRR6MxLb6DXNePTK                                                                                                                                                                                                              |
| 305       | 10.1  | xrvmJJXfCoOXv9RK5Tp1AgfTuly9JNmFLNSolY5FB5GIbqSDSU                                                                                                                                                                                                              |
+-----------+-------+-----------------------------------------------------------------------------------------------------------------------------------------------------------------------------------------------------------------------------------------------------------------+
10 rows selected.
Running time elapsed:      0.75 Seconds
SQL> 
SQL> -- 整型，小数型，日期型3种数据类型组合
SQL> SELECT TSMALLINT,TREAL,TDATE FROM P1000 GROUP BY TSMALLINT, TREAL, TDATE HAVING TSMALLINT> 40 AND TREAL >4000.23 AND TDATE BETWEEN TO_DATE('1979-02-19','YYYY-MM-DD') AND TO_DATE('2010-11-21','YYYY-MM-DD') ORDER BY TSMALLINT,TREAL,TDATE LIMIT 10;
+-----------+---------+------------+
| TSMALLINT | TREAL   | TDATE      |
+-----------+---------+------------+
| 52        | 4016.09 | 1990-2-28  |
| 52        | 4016.14 | 1992-11-19 |
| 52        | 4016.29 | 1998-11-12 |
| 52        | 4016.3  | 1986-7-4   |
| 52        | 4016.35 | 2010-4-2   |
| 52        | 4016.67 | 1999-12-10 |
| 52        | 4016.93 | 2002-10-24 |
| 52        | 4017.21 | 1989-11-29 |
| 52        | 4017.27 | 1998-10-27 |
| 52        | 4017.41 | 1987-12-14 |
+-----------+---------+------------+
10 rows selected.
Running time elapsed:      2.55 Seconds
SQL> -- 把查询出的数据insert到T_TYPE_ARRAY32表中
SQL> DROP TABLE T_TYPE_ARRAY32 IF EXISTS;
0 rows affected
Running time elapsed:      0.00 Seconds
SQL> CREATE TABLE T_TYPE_ARRAY32 AS (SELECT TSMALLINT,TREAL,TDATE FROM P1000) WITH NO DATA;
0 rows affected
Running time elapsed:      0.17 Seconds
SQL> INSERT INTO T_TYPE_ARRAY32 (SELECT TSMALLINT,TREAL,TDATE FROM P1000 GROUP BY TSMALLINT, TREAL, TDATE HAVING TSMALLINT> 40 AND TREAL >4000.23  AND TDATE BETWEEN TO_DATE('1979-02-19','YYYY-MM-DD') AND TO_DATE('2010-11-21','YYYY-MM-DD'));
2573203 rows affected
Running time elapsed:      9.43 Seconds
SQL> -- 查看返回结果
SQL> SELECT * FROM T_TYPE_ARRAY32 ORDER BY TSMALLINT,TREAL,TDATE LIMIT 10;
+-----------+---------+------------+
| TSMALLINT | TREAL   | TDATE      |
+-----------+---------+------------+
| 52        | 4016.09 | 1990-2-28  |
| 52        | 4016.14 | 1992-11-19 |
| 52        | 4016.29 | 1998-11-12 |
| 52        | 4016.3  | 1986-7-4   |
| 52        | 4016.35 | 2010-4-2   |
| 52        | 4016.67 | 1999-12-10 |
| 52        | 4016.93 | 2002-10-24 |
| 52        | 4017.21 | 1989-11-29 |
| 52        | 4017.27 | 1998-10-27 |
| 52        | 4017.41 | 1987-12-14 |
+-----------+---------+------------+
10 rows selected.
Running time elapsed:      0.78 Seconds
SQL> 
SQL> -- 小数型，字符型，日期型3种数据类型组合
SQL> SELECT TREAL,TCHAR,TDATE FROM P1000 GROUP BY TREAL,TCHAR, TDATE HAVING TREAL >300.22 AND TCHAR IN ('NBr2nMF7JorJ9LKRZefRKlWj9vR3G8IRC5Wg86OeYzfuMBV7f6','EicGCMKTtawEbtLLWkJuECm9ywDONiUgBqKMS45rfj947v7hAU') AND TDATE >TO_DATE('1979-02-19','YYYY-MM-DD') ORDER BY TDATE LIMIT 10;
0 rows selected.
Running time elapsed:      1.49 Seconds
SQL> -- 把查询出的数据insert到T_TYPE_ARRAY33表中
SQL> DROP TABLE T_TYPE_ARRAY33 IF EXISTS;
0 rows affected
Running time elapsed:      0.00 Seconds
SQL> CREATE TABLE T_TYPE_ARRAY33 AS (SELECT TREAL,TCHAR,TDATE FROM P1000) WITH NO DATA;
0 rows affected
Running time elapsed:      0.22 Seconds
SQL> INSERT INTO T_TYPE_ARRAY33 (SELECT TREAL,TCHAR,TDATE FROM P1000 GROUP BY TREAL,TCHAR, TDATE HAVING TREAL >300.22 AND TCHAR IN ('NBr2nMF7JorJ9LKRZefRKlWj9vR3G8IRC5Wg86OeYzfuMBV7f6','EicGCMKTtawEbtLLWkJuECm9ywDONiUgBqKMS45rfj947v7hAU') AND TDATE >TO_DATE('1979-02-19','YYYY-MM-DD'));
0 rows affected
Running time elapsed:      2.36 Seconds
SQL> -- 查看返回结果
SQL> SELECT * FROM T_TYPE_ARRAY33 ORDER BY TDATE LIMIT 10;
0 rows selected.
Running time elapsed:      0.03 Seconds
SQL> 
SQL> -- 因为布尔型的数据在数据库表里只有一种数据：True，timestamp类型的数据在数据库表里没有重复数据，所以选取余下的11种类型的数据进行组合查询
SQL> SELECT TSMALLINT,TINTEGER,TBIGINT,TREAL,TDOUBLE,TFLOAT,TDECIMAL,TNUMERIC,TDATE,TCHAR,TVARCHAR
   > FROM P1000
   > GROUP BY TSMALLINT, TINTEGER, TBIGINT, TREAL, TDOUBLE, TFLOAT, TDECIMAL, TNUMERIC, TDATE, TCHAR, TVARCHAR
   > HAVING (TSMALLINT>12 OR TINTEGER>30 OR TBIGINT>400)
   > AND (TREAL>1.1 OR TDOUBLE>2.3 OR TFLOAT>1.2 OR TDECIMAL>2.3 OR TNUMERIC>4.4)
   > AND TDATE >TO_DATE('1999-01-01','YYYY-MM-DD')
   > OR TCHAR ='EicGCMKTtawEbtLLWkJuECm9ywDONiUgBqKMS45rfj947v7hAU'
   > OR TVARCHAR ='jFSa9VH11qZFwAlKFd7ya9TMC6mGmIZIk4jM8rFP8RPXAuFFY1qD3CW08B6ySGqHsKGucfEU7r8KHWmyP3VBnnN0A1PEir6JCSNE'
   > ORDER BY TSMALLINT,TINTEGER, TBIGINT LIMIT 10;
+-----------+----------+--------------+---------+---------+---------+----------+-----------+------------+-----------------------------------------------------------------------------------------------------------------------------------------------------------------------------------------------------------------------------------------------------------------+------------------------------------------------------------------------------------------------------+
| TSMALLINT | TINTEGER | TBIGINT      | TREAL   | TDOUBLE | TFLOAT  | TDECIMAL | TNUMERIC  | TDATE      | TCHAR                                                                                                                                                                                                                                                           | TVARCHAR                                                                                             |
+-----------+----------+--------------+---------+---------+---------+----------+-----------+------------+-----------------------------------------------------------------------------------------------------------------------------------------------------------------------------------------------------------------------------------------------------------------+------------------------------------------------------------------------------------------------------+
| <null>    | <null>   | 34130337068  | 10.99   | 1948.44 | 6246.3  | 4229.26  | 4841.332  | 1999-6-6   | wRKHGeqfDfFmM8a0YNsHUT11i1SaXFAU7iiMsD1s09KxbrSMbj                                                                                                                                                                                                              | qEdVeTlPOUSLqJllrtb5rV5WfeTNTGaswpPVBNMqbCdbnn0Eh9FpyNtv3MUgrm1BgGfbmWZIfM3PVIHskcBZkfueJVos7EuRtYTs |
| <null>    | <null>   | 158247007637 | 7775.34 | 9959.5  | 1406.35 | 8021.41  | 2083.0164 | 2045-9-1   | LPKFRYj4A6ZNxRa0oz0X5iIpc6n8FgkY9ZUqG3uRWazpjRFrki                                                                                                                                                                                                              | aUE8YdRLqGz8WArVZ1Wog4Rq5AyDj77DrocSsbGHRu8jph7GCHofC8D21FdDESv58DbitdSx292F7VDWICc6YWcrXuHtxR2ocIpB |
| <null>    | <null>   | 257861721593 | 3455.34 | 7637.31 | 8812.47 | 1946.29  | 3231.3036 | 2006-5-28  | 1NXeSRrAllwBcScGayPlsrHrfPkpzX8WbLzgDFXuDVv3duSCER                                                                                                                                                                                                              | 7PThF6mggvPqpecDB8olekB7SAPRVibkWXHNDHD7XoDkpl7IaKlgHzF0kTcFOYEqVyP5Hs6L9zIC16wS0l53JYmhV0L9qUZahYR4 |
| <null>    | <null>   | 311045371435 | 4341.76 | 2624.37 | 1172.29 | 1135.63  | 1040.9766 | 2000-8-13  | N897eNz7wue3oT14T5qnNAaJTLWloHGOxvZBvgTzEDWzRfbuxF                                                                                                                                                                                                              | KwwRmyqzRM70aiHa8ZLfHsm4820xiqdEXBGe5HID7Snm6g7tC2PxOVSbXU7RgFIAtbu8ONJGDsGiWZXNIB3bqZO3h6sxtxdMyMBh |
| <null>    | <null>   | 479915003624 | 6098.76 | 8005.03 | 4144.44 | 942.67   | 4191.9158 | 2016-1-28  | wp0svL9ohMDDRTlmrsZMFbVrIz2FFc5qykIkWSOL39c3UIDsBH                                                                                                                                                                                                              | rd1DVhCuf81qlqHKdwWwSBIzXkLZ4PAB3oo1K6mtFwxD2jWoSrBDPwCdULl0WO1GoNBwB7KhF3TRg4eot9HHDDfCsq3hOGATurJH |
| <null>    | <null>   | 554192202353 | 9442.26 | 8517.21 | 2643.14 | 4647.84  | 4861.0862 | 2045-6-27  | Dm4ACAr2VcWVRjJEFRvzN3RRMo45Fte5SYCyuMgyLCUOXvJCEL                                                                                                                                                                                                              | pYD7RbDRlhj0tzfFMEIta6e8zPbWJXYBFV5HYrfArU43GcurXpY2nM5k9uOOHN9TVnkMy6PTB457VVUq7BsWrZMnvmPDORUIr9KH |
| <null>    | <null>   | 613953330964 | 3439.11 | 6138.93 | 3067.62 | 1758.09  | 2164.5561 | 2030-12-21 | 5g2FS0B9GYqf4NGDzwHpwuhuwg6ztdVaNP9B7tA2IRTjeBDIlM                                                                                                                                                                                                              | hoHYVKo7kagLMwi8LfTEM9S3tLR1AlSgNElKhS5lDGjERohRHCbAv7O87MoivwyVaKITUm5yq55AHlsSTz8BEAGj5chxD7Efe9vj |
| <null>    | <null>   | 625306060599 | 9152.69 | 190.55  | 7490.07 | 467.54   | 2545.344  | 2010-10-14 | Z5dgE07OFLy0fEC6CGzRRdkIJAwvABOYLf71ngf5E9vReaoVGk                                                                                                                                                                                                              | ZYCze4NbGyGc58YZJuw9lxvgW1oeZCcDuRncnatkpCJbZam4HnSRmqpF8RCjDqR93TNOLY2DtxHHGN2geBFiiPXXnMdOsoC9G1v7 |
| <null>    | <null>   | 668153524516 | 3262.64 | 3149.93 | 1458.95 | 3231.78  | 922.1406  | 2002-7-21  | 5x3pnTGEv1cjDrpsNZZSKkn2POsAGZkM4nesCRAT7RzyOWaHCb                                                                                                                                                                                                              | srwiGWLoidW7bpO0MpP8ZVWi2lCzKK3DHIBxBVUstCEI6WJh2fVYftIVk4Dmi2V9lBHA2ASvwycWuDZ93F5GdICMWpvq5q3BOlCb |
| <null>    | 3785     | 427705091370 | 5625.84 | 7393.76 | 7102.2  | 6770.84  | 3367.6046 | 2027-5-20  | yIF5RWAGZXHuNJ6qKPm836NOY9rRVMyEvIRTP7WCCFvnnRVEnC                                                                                                                                                                                                              | 43wU9PwuUAFhWq0DWVp7JXZV8IkSj8OKVLZDEpSW5YncBW08jYL4sH3xCYXo7R4fA919LxrcvB1gN04VKi4EdC0N1qYISSGeHe2R |
+-----------+----------+--------------+---------+---------+---------+----------+-----------+------------+-----------------------------------------------------------------------------------------------------------------------------------------------------------------------------------------------------------------------------------------------------------------+------------------------------------------------------------------------------------------------------+
10 rows selected.
Running time elapsed:      5.22 Seconds
SQL> 
SQL> -- 把查询出的数据insert到T_TYPE_ALL表中
SQL> DROP TABLE T_TYPE_ALL IF EXISTS;
0 rows affected
Running time elapsed:      0.04 Seconds
SQL> CREATE TABLE T_TYPE_ALL AS (SELECT TSMALLINT,TINTEGER,TBIGINT,TREAL,TDOUBLE,TFLOAT,TDECIMAL,TNUMERIC,TDATE,TCHAR,TVARCHAR FROM P1000) WITH NO DATA;
0 rows affected
Running time elapsed:      0.18 Seconds
SQL> INSERT INTO T_TYPE_ALL (SELECT TSMALLINT,TINTEGER,TBIGINT,TREAL,TDOUBLE,TFLOAT,TDECIMAL,TNUMERIC,TDATE,TCHAR,TVARCHAR FROM P1000 GROUP BY TSMALLINT, TINTEGER, TBIGINT, TREAL, TDOUBLE, TFLOAT, TDECIMAL, TNUMERIC, TDATE, TCHAR, TVARCHAR HAVING (TSMALLINT>12 OR TINTEGER>30 OR TBIGINT>400) AND (TREAL>1.1 OR TDOUBLE>2.3 OR TFLOAT>1.2 OR TDECIMAL>2.3 OR TNUMERIC>4.4) AND TDATE >TO_DATE('1999-01-01','YYYY-MM-DD') OR TCHAR ='EicGCMKTtawEbtLLWkJuECm9ywDONiUgBqKMS45rfj947v7hAU' OR TVARCHAR ='jFSa9VH11qZFwAlKFd7ya9TMC6mGmIZIk4jM8rFP8RPXAuFFY1qD3CW08B6ySGqHsKGucfEU7r8KHWmyP3VBnnN0A1PEir6JCSNE');
7182724 rows affected
Running time elapsed:     10.89 Seconds
SQL> -- 查看返回结果
SQL> SELECT * FROM T_TYPE_ALL ORDER BY TSMALLINT,TINTEGER, TBIGINT LIMIT 10;
+-----------+----------+--------------+---------+---------+---------+----------+-----------+------------+-----------------------------------------------------------------------------------------------------------------------------------------------------------------------------------------------------------------------------------------------------------------+------------------------------------------------------------------------------------------------------+
| TSMALLINT | TINTEGER | TBIGINT      | TREAL   | TDOUBLE | TFLOAT  | TDECIMAL | TNUMERIC  | TDATE      | TCHAR                                                                                                                                                                                                                                                           | TVARCHAR                                                                                             |
+-----------+----------+--------------+---------+---------+---------+----------+-----------+------------+-----------------------------------------------------------------------------------------------------------------------------------------------------------------------------------------------------------------------------------------------------------------+------------------------------------------------------------------------------------------------------+
| <null>    | <null>   | 34130337068  | 10.99   | 1948.44 | 6246.3  | 4229.26  | 4841.332  | 1999-6-6   | wRKHGeqfDfFmM8a0YNsHUT11i1SaXFAU7iiMsD1s09KxbrSMbj                                                                                                                                                                                                              | qEdVeTlPOUSLqJllrtb5rV5WfeTNTGaswpPVBNMqbCdbnn0Eh9FpyNtv3MUgrm1BgGfbmWZIfM3PVIHskcBZkfueJVos7EuRtYTs |
| <null>    | <null>   | 158247007637 | 7775.34 | 9959.5  | 1406.35 | 8021.41  | 2083.0164 | 2045-9-1   | LPKFRYj4A6ZNxRa0oz0X5iIpc6n8FgkY9ZUqG3uRWazpjRFrki                                                                                                                                                                                                              | aUE8YdRLqGz8WArVZ1Wog4Rq5AyDj77DrocSsbGHRu8jph7GCHofC8D21FdDESv58DbitdSx292F7VDWICc6YWcrXuHtxR2ocIpB |
| <null>    | <null>   | 257861721593 | 3455.34 | 7637.31 | 8812.47 | 1946.29  | 3231.3036 | 2006-5-28  | 1NXeSRrAllwBcScGayPlsrHrfPkpzX8WbLzgDFXuDVv3duSCER                                                                                                                                                                                                              | 7PThF6mggvPqpecDB8olekB7SAPRVibkWXHNDHD7XoDkpl7IaKlgHzF0kTcFOYEqVyP5Hs6L9zIC16wS0l53JYmhV0L9qUZahYR4 |
| <null>    | <null>   | 311045371435 | 4341.76 | 2624.37 | 1172.29 | 1135.63  | 1040.9766 | 2000-8-13  | N897eNz7wue3oT14T5qnNAaJTLWloHGOxvZBvgTzEDWzRfbuxF                                                                                                                                                                                                              | KwwRmyqzRM70aiHa8ZLfHsm4820xiqdEXBGe5HID7Snm6g7tC2PxOVSbXU7RgFIAtbu8ONJGDsGiWZXNIB3bqZO3h6sxtxdMyMBh |
| <null>    | <null>   | 479915003624 | 6098.76 | 8005.03 | 4144.44 | 942.67   | 4191.9158 | 2016-1-28  | wp0svL9ohMDDRTlmrsZMFbVrIz2FFc5qykIkWSOL39c3UIDsBH                                                                                                                                                                                                              | rd1DVhCuf81qlqHKdwWwSBIzXkLZ4PAB3oo1K6mtFwxD2jWoSrBDPwCdULl0WO1GoNBwB7KhF3TRg4eot9HHDDfCsq3hOGATurJH |
| <null>    | <null>   | 554192202353 | 9442.26 | 8517.21 | 2643.14 | 4647.84  | 4861.0862 | 2045-6-27  | Dm4ACAr2VcWVRjJEFRvzN3RRMo45Fte5SYCyuMgyLCUOXvJCEL                                                                                                                                                                                                              | pYD7RbDRlhj0tzfFMEIta6e8zPbWJXYBFV5HYrfArU43GcurXpY2nM5k9uOOHN9TVnkMy6PTB457VVUq7BsWrZMnvmPDORUIr9KH |
| <null>    | <null>   | 613953330964 | 3439.11 | 6138.93 | 3067.62 | 1758.09  | 2164.5561 | 2030-12-21 | 5g2FS0B9GYqf4NGDzwHpwuhuwg6ztdVaNP9B7tA2IRTjeBDIlM                                                                                                                                                                                                              | hoHYVKo7kagLMwi8LfTEM9S3tLR1AlSgNElKhS5lDGjERohRHCbAv7O87MoivwyVaKITUm5yq55AHlsSTz8BEAGj5chxD7Efe9vj |
| <null>    | <null>   | 625306060599 | 9152.69 | 190.55  | 7490.07 | 467.54   | 2545.344  | 2010-10-14 | Z5dgE07OFLy0fEC6CGzRRdkIJAwvABOYLf71ngf5E9vReaoVGk                                                                                                                                                                                                              | ZYCze4NbGyGc58YZJuw9lxvgW1oeZCcDuRncnatkpCJbZam4HnSRmqpF8RCjDqR93TNOLY2DtxHHGN2geBFiiPXXnMdOsoC9G1v7 |
| <null>    | <null>   | 668153524516 | 3262.64 | 3149.93 | 1458.95 | 3231.78  | 922.1406  | 2002-7-21  | 5x3pnTGEv1cjDrpsNZZSKkn2POsAGZkM4nesCRAT7RzyOWaHCb                                                                                                                                                                                                              | srwiGWLoidW7bpO0MpP8ZVWi2lCzKK3DHIBxBVUstCEI6WJh2fVYftIVk4Dmi2V9lBHA2ASvwycWuDZ93F5GdICMWpvq5q3BOlCb |
| <null>    | 3785     | 427705091370 | 5625.84 | 7393.76 | 7102.2  | 6770.84  | 3367.6046 | 2027-5-20  | yIF5RWAGZXHuNJ6qKPm836NOY9rRVMyEvIRTP7WCCFvnnRVEnC                                                                                                                                                                                                              | 43wU9PwuUAFhWq0DWVp7JXZV8IkSj8OKVLZDEpSW5YncBW08jYL4sH3xCYXo7R4fA919LxrcvB1gN04VKi4EdC0N1qYISSGeHe2R |
+-----------+----------+--------------+---------+---------+---------+----------+-----------+------------+-----------------------------------------------------------------------------------------------------------------------------------------------------------------------------------------------------------------------------------------------------------------+------------------------------------------------------------------------------------------------------+
10 rows selected.
Running time elapsed:      1.95 Seconds
SQL> 
SQL> 
SQL> -- HAVING+函数组合
SQL> SELECT TSMALLINT,SUM(TBIGINT) FROM P1000 GROUP BY TSMALLINT HAVING SUM(TBIGINT) > 50000 ORDER BY TSMALLINT LIMIT 10;
+-----------+------------------+
| TSMALLINT | C2               |
+-----------+------------------+
| <null>    | 5031209534588811 |
| 10        | 5007294641829621 |
| 31        | 5064015740158684 |
| 52        | 4916207154963010 |
| 75        | 5013856161465026 |
| 79        | 4906694968142036 |
| 102       | 4784762547997631 |
| 142       | 4981625973517683 |
| 144       | 5027819609379550 |
| 152       | 4984311566724355 |
+-----------+------------------+
10 rows selected.
Running time elapsed:      1.86 Seconds
SQL> -- 把查询出的数据insert到T_TYPE_HAV1表中
SQL> DROP TABLE T_TYPE_HAV1 IF EXISTS;
0 rows affected
Running time elapsed:      0.00 Seconds
SQL> CREATE TABLE T_TYPE_HAV1 AS (SELECT TSMALLINT,SUM(TBIGINT) FROM P1000 GROUP BY TSMALLINT HAVING SUM(TBIGINT) > 50000) WITH DATA;
0 rows affected
Running time elapsed:     10.82 Seconds
SQL> -- 查看返回结果
SQL> SELECT * FROM T_TYPE_HAV1 ORDER BY TSMALLINT LIMIT 10;
+-----------+------------------+
| TSMALLINT | C2               |
+-----------+------------------+
| <null>    | 5031209534588811 |
| 10        | 5007294641829621 |
| 31        | 5064015740158684 |
| 52        | 4916207154963010 |
| 75        | 5013856161465026 |
| 79        | 4906694968142036 |
| 102       | 4784762547997631 |
| 142       | 4981625973517683 |
| 144       | 5027819609379550 |
| 152       | 4984311566724355 |
+-----------+------------------+
10 rows selected.
Running time elapsed:      3.69 Seconds
SQL> SELECT TSMALLINT,MAX(TBIGINT) FROM P1000 GROUP BY TSMALLINT HAVING TSMALLINT > 5000 ORDER BY TSMALLINT LIMIT 10;
+-----------+--------------+
| TSMALLINT | C2           |
+-----------+--------------+
| 5008      | 999724615239 |
| 5016      | 999724615239 |
| 5017      | 999959449554 |
| 5018      | 999959449554 |
| 5042      | 999724615239 |
| 5060      | 999724615239 |
| 5070      | 999959449554 |
| 5072      | 999959449554 |
| 5079      | 999959449554 |
| 5089      | 999959449554 |
+-----------+--------------+
10 rows selected.
Running time elapsed:      1.50 Seconds
SQL> -- 把查询出的数据insert到T_TYPE_HAV2表中
SQL> DROP TABLE T_TYPE_HAV2 IF EXISTS;
0 rows affected
Running time elapsed:      0.00 Seconds
SQL> CREATE TABLE T_TYPE_HAV2 AS (SELECT TSMALLINT,MAX(TBIGINT) FROM P1000 GROUP BY TSMALLINT HAVING TSMALLINT > 5000) WITH DATA;
0 rows affected
Running time elapsed:      7.31 Seconds
SQL> -- 查看返回结果
SQL> SELECT * FROM T_TYPE_HAV2 ORDER BY TSMALLINT LIMIT 10;
+-----------+--------------+
| TSMALLINT | C2           |
+-----------+--------------+
| 5008      | 999724615239 |
| 5016      | 999724615239 |
| 5017      | 999959449554 |
| 5018      | 999959449554 |
| 5042      | 999724615239 |
| 5060      | 999724615239 |
| 5070      | 999959449554 |
| 5072      | 999959449554 |
| 5079      | 999959449554 |
| 5089      | 999959449554 |
+-----------+--------------+
10 rows selected.
Running time elapsed:      0.56 Seconds
SQL> SELECT TSMALLINT,AVG(TBIGINT) FROM P1000 GROUP BY TSMALLINT HAVING AVG(TBIGINT) > 500000 ORDER BY 1,2 LIMIT 10;
+-----------+-----------------+
| TSMALLINT | C2              |
+-----------+-----------------+
| <null>    | 5.004684706e+11 |
| 10        | 4.977924885e+11 |
| 31        | 4.952582631e+11 |
| 52        | 4.91915865e+11  |
| 75        | 4.994378087e+11 |
| 79        | 4.912098276e+11 |
| 102       | 4.947536499e+11 |
| 142       | 5.016743176e+11 |
| 144       | 5.015781733e+11 |
| 152       | 4.951138936e+11 |
+-----------+-----------------+
10 rows selected.
Running time elapsed:      2.40 Seconds
SQL> -- 把查询出的数据insert到T_TYPE_HAV2表中
SQL> DROP TABLE T_TYPE_HAV3 IF EXISTS;
0 rows affected
Running time elapsed:      0.00 Seconds
SQL> CREATE TABLE T_TYPE_HAV3 AS (SELECT TSMALLINT,AVG(TBIGINT) FROM P1000 GROUP BY TSMALLINT HAVING AVG(TBIGINT) > 500000) WITH DATA;
0 rows affected
Running time elapsed:      7.26 Seconds
SQL> -- 查看返回结果
SQL> SELECT * FROM T_TYPE_HAV3 ORDER BY 1,2 LIMIT 10;
+-----------+-----------------+
| TSMALLINT | C2              |
+-----------+-----------------+
| <null>    | 5.004684706e+11 |
| 10        | 4.977924885e+11 |
| 31        | 4.952582631e+11 |
| 52        | 4.91915865e+11  |
| 75        | 4.994378087e+11 |
| 79        | 4.912098276e+11 |
| 102       | 4.947536499e+11 |
| 142       | 5.016743176e+11 |
| 144       | 5.015781733e+11 |
| 152       | 4.951138936e+11 |
+-----------+-----------------+
10 rows selected.
Running time elapsed:      0.67 Seconds
SQL> SELECT TSMALLINT,TDATE,COUNT (*),SUM (TINTEGER),MAX (TINTEGER),MIN (TINTEGER),AVG (TINTEGER) FROM P1000 GROUP BY TSMALLINT,TDATE HAVING AVG (TINTEGER) < 200000000 AND TDATE > TO_DATE('2019-09-11','YYYY-MM-DD') ORDER BY TSMALLINT,TDATE LIMIT 10;
+-----------+-----------+----+-----------+----------+----------+-------------+
| TSMALLINT | TDATE     | C3 | C4        | C5       | C6       | C7          |
+-----------+-----------+----+-----------+----------+----------+-------------+
| <null>    | 2019-9-12 | 2  | 32808244  | 30847957 | 1960287  | 16404122    |
| <null>    | 2019-9-13 | 1  | 95586003  | 95586003 | 95586003 | 95586003    |
| <null>    | 2019-9-14 | 1  | 59698752  | 59698752 | 59698752 | 59698752    |
| <null>    | 2019-9-16 | 2  | 130425217 | 68239667 | 62185550 | 65212608.5  |
| <null>    | 2019-9-18 | 2  | 72659555  | 57267976 | 15391579 | 36329777.5  |
| <null>    | 2019-9-19 | 3  | 82777733  | 66261814 | 7585985  | 27592577.67 |
| <null>    | 2019-9-20 | 1  | 44380226  | 44380226 | 44380226 | 44380226    |
| <null>    | 2019-9-21 | 1  | 15085110  | 15085110 | 15085110 | 15085110    |
| <null>    | 2019-9-22 | 1  | 11253382  | 11253382 | 11253382 | 11253382    |
| <null>    | 2019-9-27 | 2  | 138124706 | 70532295 | 67592411 | 69062353    |
+-----------+-----------+----+-----------+----------+----------+-------------+
10 rows selected.
Running time elapsed:      2.67 Seconds
SQL> -- 把查询出的数据insert到T_TYPE_HAV3表中
SQL> DROP TABLE T_TYPE_HAV4 IF EXISTS;
0 rows affected
Running time elapsed:      0.00 Seconds
SQL> CREATE TABLE T_TYPE_HAV4 AS (SELECT TSMALLINT,TDATE,COUNT (*),SUM (TINTEGER),MAX (TINTEGER),MIN (TINTEGER),AVG (TINTEGER) FROM P1000 GROUP BY TSMALLINT,TDATE HAVING AVG (TINTEGER) < 200000000 AND TDATE > TO_DATE('2019-09-11','YYYY-MM-DD')) WITH DATA;
0 rows affected
Running time elapsed:      9.80 Seconds
SQL> -- 查看返回结果
SQL> SELECT * FROM T_TYPE_HAV4 ORDER BY TSMALLINT,TDATE LIMIT 10;
+-----------+-----------+----+-----------+----------+----------+-------------+
| TSMALLINT | TDATE     | C3 | C4        | C5       | C6       | C7          |
+-----------+-----------+----+-----------+----------+----------+-------------+
| <null>    | 2019-9-12 | 2  | 32808244  | 30847957 | 1960287  | 16404122    |
| <null>    | 2019-9-13 | 1  | 95586003  | 95586003 | 95586003 | 95586003    |
| <null>    | 2019-9-14 | 1  | 59698752  | 59698752 | 59698752 | 59698752    |
| <null>    | 2019-9-16 | 2  | 130425217 | 68239667 | 62185550 | 65212608.5  |
| <null>    | 2019-9-18 | 2  | 72659555  | 57267976 | 15391579 | 36329777.5  |
| <null>    | 2019-9-19 | 3  | 82777733  | 66261814 | 7585985  | 27592577.67 |
| <null>    | 2019-9-20 | 1  | 44380226  | 44380226 | 44380226 | 44380226    |
| <null>    | 2019-9-21 | 1  | 15085110  | 15085110 | 15085110 | 15085110    |
| <null>    | 2019-9-22 | 1  | 11253382  | 11253382 | 11253382 | 11253382    |
| <null>    | 2019-9-27 | 2  | 138124706 | 70532295 | 67592411 | 69062353    |
+-----------+-----------+----+-----------+----------+----------+-------------+
10 rows selected.
Running time elapsed:      0.93 Seconds
SQL> 
SQL> 
SQL> 
SQL> 
SQL> -- drop创建的表
SQL> DROP TABLE T_TYPE_SMALLINT IF EXISTS;
0 rows affected
Running time elapsed:      0.14 Seconds
SQL> DROP TABLE T_TYPE_INTEGER IF EXISTS;
0 rows affected
Running time elapsed:      0.10 Seconds
SQL> DROP TABLE T_TYPE_BIGINT IF EXISTS;
0 rows affected
Running time elapsed:      0.08 Seconds
SQL> DROP TABLE T_TYPE_REAL IF EXISTS;
0 rows affected
Running time elapsed:      0.11 Seconds
SQL> DROP TABLE T_TYPE_DOUBLE IF EXISTS;
0 rows affected
Running time elapsed:      0.08 Seconds
SQL> DROP TABLE T_TYPE_FLOAT IF EXISTS;
0 rows affected
Running time elapsed:      0.08 Seconds
SQL> DROP TABLE T_TYPE_DECIMAL IF EXISTS;
0 rows affected
Running time elapsed:      0.08 Seconds
SQL> DROP TABLE T_TYPE_NUMERIC IF EXISTS;
0 rows affected
Running time elapsed:      0.08 Seconds
SQL> DROP TABLE T_TYPE_DATE IF EXISTS;
0 rows affected
Running time elapsed:      0.08 Seconds
SQL> DROP TABLE T_TYPE_TIMESTAMP IF EXISTS;
0 rows affected
Running time elapsed:      0.08 Seconds
SQL> DROP TABLE T_TYPE_BOOL IF EXISTS;
0 rows affected
Running time elapsed:      0.06 Seconds
SQL> DROP TABLE T_TYPE_CHAR IF EXISTS;
0 rows affected
Running time elapsed:      0.08 Seconds
SQL> DROP TABLE T_TYPE_VARCHAR IF EXISTS;
0 rows affected
Running time elapsed:      0.14 Seconds
SQL> DROP TABLE T_TYPE_INTS IF EXISTS;
0 rows affected
Running time elapsed:      0.17 Seconds
SQL> DROP TABLE T_TYPE_FLOATS IF EXISTS;
0 rows affected
Running time elapsed:      0.18 Seconds
SQL> DROP TABLE T_TYPE_CHARS IF EXISTS;
0 rows affected
Running time elapsed:      0.14 Seconds
SQL> DROP TABLE T_TYPE_DATES IF EXISTS;
0 rows affected
Running time elapsed:      0.17 Seconds
SQL> DROP TABLE T_TYPE_ARRAY4 IF EXISTS;
0 rows affected
Running time elapsed:      0.17 Seconds
SQL> DROP TABLE T_TYPE_ARRAY21 IF EXISTS;
0 rows affected
Running time elapsed:      0.16 Seconds
SQL> DROP TABLE T_TYPE_ARRAY22 IF EXISTS;
0 rows affected
Running time elapsed:      0.20 Seconds
SQL> DROP TABLE T_TYPE_ARRAY23 IF EXISTS;
0 rows affected
Running time elapsed:      0.16 Seconds
SQL> DROP TABLE T_TYPE_ARRAY31 IF EXISTS;
0 rows affected
Running time elapsed:      0.17 Seconds
SQL> DROP TABLE T_TYPE_ARRAY32 IF EXISTS;
0 rows affected
Running time elapsed:      0.16 Seconds
SQL> DROP TABLE T_TYPE_ARRAY33 IF EXISTS;
0 rows affected
Running time elapsed:      0.21 Seconds
SQL> DROP TABLE T_TYPE_ALL IF EXISTS;
0 rows affected
Running time elapsed:      0.16 Seconds
SQL> DROP TABLE T_TYPE_HAV1 IF EXISTS;
0 rows affected
Running time elapsed:      0.19 Seconds
SQL> DROP TABLE T_TYPE_HAV2 IF EXISTS;
0 rows affected
Running time elapsed:      0.16 Seconds
SQL> DROP TABLE T_TYPE_HAV3 IF EXISTS;
0 rows affected
Running time elapsed:      0.17 Seconds
SQL> DROP TABLE T_TYPE_HAV4 IF EXISTS;
0 rows affected
Running time elapsed:      0.16 Seconds
Running time elapsed:    318.53 Seconds
SQL> exit
Disconnected.
