SQLCli Release 0.0.74
SQL> connect admin/123456
Database connected.
SQL> start external_table_basic_type_hdfs_csv_double.sql
SQL> --    Description: double边界值测试,double的范围-1.79769313486231E+308,-2.22507385850720E-308, 0,2.22507385850720E-308 ~ 1.79769313486231E+308
   > --    Date:         2020-05-28
   > --    Author:       丁婷
   > --    hdfs external csv格式
SQL> set echo on
SQL> 
SQL> -- 删除t_external_hdfs_csv_double_001表
SQL> drop table if exists t_external_hdfs_csv_double_001;
0 rows affected
SQL> 
SQL> -- 创建表t_external_hdfs_csv_double_001，测试超出边界值-1.79769313486231E+308-1
SQL> create external table t_external_hdfs_csv_double_001(
   > a1 double
   > )location('hdfs://node73:8020/user/testdb73/external_file/csv_type/real_001.csv')
   > format 'csv' (delimiter ',');
0 rows affected
SQL> 
SQL> -- 查询t_external_hdfs_csv_double_001，应报错,实际返回空值
SQL> SELECT * FROM t_external_hdfs_csv_double_001;
+--------+
| A1     |
+--------+
| <null> |
+--------+
1 row selected.
SQL> 
SQL> -- 删除t_external_hdfs_csv_double_002表
SQL> drop table if exists t_external_hdfs_csv_double_002;
0 rows affected
SQL> 
SQL> -- 创建表t_external_hdfs_csv_double_002，测试超出边界值1.79769313486231E+308+1
SQL> create external table t_external_hdfs_csv_double_002(
   > a1 double 
   > )location('hdfs://node73:8020/user/testdb73/external_file/csv_type/real_002.csv')
   > format 'csv' (delimiter ',');
0 rows affected
SQL> 
SQL>   -- 查询t_external_hdfs_csv_double_002，应报错,实际返回空值
SQL> SELECT * FROM t_external_hdfs_csv_double_002;
+--------+
| A1     |
+--------+
| <null> |
+--------+
1 row selected.
SQL> 
SQL> 
SQL> -- 删除t_external_hdfs_csv_double_019表
SQL> drop table if exists t_external_hdfs_csv_double_019;
0 rows affected
SQL> 
SQL> -- 创建表t_external_hdfs_csv_double_019，测试超出边界值 -2.22507385850720E-308-1E-308
SQL> create external table t_external_hdfs_csv_double_019(
   > a1 double
   > )location('hdfs://node73:8020/user/testdb73/external_file/csv_type/real_006.csv')
   > format 'csv' (delimiter ',');
0 rows affected
SQL> 
SQL> -- 查询t_external_hdfs_csv_double_019，应报错,实际返回空值
SQL> SELECT * FROM t_external_hdfs_csv_double_019;
+--------+
| A1     |
+--------+
| <null> |
+--------+
1 row selected.
SQL> 
SQL> -- 删除t_external_hdfs_csv_double_004表
SQL> drop table if exists t_external_hdfs_csv_double_020;
0 rows affected
SQL> 
SQL> -- 创建表t_external_hdfs_csv_double_020，测试超出边界值2.22507385850720E-308-1E-308
SQL> create external table t_external_hdfs_csv_double_020(
   > a1 double 
   > )location('hdfs://node73:8020/user/testdb73/external_file/csv_type/real_007.csv')
   > format 'csv' (delimiter ',');
0 rows affected
SQL> 
SQL>   -- 查询t_external_hdfs_csv_double_020，应报错,实际返回空值
SQL> SELECT * FROM t_external_hdfs_csv_double_020;
+--------+
| A1     |
+--------+
| <null> |
+--------+
1 row selected.
SQL> 
SQL> -- 删除t_external_hdfs_csv_double_003表
SQL> drop table if exists t_external_hdfs_csv_double_003;
0 rows affected
SQL> 
SQL> -- 创建表t_external_hdfs_csv_double_003，测试有效位为15位，超出有效位四舍五入，值为123.12345678912391
SQL> create external table t_external_hdfs_csv_double_003(
   > a1 double
   > )location('hdfs://node73:8020/user/testdb73/external_file/csv_type/real_003.csv')
   > format 'csv' (delimiter ',');
0 rows affected
SQL>   
SQL> --查询t_external_hdfs_csv_double_003的数据,实际返回123.1234567891239
SQL> select * from t_external_hdfs_csv_double_003;
+-------------+
| A1          |
+-------------+
| 123.1234568 |
+-------------+
1 row selected.
SQL> 
SQL> 
SQL> -- 删除t_external_hdfs_csv_double_004表，测试int类型，值为1147483647
SQL> drop table if exists t_external_hdfs_csv_double_004;
0 rows affected
SQL> 
SQL> -- 创建表t_external_hdfs_csv_double_004
SQL> create external table t_external_hdfs_csv_double_004(
   > a1 double   
   > )location('hdfs://node73:8020/user/testdb73/external_file/csv_type/real_004.csv')
   > format 'csv' (delimiter ',');
0 rows affected
SQL>   
SQL> --查询t_external_hdfs_csv_double_004的数据，返回1147483647
SQL> select * from t_external_hdfs_csv_double_004;
+------------+
| A1         |
+------------+
| 1147483647 |
+------------+
1 row selected.
SQL> 
SQL> -- 删除t_external_hdfs_csv_double_005表
SQL> drop table if exists t_external_hdfs_csv_double_005;
0 rows affected
SQL> 
SQL> -- 创建表t_external_hdfs_csv_double_005，测试varchar英文字母，值为'asdf'
SQL> create external table t_external_hdfs_csv_double_005(
   > a1 double  
   > )location('hdfs://node73:8020/user/testdb73/external_file/csv_type/varchar_yingwenzimu.csv')
   > format 'csv' (delimiter ',');
0 rows affected
SQL>   
SQL> --查询t_external_hdfs_csv_double_005的数据,实际返回空值
SQL> select * from t_external_hdfs_csv_double_005;
+--------+
| A1     |
+--------+
| <null> |
+--------+
1 row selected.
SQL> 
SQL> 
SQL> -- 删除t_external_hdfs_csv_double_006表
SQL> drop table if exists t_external_hdfs_csv_double_006;
0 rows affected
SQL> 
SQL> -- 创建表t_external_hdfs_csv_double_006，测试varchar中文字符，值为'你好'
SQL> create external table t_external_hdfs_csv_double_006(
   > a1 double  
   > )location('hdfs://node73:8020/user/testdb73/external_file/csv_type/varchar_zhongwen.csv')
   > format 'csv' (delimiter ',');
0 rows affected
SQL>   
SQL> --查询t_external_hdfs_csv_double_006的数据,实际返回空值
SQL> select * from t_external_hdfs_csv_double_006;
+--------+
| A1     |
+--------+
| <null> |
+--------+
1 row selected.
SQL> 
SQL> 
SQL> -- 删除t_external_hdfs_csv_double_007表
SQL> drop table if exists t_external_hdfs_csv_double_007;
0 rows affected
SQL> 
SQL> -- 创建表t_external_hdfs_csv_double_007，测试varchar中英文字符，值为'你好asdf'
SQL> create external table t_external_hdfs_csv_double_007(
   > a1 double  
   > )location('hdfs://node73:8020/user/testdb73/external_file/csv_type/varchar_zhongyinghunhe.csv')
   > format 'csv' (delimiter ',');
0 rows affected
SQL>   
SQL> --查询t_external_hdfs_csv_double_007的数据,实际返回空值
SQL> select * from t_external_hdfs_csv_double_007;
+--------+
| A1     |
+--------+
| <null> |
+--------+
1 row selected.
SQL> 
SQL> 
SQL> -- 删除t_external_hdfs_csv_double_008表
SQL> drop table if exists t_external_hdfs_csv_double_008;
0 rows affected
SQL> 
SQL> -- 创建表 t_external_hdfs_csv_double_008，测试varchar英文特殊字符，值为'#$%^'
SQL> create external table t_external_hdfs_csv_double_008(
   > a1 double  
   > )location('hdfs://node73:8020/user/testdb73/external_file/csv_type/varchar_yingwenzifu.csv')
   > format 'csv' (delimiter ',');
0 rows affected
SQL>   
SQL> --查询 t_external_hdfs_csv_double_008 的数据,实际返回空值
SQL> select * from t_external_hdfs_csv_double_008;
+--------+
| A1     |
+--------+
| <null> |
+--------+
1 row selected.
SQL> 
SQL> 
SQL> -- 删除 t_external_hdfs_csv_double_009 表
SQL> drop table if exists t_external_hdfs_csv_double_009;
0 rows affected
SQL> 
SQL> -- 创建表 t_external_hdfs_csv_double_009 ，测试vardouble中文特殊字符，值为'@#￥%……'
SQL> create external table t_external_hdfs_csv_double_009(
   > a1 double  
   > )location('hdfs://node73:8020/user/testdb73/external_file/csv_type/varchar_zhongwenzifu.csv')
   > format 'csv' (delimiter ',');
0 rows affected
SQL>   
SQL> --查询 t_external_hdfs_csv_double_009 的数据,实际返回空值
SQL> select * from t_external_hdfs_csv_double_009;
+--------+
| A1     |
+--------+
| <null> |
+--------+
1 row selected.
SQL> 
SQL> -- 删除 t_external_hdfs_csv_double_010 表
SQL> drop table if exists t_external_hdfs_csv_double_010;
0 rows affected
SQL> 
SQL> -- 创建表 t_external_hdfs_csv_double_010，测试varchar为数字，值为'123456789'
SQL> create external table t_external_hdfs_csv_double_010(
   > a1 double  
   > )location('hdfs://node73:8020/user/testdb73/external_file/csv_type/real_005.csv')
   > format 'csv' (delimiter ',');
0 rows affected
SQL> 
SQL> --查询 t_external_hdfs_csv_double_010 的数据,实际返回空值
SQL> SELECT * FROM t_external_hdfs_csv_double_010;
+--------+
| A1     |
+--------+
| <null> |
+--------+
1 row selected.
SQL> 
SQL> -- 删除t_external_hdfs_csv_double_011表
SQL> drop table if exists t_external_hdfs_csv_double_011;
0 rows affected
SQL> 
SQL> -- 创建表t_external_hdfs_csv_double_011，测试date类型，值为2020-05-08
SQL> create external table t_external_hdfs_csv_double_011(
   > a1 double  
   > )location('hdfs://node73:8020/user/testdb73/external_file/csv_type/type_date.csv')
   > format 'csv' (delimiter ',');
0 rows affected
SQL>   
SQL> --查询t_external_hdfs_csv_double_011的数据,实际返回空值
SQL> select * from t_external_hdfs_csv_double_011;
+--------+
| A1     |
+--------+
| <null> |
+--------+
1 row selected.
SQL> 
SQL> 
SQL> -- 删除t_external_hdfs_csv_double_012表
SQL> drop table if exists t_external_hdfs_csv_double_012;
0 rows affected
SQL> 
SQL> -- 创建表t_external_hdfs_csv_double_012，测试timestamp，值为2020-05-08 12:19:01
SQL> create external table t_external_hdfs_csv_double_012(
   > a1 double  
   > )location('hdfs://node73:8020/user/testdb73/external_file/csv_type/type_timestamp.csv')
   > format 'csv' (delimiter ',');
0 rows affected
SQL>   
SQL> --查询t_external_hdfs_csv_double_012的数据,实际返回空值
SQL> select * from t_external_hdfs_csv_double_012;
+--------+
| A1     |
+--------+
| <null> |
+--------+
1 row selected.
SQL> 
SQL> 
SQL> -- 删除 t_external_hdfs_csv_double_013 表
SQL> drop table if exists t_external_hdfs_csv_double_013;
0 rows affected
SQL> 
SQL> -- 创建表 t_external_hdfs_csv_double_013，测试boolean类型，值为false
SQL> create external table t_external_hdfs_csv_double_013(
   > a1 double  
   > )location('hdfs://node73:8020/user/testdb73/external_file/csv_type/boolean_false.csv')
   > format 'csv' (delimiter ',');
0 rows affected
SQL>   
SQL> --查询 t_external_hdfs_csv_double_013 的数据,实际返回空值
SQL> select * from t_external_hdfs_csv_double_013;
+--------+
| A1     |
+--------+
| <null> |
+--------+
1 row selected.
SQL> 
SQL> -- 删除t_external_hdfs_csv_double_014表
SQL> drop table if exists t_external_hdfs_csv_double_014;
0 rows affected
SQL> 
SQL> -- 创建表t_external_hdfs_csv_double_014，测试boolean类型，值为true
SQL> create external table t_external_hdfs_csv_double_014(
   > a1 double  
   > )location('hdfs://node73:8020/user/testdb73/external_file/csv_type/boolean_true.csv')
   > format 'csv' (delimiter ',');
0 rows affected
SQL>   
SQL> --查询t_external_hdfs_csv_double_014的数据,实际返回空值
SQL> select * from t_external_hdfs_csv_double_014;
+--------+
| A1     |
+--------+
| <null> |
+--------+
1 row selected.
SQL> 
SQL> 
SQL> -- 删除t_external_hdfs_csv_double_015表
SQL> drop table if exists t_external_hdfs_csv_double_015;
0 rows affected
SQL> 
SQL> -- 创建表t_external_hdfs_csv_double_015，测试空值
SQL> create external table t_external_hdfs_csv_double_015(
   > a1 double  
   > )location('hdfs://node73:8020/user/testdb73/external_file/csv_type/type_kongzhi.csv')
   > format 'csv' (delimiter ',');
0 rows affected
SQL>   
SQL> --查询t_external_hdfs_csv_double_015的数据,实际返回空值
SQL> select * from t_external_hdfs_csv_double_015;
+--------+
| A1     |
+--------+
| <null> |
+--------+
1 row selected.
SQL>  
SQL>  
SQL> -- 删除t_external_hdfs_csv_double_016表
SQL> drop table if exists t_external_hdfs_csv_double_016;
0 rows affected
SQL> 
SQL> -- 创建表t_external_hdfs_csv_double_016，测试空格 
SQL> create external table t_external_hdfs_csv_double_016(
   > a1 double  
   > )location('hdfs://node73:8020/user/testdb73/external_file/csv_type/type_kongge.csv')
   > format 'csv' (delimiter ',');
0 rows affected
SQL>   
SQL> --查询t_external_hdfs_csv_double_016的数据,实际返回空值
SQL> select * from t_external_hdfs_csv_double_016;
+--------+
| A1     |
+--------+
| <null> |
+--------+
1 row selected.
SQL> 
SQL> 
SQL> -- 删除t_external_hdfs_csv_double_017表
SQL> drop table if exists t_external_hdfs_csv_double_017;
0 rows affected
SQL> 
SQL> -- 创建表t_external_hdfs_csv_double_017，测试null 
SQL> create external table t_external_hdfs_csv_double_017(
   > a1 double  
   > )location('hdfs://node73:8020/user/testdb73/external_file/csv_type/type_null.csv')
   > format 'csv' (delimiter ',');
0 rows affected
SQL>   
SQL> --查询t_external_hdfs_csv_double_017的数据,实际返回空值
SQL> select * from t_external_hdfs_csv_double_017;
+--------+
| A1     |
+--------+
| <null> |
+--------+
1 row selected.
SQL> 
SQL> 
SQL> -- 删除t_external_hdfs_csv_double_018表
SQL> drop table if exists t_external_hdfs_csv_double_018;
0 rows affected
SQL> 
SQL> -- 创建表t_external_hdfs_csv_double_018，测试NULL  
SQL> create external table t_external_hdfs_csv_double_018(
   > a1 double  
   > )location('hdfs://node73:8020/user/testdb73/external_file/csv_type/type_NULL.csv')
   > format 'csv' (delimiter ',');
0 rows affected
SQL>   
SQL> --查询t_external_hdfs_csv_double_018的数据,实际返回空值
SQL> select * from t_external_hdfs_csv_double_018;
+--------+
| A1     |
+--------+
| <null> |
+--------+
1 row selected.
SQL> exit
Disconnected.
