SQLCli Release 0.0.70
SQL> connect admin/123456
Database connected.
SQL> start binary/binary.sql
SQL> -- Description：binary data type
   > -- Date：2020-06-12
   > -- Author：李爱敏
SQL> set echo on
SQL> set timing on
Running time elapsed:      0.00 Seconds
SQL> 
SQL> --BINARY(n)数据类型，字节长度为n，n的最大值为64000
   > --如果表已存在，则先删除
SQL> drop table T_TYPE_BINARY1 if exists;
0 rows affected
Running time elapsed:      0.00 Seconds
SQL> drop table T_TYPE_BINARY2 if exists;
0 rows affected
Running time elapsed:      0.00 Seconds
SQL> drop table T_TYPE_BINARY3 if exists;
0 rows affected
Running time elapsed:      0.00 Seconds
SQL> 
SQL> --创建表T_TYPE_BINARY1，设置长度大于64000，是否报错
SQL> create table T_TYPE_BINARY1 (a1 binary(64001));
0 rows affected
Running time elapsed:      0.09 Seconds
SQL> insert into T_TYPE_BINARY1 values('AaBbFfEeDd0099');
1 row affected
Running time elapsed:      0.53 Seconds
SQL> select * from T_TYPE_BINARY1;
+----------------+
| A1             |
+----------------+
| AaBbFfEeDd0099 |
+----------------+
1 row selected.
Running time elapsed:      0.26 Seconds
SQL> 
SQL> --创建表T_TYPE_BINARY2，设置长度为64000
SQL> create table T_TYPE_BINARY2 (a1 binary(64000));
0 rows affected
Running time elapsed:      0.20 Seconds
SQL> insert into T_TYPE_BINARY2 values('AaBbFfEeDd0099');
1 row affected
Running time elapsed:      0.47 Seconds
SQL> select * from T_TYPE_BINARY2;
+----------------+
| A1             |
+----------------+
| AaBbFfEeDd0099 |
+----------------+
1 row selected.
Running time elapsed:      0.27 Seconds
SQL> 
SQL> --创建表T_TYPE_BINARY3，设置长度为10
SQL> create table T_TYPE_BINARY3 (a1 binary(10));
0 rows affected
Running time elapsed:      0.23 Seconds
SQL> 
SQL> --验证插入数据的字节数大于10，是否报错
SQL> insert into T_TYPE_BINARY3 values('AaFfEe00991');
1 row affected
Running time elapsed:      0.39 Seconds
SQL> select * from T_TYPE_BINARY3;
+------------+
| A1         |
+------------+
| AaFfEe0099 |
+------------+
1 row selected.
Running time elapsed:      0.26 Seconds
SQL> 
SQL> --验证插入数据的字节数等于10
SQL> insert into T_TYPE_BINARY3 values('AaFfEe0099');
1 row affected
Running time elapsed:      0.41 Seconds
SQL> select * from T_TYPE_BINARY3;
+------------+
| A1         |
+------------+
| AaFfEe0099 |
| AaFfEe0099 |
+------------+
2 rows selected.
Running time elapsed:      0.46 Seconds
SQL> 
SQL> --验证插入数据的字节数小于10，右边用0补齐
SQL> insert into T_TYPE_BINARY3 values('AaFfEe009');
1 row affected
Running time elapsed:      0.46 Seconds
SQL> select * from T_TYPE_BINARY3;
+------------+
| A1         |
+------------+
| AaFfEe009  |
| AaFfEe0099 |
| AaFfEe0099 |
+------------+
3 rows selected.
Running time elapsed:      0.69 Seconds
SQL> 
SQL> --验证插入的字符不在a-f，A-F之间，是否报错
SQL> insert into T_TYPE_BINARY3 values('GgHhZzQQ');
1 row affected
Running time elapsed:      0.38 Seconds
SQL> select * from T_TYPE_BINARY3;
+------------+
| A1         |
+------------+
| GgHhZzQQ   |
| AaFfEe009  |
| AaFfEe0099 |
| AaFfEe0099 |
+------------+
4 rows selected.
Running time elapsed:      0.91 Seconds
SQL> 
SQL> --验证插入数据的字节数为0，右边用0补齐
SQL> insert into T_TYPE_BINARY3 values('');
1 row affected
Running time elapsed:      0.43 Seconds
SQL> select * from T_TYPE_BINARY3;
+------------+
| A1         |
+------------+
|            |
| GgHhZzQQ   |
| AaFfEe009  |
| AaFfEe0099 |
| AaFfEe0099 |
+------------+
5 rows selected.
Running time elapsed:      1.13 Seconds
SQL> 
SQL> --验证插入BIT类型
SQL> insert into T_TYPE_BINARY3 values(b'1010111101');
1 row affected
Running time elapsed:      0.41 Seconds
SQL> select * from T_TYPE_BINARY3;
+------------+
| A1         |
+------------+
| �@         |
|            |
| GgHhZzQQ   |
| AaFfEe009  |
| AaFfEe0099 |
| AaFfEe0099 |
+------------+
6 rows selected.
Running time elapsed:      1.29 Seconds
SQL> 
SQL> 
SQL> -- 验证插入其他数据类型
   > --验证插入int类型，是否报错
SQL> insert into T_TYPE_BINARY3 values(12345);
java.sql.SQLException: S1000 General error Caused by [cannot resolve 'CAST(12345 AS BINARY)' due to data type mismatch: cannot cast int to binary;;
'UnresolvedInlineTable [A1], [Buffer(cast(12345 as binary))]
]
Running time elapsed:      0.05 Seconds
SQL> select * from T_TYPE_BINARY3;
+------------+
| A1         |
+------------+
| �@         |
|            |
| GgHhZzQQ   |
| AaFfEe009  |
| AaFfEe0099 |
| AaFfEe0099 |
+------------+
6 rows selected.
Running time elapsed:      1.34 Seconds
SQL> 
SQL> --验证插入decimal类型，是否报错
SQL> insert into T_TYPE_BINARY3 values(1234.56);
java.sql.SQLException: S1000 General error Caused by [cannot resolve 'CAST(1234.56BD AS BINARY)' due to data type mismatch: cannot cast decimal(6,2) to binary;;
'UnresolvedInlineTable [A1], [Buffer(cast(1234.56 as binary))]
]
Running time elapsed:      0.01 Seconds
SQL> select * from T_TYPE_BINARY3;
+------------+
| A1         |
+------------+
| �@         |
|            |
| GgHhZzQQ   |
| AaFfEe009  |
| AaFfEe0099 |
| AaFfEe0099 |
+------------+
6 rows selected.
Running time elapsed:      1.29 Seconds
SQL> 
SQL> --验证插入varchar类型，插入英文字母'xxxyyyZZZW'，是否报错
SQL> insert into T_TYPE_BINARY3 values('xxxyyyZZZW');
1 row affected
Running time elapsed:      0.50 Seconds
SQL> select * from T_TYPE_BINARY3;
+------------+
| A1         |
+------------+
| xxxyyyZZZW |
| �@         |
|            |
| GgHhZzQQ   |
| AaFfEe009  |
| AaFfEe0099 |
| AaFfEe0099 |
+------------+
7 rows selected.
Running time elapsed:      1.46 Seconds
SQL> 
SQL> --验证插入date类型，格式yyyy-mm-dd，是否报错
SQL> insert into T_TYPE_BINARY3 values(to_date('2020-05-08','yyyy-mm-dd'));
java.sql.SQLException: S1000 General error Caused by [cannot resolve 'CAST(CAST(CAST(unix_timestamp('2020-05-08', 'yyyy-MM-dd') AS TIMESTAMP) AS DATE) AS BINARY)' due to data type mismatch: cannot cast date to binary;;
'UnresolvedInlineTable [A1], [ArrayBuffer(cast(cast(cast(unix_timestamp(2020-05-08, yyyy-MM-dd, Some(Asia/Shanghai)) as timestamp) as date) as binary))]
]
Running time elapsed:      0.03 Seconds
SQL> select * from T_TYPE_BINARY3;
+------------+
| A1         |
+------------+
| xxxyyyZZZW |
| �@         |
|            |
| GgHhZzQQ   |
| AaFfEe009  |
| AaFfEe0099 |
| AaFfEe0099 |
+------------+
7 rows selected.
Running time elapsed:      1.46 Seconds
SQL> 
SQL> --验证插入timestamp类型，格式yyyy-mm-dd hh24:mi:ss，是否报错
SQL> insert into T_TYPE_BINARY3 values(TO_TIMESTAMP('2020-05-08 12:19:01', 'yyyy-mm-dd hh24:mi:ss'));
java.sql.SQLException: S1000 General error Caused by [cannot resolve 'CAST(CAST(unix_timestamp('2020-05-08 12:19:01', 'yyyy-MM-dd HH:mm:ss') AS TIMESTAMP) AS BINARY)' due to data type mismatch: cannot cast timestamp to binary;;
'UnresolvedInlineTable [A1], [ArrayBuffer(cast(cast(unix_timestamp(2020-05-08 12:19:01, yyyy-MM-dd HH:mm:ss, Some(Asia/Shanghai)) as timestamp) as binary))]
]
Running time elapsed:      0.01 Seconds
SQL> select * from T_TYPE_BINARY3;
+------------+
| A1         |
+------------+
| xxxyyyZZZW |
| �@         |
|            |
| GgHhZzQQ   |
| AaFfEe009  |
| AaFfEe0099 |
| AaFfEe0099 |
+------------+
7 rows selected.
Running time elapsed:      1.65 Seconds
SQL> 
SQL> --验证插入boolean类型，插入true，是否报错
SQL> insert into T_TYPE_BINARY3 values(true);
java.sql.SQLException: S1000 General error Caused by [cannot resolve 'CAST(true AS BINARY)' due to data type mismatch: cannot cast boolean to binary;;
'UnresolvedInlineTable [A1], [Buffer(cast(true as binary))]
]
Running time elapsed:      0.01 Seconds
SQL> select * from T_TYPE_BINARY3;
+------------+
| A1         |
+------------+
| xxxyyyZZZW |
| �@         |
|            |
| GgHhZzQQ   |
| AaFfEe009  |
| AaFfEe0099 |
| AaFfEe0099 |
+------------+
7 rows selected.
Running time elapsed:      1.55 Seconds
SQL> 
SQL> --验证插入空值''
SQL> insert into T_TYPE_BINARY3 values('');
1 row affected
Running time elapsed:      0.41 Seconds
SQL> select * from T_TYPE_BINARY3;
+------------+
| A1         |
+------------+
|            |
| xxxyyyZZZW |
| �@         |
|            |
| GgHhZzQQ   |
| AaFfEe009  |
| AaFfEe0099 |
| AaFfEe0099 |
+------------+
8 rows selected.
Running time elapsed:      1.72 Seconds
SQL> 
SQL> --验证插入空格' '
SQL> insert into T_TYPE_BINARY3 values(' ');
1 row affected
Running time elapsed:      0.41 Seconds
SQL> select * from T_TYPE_BINARY3;
+------------+
| A1         |
+------------+
|            |
|            |
| xxxyyyZZZW |
| �@         |
|            |
| GgHhZzQQ   |
| AaFfEe009  |
| AaFfEe0099 |
| AaFfEe0099 |
+------------+
9 rows selected.
Running time elapsed:      2.05 Seconds
SQL> 
SQL> --验证插入null
SQL> insert into T_TYPE_BINARY3 values(null);
1 row affected
Running time elapsed:      0.42 Seconds
SQL> select * from T_TYPE_BINARY3;
+------------+
| A1         |
+------------+
| <null>     |
|            |
|            |
| xxxyyyZZZW |
| �@         |
|            |
| GgHhZzQQ   |
| AaFfEe009  |
| AaFfEe0099 |
| AaFfEe0099 |
+------------+
10 rows selected.
Running time elapsed:      2.36 Seconds
SQL> 
SQL> --验证插入NULL
SQL> insert into T_TYPE_BINARY3 values(NULL);
1 row affected
Running time elapsed:      0.45 Seconds
SQL> select * from T_TYPE_BINARY3;
+------------+
| A1         |
+------------+
| <null>     |
| <null>     |
|            |
|            |
| xxxyyyZZZW |
| �@         |
|            |
| GgHhZzQQ   |
| AaFfEe009  |
| AaFfEe0099 |
| AaFfEe0099 |
+------------+
11 rows selected.
Running time elapsed:      2.72 Seconds
SQL> 
SQL> 
SQL> --最后删除创建的表
SQL> drop table T_TYPE_BINARY1 if exists;
0 rows affected
Running time elapsed:      0.08 Seconds
SQL> drop table T_TYPE_BINARY2 if exists;
0 rows affected
Running time elapsed:      0.07 Seconds
SQL> drop table T_TYPE_BINARY3 if exists;
0 rows affected
Running time elapsed:      0.07 Seconds
SQL> exit
Disconnected.