SQLCli Release 0.0.75
SQL> connect admin/123456
Database connected.
SQL> start external_table_basic_type_hdfs_orc_numeric.sql
SQL> --    Description: numeric边界值测试,numeric的范围1=<n<=38
   > --    Date:         2020-06-23
   > --    Author:       丁婷
   > --    hdfs external orc格式
SQL> set echo on 
SQL> 
SQL> -- 删除表
SQL> drop table if exists t_external_hdfs_orc_numeric_001;
0 rows affected
SQL> drop table if exists t_external_hdfs_orc_numeric_002;
0 rows affected
SQL> drop table if exists t_external_hdfs_orc_numeric_003;
0 rows affected
SQL> drop table if exists t_external_hdfs_orc_numeric_004;
0 rows affected
SQL> drop table if exists t_external_hdfs_orc_numeric_005;
0 rows affected
SQL> drop table if exists t_external_hdfs_orc_numeric_006;
0 rows affected
SQL> drop table if exists t_external_hdfs_orc_numeric_007;
0 rows affected
SQL> drop table if exists t_external_hdfs_orc_numeric_008;
0 rows affected
SQL> drop table if exists t_external_hdfs_orc_numeric_009;
0 rows affected
SQL> drop table if exists t_external_hdfs_orc_numeric_010;
0 rows affected
SQL> drop table if exists t_external_hdfs_orc_numeric_011;
0 rows affected
SQL> drop table if exists t_external_hdfs_orc_numeric_012;
0 rows affected
SQL> 
SQL> 
SQL> -- 创建表t_external_ldbdist_csv_numeric_001，测试总长度n>38,创建失败,实际成功
SQL> create external table t_external_hdfs_orc_numeric_001(
   > a1 numeric(39,1)
   > )location('HDFSRPC_URL/numeric1_orc')
   > FORMAT 'orc';
REWROTED SQL> Your SQL has been changed to:
REWROTED    > create external table t_external_hdfs_orc_numeric_001(
REWROTED    > a1 numeric(39,1)
REWROTED    > )location('hdfs://node73:8020/user/testdb73/jenkins/work/linkoopdb-sql-test-dingting/numeric1_orc')
REWROTED    > FORMAT 'orc'
0 rows affected
SQL> 
SQL> -- 测试总长度n<1,创建失败，实际创建失败，报precision or scale out of range in statement
SQL> create external table t_external_hdfs_orc_numeric_002(
   > a1 numeric(0,0) 
   > )location('HDFSRPC_URL/numeric1_orc')
   > FORMAT 'orc';
REWROTED SQL> Your SQL has been changed to:
REWROTED    > create external table t_external_hdfs_orc_numeric_002(
REWROTED    > a1 numeric(0,0) 
REWROTED    > )location('hdfs://node73:8020/user/testdb73/jenkins/work/linkoopdb-sql-test-dingting/numeric1_orc')
REWROTED    > FORMAT 'orc'
java.sql.SQLSyntaxErrorException: precision or scale out of range in statement [create external table t_external_hdfs_orc_numeric_002(
a1 numeric(0,0) 
)location('hdfs://node73:8020/user/testdb73/jenkins/work/linkoopdb-sql-test-dingting/numeric1_orc')
FORMAT 'orc']
SQL> 
SQL> -- 测试整数部分长度>n-m,例如234.01，应报错,实际返回空值
SQL> create external table t_external_hdfs_orc_numeric_003(
   > a1 numeric(4,2)  
   > )location('HDFSRPC_URL/numeric1_orc')
   > FORMAT 'orc';
REWROTED SQL> Your SQL has been changed to:
REWROTED    > create external table t_external_hdfs_orc_numeric_003(
REWROTED    > a1 numeric(4,2)  
REWROTED    > )location('hdfs://node73:8020/user/testdb73/jenkins/work/linkoopdb-sql-test-dingting/numeric1_orc')
REWROTED    > FORMAT 'orc'
0 rows affected
SQL>   
SQL> --查询t_external_ldbdist_csv_numeric_003的数据
SQL> select * from t_external_hdfs_orc_numeric_003;
+--------+
| A1     |
+--------+
| <null> |
+--------+
1 row selected.
SQL> 
SQL> 
SQL> --测试m小于0,创建失败，实际报错precision or scale out of range in statement
SQL> create external table t_external_hdfs_orc_numeric_004(
   > a1 numeric(2,-1)  
   > )location('HDFSRPC_URL/numeric1_orc')
   > FORMAT 'orc';
REWROTED SQL> Your SQL has been changed to:
REWROTED    > create external table t_external_hdfs_orc_numeric_004(
REWROTED    > a1 numeric(2,-1)  
REWROTED    > )location('hdfs://node73:8020/user/testdb73/jenkins/work/linkoopdb-sql-test-dingting/numeric1_orc')
REWROTED    > FORMAT 'orc'
java.sql.SQLSyntaxErrorException: precision or scale out of range in statement [create external table t_external_hdfs_orc_numeric_004(
a1 numeric(2,-1)  
)location('hdfs://node73:8020/user/testdb73/jenkins/work/linkoopdb-sql-test-dingting/numeric1_orc')
FORMAT 'orc']
SQL> 
SQL> 
SQL> --测试m大于n,创建失败，实际报错precision or scale out of range in statement
SQL> create external table t_external_hdfs_orc_numeric_005(
   > a1 numeric(3,6)  
   > )location('HDFSRPC_URL/numeric1_orc')
   > FORMAT 'orc';
REWROTED SQL> Your SQL has been changed to:
REWROTED    > create external table t_external_hdfs_orc_numeric_005(
REWROTED    > a1 numeric(3,6)  
REWROTED    > )location('hdfs://node73:8020/user/testdb73/jenkins/work/linkoopdb-sql-test-dingting/numeric1_orc')
REWROTED    > FORMAT 'orc'
0 rows affected
SQL> 
SQL> 
SQL> -- 测试(*,m),创建失败，实际报错 unexpected token: * 
SQL> create external table t_external_hdfs_orc_numeric_006(
   > a1 numeric(*,m)  
   > )location('HDFSRPC_URL/numeric1_orc')
   > FORMAT 'orc';
REWROTED SQL> Your SQL has been changed to:
REWROTED    > create external table t_external_hdfs_orc_numeric_006(
REWROTED    > a1 numeric(*,m)  
REWROTED    > )location('hdfs://node73:8020/user/testdb73/jenkins/work/linkoopdb-sql-test-dingting/numeric1_orc')
REWROTED    > FORMAT 'orc'
java.sql.SQLSyntaxErrorException: unexpected token: * : line: 2 in statement [create external table t_external_hdfs_orc_numeric_006(
a1 numeric(*,m)  
)location('hdfs://node73:8020/user/testdb73/jenkins/work/linkoopdb-sql-test-dingting/numeric1_orc')
FORMAT 'orc']
SQL> 
SQL> --测试(*),创建失败，实际报错unexpected token: * 
SQL> create external table t_external_hdfs_orc_numeric_007(
   > a1 numeric(*)  
   > )location('HDFSRPC_URL/numeric1_orc')
   > FORMAT 'orc';
REWROTED SQL> Your SQL has been changed to:
REWROTED    > create external table t_external_hdfs_orc_numeric_007(
REWROTED    > a1 numeric(*)  
REWROTED    > )location('hdfs://node73:8020/user/testdb73/jenkins/work/linkoopdb-sql-test-dingting/numeric1_orc')
REWROTED    > FORMAT 'orc'
java.sql.SQLSyntaxErrorException: unexpected token: * : line: 2 in statement [create external table t_external_hdfs_orc_numeric_007(
a1 numeric(*)  
)location('hdfs://node73:8020/user/testdb73/jenkins/work/linkoopdb-sql-test-dingting/numeric1_orc')
FORMAT 'orc']
SQL>   
SQL> -- 测试numeric(n),n设置为39,创建报错，实际创建成功
SQL> create external table t_external_hdfs_orc_numeric_008(
   > a1 numeric(39)  
   > )location('HDFSRPC_URL/numeric1_orc')
   > FORMAT 'orc';
REWROTED SQL> Your SQL has been changed to:
REWROTED    > create external table t_external_hdfs_orc_numeric_008(
REWROTED    > a1 numeric(39)  
REWROTED    > )location('hdfs://node73:8020/user/testdb73/jenkins/work/linkoopdb-sql-test-dingting/numeric1_orc')
REWROTED    > FORMAT 'orc'
0 rows affected
SQL>   
SQL>   
SQL> 
SQL> 
SQL> --测试numeric默认值是否为(5,0),值为123456，实际为123456
SQL> create external table t_external_hdfs_orc_numeric_009(
   > a1 numeric  
   > )location('HDFSRPC_URL/numeric2_orc')
   > FORMAT 'orc';
REWROTED SQL> Your SQL has been changed to:
REWROTED    > create external table t_external_hdfs_orc_numeric_009(
REWROTED    > a1 numeric  
REWROTED    > )location('hdfs://node73:8020/user/testdb73/jenkins/work/linkoopdb-sql-test-dingting/numeric2_orc')
REWROTED    > FORMAT 'orc'
0 rows affected
SQL> select * from t_external_hdfs_orc_numeric_009;
+--------+
| A1     |
+--------+
| 123456 |
+--------+
1 row selected.
SQL> 
SQL> --测试numeric(n),n设置为5,值为123456大于5，报错，实际返回空值 
SQL> create external table t_external_hdfs_orc_numeric_010(
   > a1 numeric(5)  
   > )location('HDFSRPC_URL/numeric2_orc')
   > FORMAT 'orc';
REWROTED SQL> Your SQL has been changed to:
REWROTED    > create external table t_external_hdfs_orc_numeric_010(
REWROTED    > a1 numeric(5)  
REWROTED    > )location('hdfs://node73:8020/user/testdb73/jenkins/work/linkoopdb-sql-test-dingting/numeric2_orc')
REWROTED    > FORMAT 'orc'
0 rows affected
SQL> select * from t_external_hdfs_orc_numeric_010;
+--------+
| A1     |
+--------+
| <null> |
+--------+
1 row selected.
SQL> 
SQL> --测试测试小数部分长度>m，测试numeric默认值是否为(5,0),测试int，varchar
SQL> create external table t_external_hdfs_orc_numeric_011(
   > a1 numeric(4,2),
   > a2 numeric,
   > a3 numeric,
   > a4 numeric(5),
   > a5 numeric(5),
   > a6 numeric(20) ,
   > a7 numeric(20),
   > )location('HDFSRPC_URL/numeric3_orc')
   > FORMAT 'orc';
REWROTED SQL> Your SQL has been changed to:
REWROTED    > create external table t_external_hdfs_orc_numeric_011(
REWROTED    > a1 numeric(4,2),
REWROTED    > a2 numeric,
REWROTED    > a3 numeric,
REWROTED    > a4 numeric(5),
REWROTED    > a5 numeric(5),
REWROTED    > a6 numeric(20) ,
REWROTED    > a7 numeric(20),
REWROTED    > )location('hdfs://node73:8020/user/testdb73/jenkins/work/linkoopdb-sql-test-dingting/numeric3_orc')
REWROTED    > FORMAT 'orc'
0 rows affected
SQL> select * from t_external_hdfs_orc_numeric_011;
+-------+-------+-------+-------+------+------------+-----------+
| A1    | A2    | A3    | A4    | A5   | A6         | A7        |
+-------+-------+-------+-------+------+------------+-----------+
| 23.74 | 12345 | 12345 | 12345 | 1234 | 1147483647 | 123456789 |
+-------+-------+-------+-------+------+------------+-----------+
1 row selected.
SQL> 
SQL> 
SQL> -- 测试varchar，date,timestamp,boolean以及''等异常值
SQL> CREATE EXTERNAL TABLE t_external_hdfs_orc_numeric_012(
   > a1 numeric,
   > a2 numeric,
   > a3 numeric,
   > a4 numeric,
   > a5 numeric,
   > a6 numeric,
   > a7 numeric,
   > a8 numeric,
   > a9 numeric,
   > a10 numeric,
   > a11 numeric,
   > a12 numeric,
   > a13 numeric
   > )
   > LOCATION ('HDFSRPC_URL/common_orc') FORMAT 'orc';
REWROTED SQL> Your SQL has been changed to:
REWROTED    > CREATE EXTERNAL TABLE t_external_hdfs_orc_numeric_012(
REWROTED    > a1 numeric,
REWROTED    > a2 numeric,
REWROTED    > a3 numeric,
REWROTED    > a4 numeric,
REWROTED    > a5 numeric,
REWROTED    > a6 numeric,
REWROTED    > a7 numeric,
REWROTED    > a8 numeric,
REWROTED    > a9 numeric,
REWROTED    > a10 numeric,
REWROTED    > a11 numeric,
REWROTED    > a12 numeric,
REWROTED    > a13 numeric
REWROTED    > )
REWROTED    > LOCATION ('hdfs://node73:8020/user/testdb73/jenkins/work/linkoopdb-sql-test-dingting/common_orc') FORMAT 'orc'
0 rows affected
SQL> select * from t_external_hdfs_orc_numeric_012;
+--------+--------+--------+--------+--------+--------+--------+--------+--------+--------+------------+-----+-----+
| A1     | A2     | A3     | A4     | A5     | A6     | A7     | A8     | A9     | A10    | A11        | A12 | A13 |
+--------+--------+--------+--------+--------+--------+--------+--------+--------+--------+------------+-----+-----+
| <null> | <null> | <null> | <null> | <null> | <null> | <null> | <null> | <null> | <null> | 1588911541 | 1   | 0   |
+--------+--------+--------+--------+--------+--------+--------+--------+--------+--------+------------+-----+-----+
1 row selected.
SQL> exit
Disconnected.
