SQLCli Release 0.0.75
SQL> connect admin/123456
Database connected.
SQL> start external_table_basic_type_hdfs_csv_char.sql
SQL> --    Description: char边界值测试,char的范围64000
   > --    Date:         2020-06-23
   > --    Author:       丁婷
   > --    hdfs external csv格式
SQL> set echo on 
SQL> 
SQL> --char边界值测试,char的范围64000
   > -- 删除t_external_hdfs_csv_char_001表
SQL> drop table if exists t_external_hdfs_csv_char_001;
0 rows affected
SQL> 
SQL> -- 创建表t_external_hdfs_csv_char_001，测试创建长度大于64000,创建报错
SQL> create external table t_external_hdfs_csv_char_001(
   > a1 char(64001)
   > )location('HDFSRPC_URL/char_csv/varchar_001.csv')
   > format 'csv' (delimiter ',');
REWROTED SQL> Your SQL has been changed to:
REWROTED    > create external table t_external_hdfs_csv_char_001(
REWROTED    > a1 char(64001)
REWROTED    > )location('hdfs://node73:8020/user/testdb73/jenkins/work/linkoopdb-sql-test-dingting/char_csv/varchar_001.csv')
REWROTED    > format 'csv' (delimiter ',')
0 rows affected
SQL> 
SQL> 
SQL> -- 删除t_external_hdfs_csv_char_002表
SQL> drop table if exists t_external_hdfs_csv_char_002;
0 rows affected
SQL> 
SQL> -- 创建表t_external_hdfs_csv_char_002，测试长度为10，数据大小为100000
SQL> create external table t_external_hdfs_csv_char_002(
   > a1 char(10) 
   > )location('HDFSRPC_URL/char_csv/varchar_001.csv')
   > format 'csv' (delimiter ',');
REWROTED SQL> Your SQL has been changed to:
REWROTED    > create external table t_external_hdfs_csv_char_002(
REWROTED    > a1 char(10) 
REWROTED    > )location('hdfs://node73:8020/user/testdb73/jenkins/work/linkoopdb-sql-test-dingting/char_csv/varchar_001.csv')
REWROTED    > format 'csv' (delimiter ',')
0 rows affected
SQL>   
SQL> --查询t_external_hdfs_csv_char_002的数据,实际返回10
SQL> select * from t_external_hdfs_csv_char_002;
+------------+
| A1         |
+------------+
| KOWjsLYXdn |
+------------+
1 row selected.
SQL> 
SQL> 
SQL> -- 删除t_external_hdfs_csv_char_003表
SQL> drop table if exists t_external_hdfs_csv_char_003;
0 rows affected
SQL> 
SQL> -- 创建表t_external_hdfs_csv_char_003，测试值带双引号,"asdf",char默认长度是1
SQL> create external table t_external_hdfs_csv_char_003(
   > a1 char(20)  
   > )location('HDFSRPC_URL/char_csv/varchar_003.csv')
   > format 'csv' (delimiter ',');
REWROTED SQL> Your SQL has been changed to:
REWROTED    > create external table t_external_hdfs_csv_char_003(
REWROTED    > a1 char(20)  
REWROTED    > )location('hdfs://node73:8020/user/testdb73/jenkins/work/linkoopdb-sql-test-dingting/char_csv/varchar_003.csv')
REWROTED    > format 'csv' (delimiter ',')
0 rows affected
SQL>   
SQL> --查询t_external_hdfs_csv_char_003的数据，实际返回asdf
SQL> select * from t_external_hdfs_csv_char_003;
+----------------------+
| A1                   |
+----------------------+
| asdf                 |
+----------------------+
1 row selected.
SQL> 
SQL> 
SQL> -- 删除t_external_hdfs_csv_char_004表
SQL> drop table if exists t_external_hdfs_csv_char_004;
0 rows affected
SQL> 
SQL> -- 创建表t_external_hdfs_csv_char_004，测试值为单引号，值为'asdf'
SQL> create external table t_external_hdfs_csv_char_004(
   > a1 char(30) 
   > )location('HDFSRPC_URL/char_csv/varchar_004.csv')
   > format 'csv' (delimiter ',');
REWROTED SQL> Your SQL has been changed to:
REWROTED    > create external table t_external_hdfs_csv_char_004(
REWROTED    > a1 char(30) 
REWROTED    > )location('hdfs://node73:8020/user/testdb73/jenkins/work/linkoopdb-sql-test-dingting/char_csv/varchar_004.csv')
REWROTED    > format 'csv' (delimiter ',')
0 rows affected
SQL>   
SQL> --查询t_external_hdfs_csv_char_004的数据,实际返回'asdf'
SQL> select * from t_external_hdfs_csv_char_004;
+--------------------------------+
| A1                             |
+--------------------------------+
| 'asdf'                         |
+--------------------------------+
1 row selected.
SQL> 
SQL> 
SQL> -- 删除t_external_hdfs_csv_char_005表
SQL> drop table if exists t_external_hdfs_csv_char_005;
0 rows affected
SQL> 
SQL> -- 创建表t_external_hdfs_csv_char_005，测试值不带引号，为asdf
SQL> create external table t_external_hdfs_csv_char_005(
   > a1 char(30)  
   > )location('HDFSRPC_URL/char_csv/varchar_005.csv')
   > format 'csv' (delimiter ',');
REWROTED SQL> Your SQL has been changed to:
REWROTED    > create external table t_external_hdfs_csv_char_005(
REWROTED    > a1 char(30)  
REWROTED    > )location('hdfs://node73:8020/user/testdb73/jenkins/work/linkoopdb-sql-test-dingting/char_csv/varchar_005.csv')
REWROTED    > format 'csv' (delimiter ',')
0 rows affected
SQL>   
SQL> --查询t_external_hdfs_csv_char_005的数据,实际返回asdf
SQL> select * from t_external_hdfs_csv_char_005;
+--------------------------------+
| A1                             |
+--------------------------------+
| asdf                           |
+--------------------------------+
1 row selected.
SQL> 
SQL>   
SQL> 
SQL> -- 删除t_external_hdfs_csv_char_007表
SQL> drop table if exists t_external_hdfs_csv_char_007;
0 rows affected
SQL> 
SQL> -- 创建表t_external_hdfs_csv_char_007，测试varchar中文字符，值为你好
SQL> create external table t_external_hdfs_csv_char_007(
   > a1 char(30)  
   > )location('HDFSRPC_URL/char_csv/varchar_zhongwen.csv')
   > format 'csv' (delimiter ',');
REWROTED SQL> Your SQL has been changed to:
REWROTED    > create external table t_external_hdfs_csv_char_007(
REWROTED    > a1 char(30)  
REWROTED    > )location('hdfs://node73:8020/user/testdb73/jenkins/work/linkoopdb-sql-test-dingting/char_csv/varchar_zhongwen.csv')
REWROTED    > format 'csv' (delimiter ',')
0 rows affected
SQL>   
SQL> --查询t_external_hdfs_csv_char_007的数据,实际返回你好
SQL> select * from t_external_hdfs_csv_char_007;
+----------------------------------+
| A1                               |
+----------------------------------+
| 你好                             |
+----------------------------------+
1 row selected.
SQL> 
SQL> 
SQL> -- 删除t_external_hdfs_csv_char_008表
SQL> drop table if exists t_external_hdfs_csv_char_008;
0 rows affected
SQL> 
SQL> -- 创建表t_external_hdfs_csv_char_008，测试varchar中英文字符，值为你好asdf
SQL> create external table t_external_hdfs_csv_char_008(
   > a1 char(30)  
   > )location('HDFSRPC_URL/char_csv/varchar_zhongyinghunhe.csv')
   > format 'csv' (delimiter ',');
REWROTED SQL> Your SQL has been changed to:
REWROTED    > create external table t_external_hdfs_csv_char_008(
REWROTED    > a1 char(30)  
REWROTED    > )location('hdfs://node73:8020/user/testdb73/jenkins/work/linkoopdb-sql-test-dingting/char_csv/varchar_zhongyinghunhe.csv')
REWROTED    > format 'csv' (delimiter ',')
0 rows affected
SQL>   
SQL> --查询t_external_hdfs_csv_char_008的数据，返回值为你好asdf
SQL> select * from t_external_hdfs_csv_char_008;
+----------------------------------+
| A1                               |
+----------------------------------+
| 你好asdf                         |
+----------------------------------+
1 row selected.
SQL> 
SQL> 
SQL> -- 删除t_external_hdfs_csv_char_009表
SQL> drop table if exists t_external_hdfs_csv_char_009;
0 rows affected
SQL> 
SQL> -- 创建表t_external_hdfs_csv_char_009，测试varchar英文特殊字符，值为#$%^
SQL> create external table t_external_hdfs_csv_char_009(
   > a1 char(30)   
   > )location('HDFSRPC_URL/char_csv/varchar_yingwenzifu.csv')
   > format 'csv' (delimiter ',');
REWROTED SQL> Your SQL has been changed to:
REWROTED    > create external table t_external_hdfs_csv_char_009(
REWROTED    > a1 char(30)   
REWROTED    > )location('hdfs://node73:8020/user/testdb73/jenkins/work/linkoopdb-sql-test-dingting/char_csv/varchar_yingwenzifu.csv')
REWROTED    > format 'csv' (delimiter ',')
0 rows affected
SQL>   
SQL> --查询t_external_hdfs_csv_char_009的数据，实际返回为#$%^
SQL> select * from t_external_hdfs_csv_char_009;
+--------------------------------+
| A1                             |
+--------------------------------+
| #$%^                           |
+--------------------------------+
1 row selected.
SQL> 
SQL> 
SQL> -- 删除t_external_hdfs_csv_char_010表
SQL> drop table if exists t_external_hdfs_csv_char_010;
0 rows affected
SQL> 
SQL> -- 创建表t_external_hdfs_csv_char_010，测试varchar中文特殊字符，值为@#￥%……
SQL> create external table t_external_hdfs_csv_char_010(
   > a1 char(30)  
   > )location('HDFSRPC_URL/char_csv/varchar_zhongwenzifu.csv')
   > format 'csv' (delimiter ',');
REWROTED SQL> Your SQL has been changed to:
REWROTED    > create external table t_external_hdfs_csv_char_010(
REWROTED    > a1 char(30)  
REWROTED    > )location('hdfs://node73:8020/user/testdb73/jenkins/work/linkoopdb-sql-test-dingting/char_csv/varchar_zhongwenzifu.csv')
REWROTED    > format 'csv' (delimiter ',')
0 rows affected
SQL>   
SQL> --查询t_external_hdfs_csv_char_010的数据，实际返回为@#￥%……
SQL> select * from t_external_hdfs_csv_char_010;
+---------------------------------+
| A1                              |
+---------------------------------+
| @#￥%……                         |
+---------------------------------+
1 row selected.
SQL> 
SQL> -- 删除t_external_hdfs_csv_char_011表
SQL> drop table if exists t_external_hdfs_csv_char_011;
0 rows affected
SQL> 
SQL> -- 创建表t_external_hdfs_csv_char_011，测试varchar为数字，值为'123456789'
SQL> create external table t_external_hdfs_csv_char_011(
   > a1 char(30)   
   > )location('HDFSRPC_URL/char_csv/varchar_007.csv')
   > format 'csv' (delimiter ',');
REWROTED SQL> Your SQL has been changed to:
REWROTED    > create external table t_external_hdfs_csv_char_011(
REWROTED    > a1 char(30)   
REWROTED    > )location('hdfs://node73:8020/user/testdb73/jenkins/work/linkoopdb-sql-test-dingting/char_csv/varchar_007.csv')
REWROTED    > format 'csv' (delimiter ',')
0 rows affected
SQL>   
SQL> --查询t_external_hdfs_csv_char_011的数据，实际返回为'123456789'
SQL> select * from t_external_hdfs_csv_char_011;
+--------------------------------+
| A1                             |
+--------------------------------+
| '123456789'                    |
+--------------------------------+
1 row selected.
SQL> drop table if exists t_external_hdfs_csv_char_012;
0 rows affected
SQL> -- 创建表t_external_hdfs_csv_char_012，测试date类型，时间为2020-05-08
SQL> create external table t_external_hdfs_csv_char_012(
   > a1 char(30)  
   > )location('HDFSRPC_URL/char_csv/type_date.csv')
   > format 'csv' (delimiter ',');
REWROTED SQL> Your SQL has been changed to:
REWROTED    > create external table t_external_hdfs_csv_char_012(
REWROTED    > a1 char(30)  
REWROTED    > )location('hdfs://node73:8020/user/testdb73/jenkins/work/linkoopdb-sql-test-dingting/char_csv/type_date.csv')
REWROTED    > format 'csv' (delimiter ',')
0 rows affected
SQL>   
SQL> --查询t_external_hdfs_csv_char_012的数据，实际返回为2020-05-08
SQL> select * from t_external_hdfs_csv_char_012;
+--------------------------------+
| A1                             |
+--------------------------------+
| 2020-05-08                     |
+--------------------------------+
1 row selected.
SQL> 
SQL> 
SQL> -- 删除t_external_hdfs_csv_char_013表
SQL> drop table if exists t_external_hdfs_csv_char_013;
0 rows affected
SQL> 
SQL> -- 创建表t_external_hdfs_csv_char_013，测试timestamp类型,时间为2020-05-08 12:19:01
SQL> create external table t_external_hdfs_csv_char_013(
   > a1 char(30)  
   > )location('HDFSRPC_URL/char_csv/type_timestamp.csv')
   > format 'csv' (delimiter ',');
REWROTED SQL> Your SQL has been changed to:
REWROTED    > create external table t_external_hdfs_csv_char_013(
REWROTED    > a1 char(30)  
REWROTED    > )location('hdfs://node73:8020/user/testdb73/jenkins/work/linkoopdb-sql-test-dingting/char_csv/type_timestamp.csv')
REWROTED    > format 'csv' (delimiter ',')
0 rows affected
SQL>   
SQL> --查询t_external_hdfs_csv_char_013的数据，实际返回 为2020-05-08 12:19:01
SQL> select * from t_external_hdfs_csv_char_013;
+--------------------------------+
| A1                             |
+--------------------------------+
| 2020-05-08 12:19:01            |
+--------------------------------+
1 row selected.
SQL> 
SQL> 
SQL> -- 删除t_external_hdfs_csv_char_015表
SQL> drop table if exists t_external_hdfs_csv_char_015;
0 rows affected
SQL> 
SQL> -- 创建表t_external_hdfs_csv_char_015，测试空值
SQL> create external table t_external_hdfs_csv_char_015(
   > a1 char(30)  
   > )location('HDFSRPC_URL/char_csv/type_kongzhi.csv')
   > format 'csv' (delimiter ',');
REWROTED SQL> Your SQL has been changed to:
REWROTED    > create external table t_external_hdfs_csv_char_015(
REWROTED    > a1 char(30)  
REWROTED    > )location('hdfs://node73:8020/user/testdb73/jenkins/work/linkoopdb-sql-test-dingting/char_csv/type_kongzhi.csv')
REWROTED    > format 'csv' (delimiter ',')
0 rows affected
SQL>   
SQL> --查询t_external_hdfs_csv_char_015的数据，实际返回为''
SQL> select * from t_external_hdfs_csv_char_015;
+--------------------------------+
| A1                             |
+--------------------------------+
| ''                             |
+--------------------------------+
1 row selected.
SQL>  
SQL>  
SQL> -- 删除t_external_hdfs_csv_char_016表
SQL> drop table if exists t_external_hdfs_csv_char_016;
0 rows affected
SQL> 
SQL> -- 创建表t_external_hdfs_csv_char_016，测试空格 
SQL> create external table t_external_hdfs_csv_char_016(
   > a1 char(30)  
   > )location('HDFSRPC_URL/char_csv/type_kongge.csv')
   > format 'csv' (delimiter ',');
REWROTED SQL> Your SQL has been changed to:
REWROTED    > create external table t_external_hdfs_csv_char_016(
REWROTED    > a1 char(30)  
REWROTED    > )location('hdfs://node73:8020/user/testdb73/jenkins/work/linkoopdb-sql-test-dingting/char_csv/type_kongge.csv')
REWROTED    > format 'csv' (delimiter ',')
0 rows affected
SQL>   
SQL> --查询t_external_hdfs_csv_char_016的数据,实际返回为' '
SQL> select * from t_external_hdfs_csv_char_016;
+--------------------------------+
| A1                             |
+--------------------------------+
| ' '                            |
+--------------------------------+
1 row selected.
SQL> 
SQL> 
SQL> -- 删除t_external_hdfs_csv_char_017表
SQL> drop table if exists t_external_hdfs_csv_char_017;
0 rows affected
SQL> 
SQL> -- 创建表t_external_hdfs_csv_char_017，测试null 
SQL> create external table t_external_hdfs_csv_char_017(
   > a1 char(30)   
   > )location('HDFSRPC_URL/char_csv/type_null.csv')
   > format 'csv' (delimiter ',');
REWROTED SQL> Your SQL has been changed to:
REWROTED    > create external table t_external_hdfs_csv_char_017(
REWROTED    > a1 char(30)   
REWROTED    > )location('hdfs://node73:8020/user/testdb73/jenkins/work/linkoopdb-sql-test-dingting/char_csv/type_null.csv')
REWROTED    > format 'csv' (delimiter ',')
0 rows affected
SQL>   
SQL> --查询t_external_hdfs_csv_char_017的数据，实际返回为null
SQL> select * from t_external_hdfs_csv_char_017;
+--------------------------------+
| A1                             |
+--------------------------------+
| null                           |
+--------------------------------+
1 row selected.
SQL> 
SQL> 
SQL> -- 删除t_external_hdfs_csv_char_018表
SQL> drop table if exists t_external_hdfs_csv_char_018;
0 rows affected
SQL> 
SQL> -- 创建表t_external_hdfs_csv_char_018，测试NULL  
SQL> create external table t_external_hdfs_csv_char_018(
   > a1 char(30)   
   > )location('HDFSRPC_URL/char_csv/type_NULL1.csv')
   > format 'csv' (delimiter ',');
REWROTED SQL> Your SQL has been changed to:
REWROTED    > create external table t_external_hdfs_csv_char_018(
REWROTED    > a1 char(30)   
REWROTED    > )location('hdfs://node73:8020/user/testdb73/jenkins/work/linkoopdb-sql-test-dingting/char_csv/type_NULL1.csv')
REWROTED    > format 'csv' (delimiter ',')
0 rows affected
SQL>   
SQL> --查询t_external_hdfs_csv_char_018的数据，实际返回为NULL
SQL> select * from t_external_hdfs_csv_char_018;
+--------------------------------+
| A1                             |
+--------------------------------+
| NULL                           |
+--------------------------------+
1 row selected.
SQL> 
SQL> 
SQL> -- 删除t_external_hdfs_csv_char_019表
SQL> drop table if exists t_external_hdfs_csv_char_019;
0 rows affected
SQL> 
SQL> -- 创建表t_external_hdfs_csv_char_019，测试int类型，值为1147483647
SQL> create external table t_external_hdfs_csv_char_019(
   > a1 char(30)   
   > )location('HDFSRPC_URL/char_csv/varchar_008.csv')
   > format 'csv' (delimiter ',');
REWROTED SQL> Your SQL has been changed to:
REWROTED    > create external table t_external_hdfs_csv_char_019(
REWROTED    > a1 char(30)   
REWROTED    > )location('hdfs://node73:8020/user/testdb73/jenkins/work/linkoopdb-sql-test-dingting/char_csv/varchar_008.csv')
REWROTED    > format 'csv' (delimiter ',')
0 rows affected
SQL>   
SQL> --查询t_external_hdfs_csv_char_019的数据,实际返回为1147483647
SQL> select * from t_external_hdfs_csv_char_019;
+--------------------------------+
| A1                             |
+--------------------------------+
| 1147483647                     |
+--------------------------------+
1 row selected.
SQL> 
SQL> -- 删除t_external_hdfs_csv_char_020表
SQL> drop table if exists t_external_hdfs_csv_char_020;
0 rows affected
SQL> 
SQL> -- 创建表t_external_hdfs_csv_char_020，测试double类型，值为 1147483647.2
SQL> create external table t_external_hdfs_csv_char_020(
   > a1 char(30) 
   > )location('HDFSRPC_URL/char_csv/varchar_009.csv')
   > format 'csv' (delimiter ',');
REWROTED SQL> Your SQL has been changed to:
REWROTED    > create external table t_external_hdfs_csv_char_020(
REWROTED    > a1 char(30) 
REWROTED    > )location('hdfs://node73:8020/user/testdb73/jenkins/work/linkoopdb-sql-test-dingting/char_csv/varchar_009.csv')
REWROTED    > format 'csv' (delimiter ',')
0 rows affected
SQL>   
SQL> --查询t_external_hdfs_csv_char_020的数据,实际返回为 1147483647.2
SQL> select * from t_external_hdfs_csv_char_020;
+--------------------------------+
| A1                             |
+--------------------------------+
| 1147483647.2                   |
+--------------------------------+
1 row selected.
SQL> 
SQL> 
SQL> -- 删除t_external_hdfs_csv_char_021表
SQL> drop table if exists t_external_hdfs_csv_char_021;
0 rows affected
SQL> 
SQL> -- 创建表t_external_hdfs_csv_char_021，测试boolean类型，值为false
SQL> create external table t_external_hdfs_csv_char_021(
   > a1 char(30)   
   > )location('HDFSRPC_URL/char_csv/boolean_false.csv')
   > format 'csv' (delimiter ',');
REWROTED SQL> Your SQL has been changed to:
REWROTED    > create external table t_external_hdfs_csv_char_021(
REWROTED    > a1 char(30)   
REWROTED    > )location('hdfs://node73:8020/user/testdb73/jenkins/work/linkoopdb-sql-test-dingting/char_csv/boolean_false.csv')
REWROTED    > format 'csv' (delimiter ',')
0 rows affected
SQL>   
SQL> --查询t_external_hdfs_csv_char_021的数据,实际返回为false
SQL> select * from t_external_hdfs_csv_char_021;
+--------------------------------+
| A1                             |
+--------------------------------+
| false                          |
+--------------------------------+
1 row selected.
SQL> 
SQL> 
SQL> -- 删除t_external_hdfs_csv_char_022表
SQL> drop table if exists t_external_hdfs_csv_char_022;
0 rows affected
SQL> 
SQL> -- 创建表t_external_hdfs_csv_char_022，测试boolean类型，值为true
SQL> create external table t_external_hdfs_csv_char_022(
   > a1 char(30)  
   > )location('HDFSRPC_URL/char_csv/boolean_true.csv')
   > format 'csv' (delimiter ',');
REWROTED SQL> Your SQL has been changed to:
REWROTED    > create external table t_external_hdfs_csv_char_022(
REWROTED    > a1 char(30)  
REWROTED    > )location('hdfs://node73:8020/user/testdb73/jenkins/work/linkoopdb-sql-test-dingting/char_csv/boolean_true.csv')
REWROTED    > format 'csv' (delimiter ',')
0 rows affected
SQL>   
SQL> --查询t_external_hdfs_csv_char_022的数据,实际返回为true
SQL> select * from t_external_hdfs_csv_char_022;
+--------------------------------+
| A1                             |
+--------------------------------+
| true                           |
+--------------------------------+
1 row selected.
SQL> exit
Disconnected.
