SQLCli Release 0.0.55
SQL> connect admin/123456
Database connected.
SQL> start double/double.sql
SQL> --Description：double data type
   > --Date：2020-05-22
   > --Author：李爱敏
SQL> set echo on
SQL> set timing on
Running time elapsed:      0.00 Seconds
SQL> 
SQL> -- double数据类型验证
   > --删除表T_TYPE_DOUBLE
SQL> drop table T_TYPE_DOUBLE if exists;
0 rows affected
Running time elapsed:      0.60 Seconds
SQL> 
SQL> --创建表T_TYPE_DOUBLE
SQL> create table T_TYPE_DOUBLE(
   > a1 double
   > );          
0 rows affected
Running time elapsed:      0.06 Seconds
SQL> 
SQL> --验证double类型负数最小值-1.79769313486231E+308
SQL> insert into T_TYPE_DOUBLE values(-1.79769313486231E+308);
1 row affected
Running time elapsed:      0.50 Seconds
SQL> --查询表T_TYPE_DOUBLE
SQL> select * from T_TYPE_DOUBLE;
+------------------------+
| A1                     |
+------------------------+
| -1.79769313486231e+308 |
+------------------------+
1 row selected.
Running time elapsed:      0.28 Seconds
SQL> 
SQL> --验证double类型负数最小值的尾数-0.01，是否报错
SQL> insert into T_TYPE_DOUBLE values(-1.80769313486231E+308);
1 row affected
Running time elapsed:      0.73 Seconds
SQL> --查询表T_TYPE_DOUBLE
SQL> select * from T_TYPE_DOUBLE;
+------------------------+
| A1                     |
+------------------------+
| -inf                   |
| -1.79769313486231e+308 |
+------------------------+
2 rows selected.
Running time elapsed:      0.50 Seconds
SQL> 
SQL> --验证double类型负数最大值-2.22507385850720E-308
SQL> insert into T_TYPE_DOUBLE values(-2.22507385850720E-308);
1 row affected
Running time elapsed:      0.42 Seconds
SQL> --查询表T_TYPE_DOUBLE
SQL> select * from T_TYPE_DOUBLE;
+------------------------+
| A1                     |
+------------------------+
| -2.2250738585072e-308  |
| -inf                   |
| -1.79769313486231e+308 |
+------------------------+
3 rows selected.
Running time elapsed:      0.71 Seconds
SQL> 
SQL> --验证double类型负数最大值的尾数+0.01，是否报错
SQL> insert into T_TYPE_DOUBLE values(-2.21507385850720E-308);
1 row affected
Running time elapsed:      0.45 Seconds
SQL> --查询表T_TYPE_DOUBLE
SQL> select * from T_TYPE_DOUBLE;
+------------------------+
| A1                     |
+------------------------+
| -2.2150738585072e-308  |
| -2.2250738585072e-308  |
| -inf                   |
| -1.79769313486231e+308 |
+------------------------+
4 rows selected.
Running time elapsed:      1.01 Seconds
SQL> 
SQL> --验证double类型插入0
SQL> insert into T_TYPE_DOUBLE values(0);
1 row affected
Running time elapsed:      0.41 Seconds
SQL> --查询表T_TYPE_DOUBLE
SQL> select * from T_TYPE_DOUBLE;
+------------------------+
| A1                     |
+------------------------+
| 0.0                    |
| -2.2150738585072e-308  |
| -2.2250738585072e-308  |
| -inf                   |
| -1.79769313486231e+308 |
+------------------------+
5 rows selected.
Running time elapsed:      1.28 Seconds
SQL> 
SQL> --验证double类型正数最小值2.22507385850720E-308
SQL> insert into T_TYPE_DOUBLE values(2.22507385850720E-308);
1 row affected
Running time elapsed:      0.45 Seconds
SQL> --查询表T_TYPE_DOUBLE
SQL> select * from T_TYPE_DOUBLE;
+------------------------+
| A1                     |
+------------------------+
| 2.2250738585072e-308   |
| 0.0                    |
| -2.2150738585072e-308  |
| -2.2250738585072e-308  |
| -inf                   |
| -1.79769313486231e+308 |
+------------------------+
6 rows selected.
Running time elapsed:      1.57 Seconds
SQL> 
SQL> --验证double类型正数最小值的尾数-0.01，是否报错
SQL> insert into T_TYPE_DOUBLE values(2.21507385850720E-308);
1 row affected
Running time elapsed:      0.46 Seconds
SQL> --查询表T_TYPE_DOUBLE
SQL> select * from T_TYPE_DOUBLE;
+------------------------+
| A1                     |
+------------------------+
| 2.2150738585072e-308   |
| 2.2250738585072e-308   |
| 0.0                    |
| -2.2150738585072e-308  |
| -2.2250738585072e-308  |
| -inf                   |
| -1.79769313486231e+308 |
+------------------------+
7 rows selected.
Running time elapsed:      1.74 Seconds
SQL> 
SQL> --验证double类型正数最大值1.79769313486231E+308
SQL> insert into T_TYPE_DOUBLE values(1.79769313486231E+308);
1 row affected
Running time elapsed:      0.44 Seconds
SQL> --查询表T_TYPE_DOUBLE
SQL> select * from T_TYPE_DOUBLE;
+------------------------+
| A1                     |
+------------------------+
| 1.79769313486231e+308  |
| 2.2150738585072e-308   |
| 2.2250738585072e-308   |
| 0.0                    |
| -2.2150738585072e-308  |
| -2.2250738585072e-308  |
| -inf                   |
| -1.79769313486231e+308 |
+------------------------+
8 rows selected.
Running time elapsed:      2.33 Seconds
SQL> 
SQL> --验证double类型正数最大值的尾数+0.01，是否报错
SQL> insert into T_TYPE_DOUBLE values(1.80769313486231E+308);
1 row affected
Running time elapsed:      0.57 Seconds
SQL> --查询表T_TYPE_DOUBLE
SQL> select * from T_TYPE_DOUBLE;
+------------------------+
| A1                     |
+------------------------+
| inf                    |
| 1.79769313486231e+308  |
| 2.2150738585072e-308   |
| 2.2250738585072e-308   |
| 0.0                    |
| -2.2150738585072e-308  |
| -2.2250738585072e-308  |
| -inf                   |
| -1.79769313486231e+308 |
+------------------------+
9 rows selected.
Running time elapsed:      2.25 Seconds
SQL> 
SQL> --验证double类型有效位小于等于15
SQL> insert into T_TYPE_DOUBLE values(1.23456789012345);
1 row affected
Running time elapsed:      0.40 Seconds
SQL> --查询表T_TYPE_DOUBLE
SQL> select * from T_TYPE_DOUBLE;
+------------------------+
| A1                     |
+------------------------+
| 1.23456789012345       |
| inf                    |
| 1.79769313486231e+308  |
| 2.2150738585072e-308   |
| 2.2250738585072e-308   |
| 0.0                    |
| -2.2150738585072e-308  |
| -2.2250738585072e-308  |
| -inf                   |
| -1.79769313486231e+308 |
+------------------------+
10 rows selected.
Running time elapsed:      2.53 Seconds
SQL> 
SQL> --验证double类型的有效位超出15个，截断
SQL> insert into T_TYPE_DOUBLE values(1.23456789012345678);
1 row affected
Running time elapsed:      0.46 Seconds
SQL> --查询表T_TYPE_DOUBLE
SQL> select * from T_TYPE_DOUBLE;
+------------------------+
| A1                     |
+------------------------+
| 1.2345678901234567     |
| 1.23456789012345       |
| inf                    |
| 1.79769313486231e+308  |
| 2.2150738585072e-308   |
| 2.2250738585072e-308   |
| 0.0                    |
| -2.2150738585072e-308  |
| -2.2250738585072e-308  |
| -inf                   |
| -1.79769313486231e+308 |
+------------------------+
11 rows selected.
Running time elapsed:      2.65 Seconds
SQL> 
SQL> --验证插入int类型
SQL> insert into T_TYPE_DOUBLE values(289);
1 row affected
Running time elapsed:      0.77 Seconds
SQL> --查询表T_TYPE_DOUBLE
SQL> select * from T_TYPE_DOUBLE;
+------------------------+
| A1                     |
+------------------------+
| 289.0                  |
| 1.2345678901234567     |
| 1.23456789012345       |
| inf                    |
| 1.79769313486231e+308  |
| 2.2150738585072e-308   |
| 2.2250738585072e-308   |
| 0.0                    |
| -2.2150738585072e-308  |
| -2.2250738585072e-308  |
| -inf                   |
| -1.79769313486231e+308 |
+------------------------+
12 rows selected.
Running time elapsed:      3.04 Seconds
SQL> 
SQL> --验证插入varchar类型，插入数字'1234.56'
SQL> insert into T_TYPE_DOUBLE values('1234.56');
1 row affected
Running time elapsed:      0.56 Seconds
SQL> --查询表T_TYPE_DOUBLE
SQL> select * from T_TYPE_DOUBLE;
+------------------------+
| A1                     |
+------------------------+
| 1234.56                |
| 289.0                  |
| 1.2345678901234567     |
| 1.23456789012345       |
| inf                    |
| 1.79769313486231e+308  |
| 2.2150738585072e-308   |
| 2.2250738585072e-308   |
| 0.0                    |
| -2.2150738585072e-308  |
| -2.2250738585072e-308  |
| -inf                   |
| -1.79769313486231e+308 |
+------------------------+
13 rows selected.
Running time elapsed:      3.23 Seconds
SQL> 
SQL> --验证插入varchar类型，插入英文字母'AAAbcd'
SQL> insert into T_TYPE_DOUBLE values('AAAbcd');
1 row affected
Running time elapsed:      0.46 Seconds
SQL> --查询表T_TYPE_DOUBLE
SQL> select * from T_TYPE_DOUBLE;
+------------------------+
| A1                     |
+------------------------+
| <null>                 |
| 1234.56                |
| 289.0                  |
| 1.2345678901234567     |
| 1.23456789012345       |
| inf                    |
| 1.79769313486231e+308  |
| 2.2150738585072e-308   |
| 2.2250738585072e-308   |
| 0.0                    |
| -2.2150738585072e-308  |
| -2.2250738585072e-308  |
| -inf                   |
| -1.79769313486231e+308 |
+------------------------+
14 rows selected.
Running time elapsed:      3.75 Seconds
SQL> 
SQL> --验证插入varchar类型，插入汉字'北京'
SQL> insert into T_TYPE_DOUBLE values('北京');
1 row affected
Running time elapsed:      0.47 Seconds
SQL> --查询表T_TYPE_DOUBLE
SQL> select * from T_TYPE_DOUBLE;
+------------------------+
| A1                     |
+------------------------+
| <null>                 |
| <null>                 |
| 1234.56                |
| 289.0                  |
| 1.2345678901234567     |
| 1.23456789012345       |
| inf                    |
| 1.79769313486231e+308  |
| 2.2150738585072e-308   |
| 2.2250738585072e-308   |
| 0.0                    |
| -2.2150738585072e-308  |
| -2.2250738585072e-308  |
| -inf                   |
| -1.79769313486231e+308 |
+------------------------+
15 rows selected.
Running time elapsed:      3.88 Seconds
SQL> 
SQL> --验证插入date类型，格式yyyy-mm-dd
SQL> insert into T_TYPE_DOUBLE values(to_date('2020-05-08','yyyy-mm-dd'));
1 row affected
Running time elapsed:      0.50 Seconds
SQL> --查询表T_TYPE_DOUBLE
SQL> select * from T_TYPE_DOUBLE;
+------------------------+
| A1                     |
+------------------------+
| <null>                 |
| <null>                 |
| <null>                 |
| 1234.56                |
| 289.0                  |
| 1.2345678901234567     |
| 1.23456789012345       |
| inf                    |
| 1.79769313486231e+308  |
| 2.2150738585072e-308   |
| 2.2250738585072e-308   |
| 0.0                    |
| -2.2150738585072e-308  |
| -2.2250738585072e-308  |
| -inf                   |
| -1.79769313486231e+308 |
+------------------------+
16 rows selected.
Running time elapsed:      4.26 Seconds
SQL> 
SQL> --验证插入timestamp类型，格式yyyy-mm-dd hh24:mi:ss
SQL> insert into T_TYPE_DOUBLE values(TO_TIMESTAMP('2020-05-08 12:19:01', 'yyyy-mm-dd hh24:mi:ss'));
1 row affected
Running time elapsed:      0.54 Seconds
SQL> --查询表T_TYPE_DOUBLE
SQL> select * from T_TYPE_DOUBLE;
+------------------------+
| A1                     |
+------------------------+
| 1588911541.0           |
| <null>                 |
| <null>                 |
| <null>                 |
| 1234.56                |
| 289.0                  |
| 1.2345678901234567     |
| 1.23456789012345       |
| inf                    |
| 1.79769313486231e+308  |
| 2.2150738585072e-308   |
| 2.2250738585072e-308   |
| 0.0                    |
| -2.2150738585072e-308  |
| -2.2250738585072e-308  |
| -inf                   |
| -1.79769313486231e+308 |
+------------------------+
17 rows selected.
Running time elapsed:      4.28 Seconds
SQL> 
SQL> --验证插入boolean类型，插入true                                                       
SQL> insert into T_TYPE_DOUBLE values(true);
1 row affected
Running time elapsed:      0.48 Seconds
SQL> --查询表T_TYPE_DOUBLE
SQL> select * from T_TYPE_DOUBLE;
+------------------------+
| A1                     |
+------------------------+
| 1.0                    |
| 1588911541.0           |
| <null>                 |
| <null>                 |
| <null>                 |
| 1234.56                |
| 289.0                  |
| 1.2345678901234567     |
| 1.23456789012345       |
| inf                    |
| 1.79769313486231e+308  |
| 2.2150738585072e-308   |
| 2.2250738585072e-308   |
| 0.0                    |
| -2.2150738585072e-308  |
| -2.2250738585072e-308  |
| -inf                   |
| -1.79769313486231e+308 |
+------------------------+
18 rows selected.
Running time elapsed:      4.83 Seconds
SQL> 
SQL> --验证插入boolean类型，插入false
SQL> insert into T_TYPE_DOUBLE values(false); 
1 row affected
Running time elapsed:      0.46 Seconds
SQL> --查询表T_TYPE_DOUBLE
SQL> select * from T_TYPE_DOUBLE; 
+------------------------+
| A1                     |
+------------------------+
| 0.0                    |
| 1.0                    |
| 1588911541.0           |
| <null>                 |
| <null>                 |
| <null>                 |
| 1234.56                |
| 289.0                  |
| 1.2345678901234567     |
| 1.23456789012345       |
| inf                    |
| 1.79769313486231e+308  |
| 2.2150738585072e-308   |
| 2.2250738585072e-308   |
| 0.0                    |
| -2.2150738585072e-308  |
| -2.2250738585072e-308  |
| -inf                   |
| -1.79769313486231e+308 |
+------------------------+
19 rows selected.
Running time elapsed:      4.73 Seconds
SQL> 
SQL> --验证插入空值''                                                   
SQL> insert into T_TYPE_DOUBLE values('');     
1 row affected
Running time elapsed:      0.50 Seconds
SQL> --查询表T_TYPE_DOUBLE
SQL> select * from T_TYPE_DOUBLE;
+------------------------+
| A1                     |
+------------------------+
| <null>                 |
| 0.0                    |
| 1.0                    |
| 1588911541.0           |
| <null>                 |
| <null>                 |
| <null>                 |
| 1234.56                |
| 289.0                  |
| 1.2345678901234567     |
| 1.23456789012345       |
| inf                    |
| 1.79769313486231e+308  |
| 2.2150738585072e-308   |
| 2.2250738585072e-308   |
| 0.0                    |
| -2.2150738585072e-308  |
| -2.2250738585072e-308  |
| -inf                   |
| -1.79769313486231e+308 |
+------------------------+
20 rows selected.
Running time elapsed:      5.96 Seconds
SQL> 
SQL> --验证插入空格' '                                                   
SQL> insert into T_TYPE_DOUBLE values(' ');     
1 row affected
Running time elapsed:      0.44 Seconds
SQL> --查询表T_TYPE_DOUBLE
SQL> select * from T_TYPE_DOUBLE;
+------------------------+
| A1                     |
+------------------------+
| <null>                 |
| <null>                 |
| 0.0                    |
| 1.0                    |
| 1588911541.0           |
| <null>                 |
| <null>                 |
| <null>                 |
| 1234.56                |
| 289.0                  |
| 1.2345678901234567     |
| 1.23456789012345       |
| inf                    |
| 1.79769313486231e+308  |
| 2.2150738585072e-308   |
| 2.2250738585072e-308   |
| 0.0                    |
| -2.2150738585072e-308  |
| -2.2250738585072e-308  |
| -inf                   |
| -1.79769313486231e+308 |
+------------------------+
21 rows selected.
Running time elapsed:      5.34 Seconds
SQL> 
SQL> --验证插入null                                                    
SQL> insert into T_TYPE_DOUBLE values(null);  
1 row affected
Running time elapsed:      0.47 Seconds
SQL> --查询表T_TYPE_DOUBLE
SQL> select * from T_TYPE_DOUBLE;  
+------------------------+
| A1                     |
+------------------------+
| <null>                 |
| <null>                 |
| <null>                 |
| 0.0                    |
| 1.0                    |
| 1588911541.0           |
| <null>                 |
| <null>                 |
| <null>                 |
| 1234.56                |
| 289.0                  |
| 1.2345678901234567     |
| 1.23456789012345       |
| inf                    |
| 1.79769313486231e+308  |
| 2.2150738585072e-308   |
| 2.2250738585072e-308   |
| 0.0                    |
| -2.2150738585072e-308  |
| -2.2250738585072e-308  |
| -inf                   |
| -1.79769313486231e+308 |
+------------------------+
22 rows selected.
Running time elapsed:      5.73 Seconds
SQL> 
SQL> --验证插入NULL                                                   
SQL> insert into T_TYPE_DOUBLE values(NULL);  
1 row affected
Running time elapsed:      0.45 Seconds
SQL> --查询表T_TYPE_DOUBLE
SQL> select * from T_TYPE_DOUBLE;
+------------------------+
| A1                     |
+------------------------+
| <null>                 |
| <null>                 |
| <null>                 |
| <null>                 |
| 0.0                    |
| 1.0                    |
| 1588911541.0           |
| <null>                 |
| <null>                 |
| <null>                 |
| 1234.56                |
| 289.0                  |
| 1.2345678901234567     |
| 1.23456789012345       |
| inf                    |
| 1.79769313486231e+308  |
| 2.2150738585072e-308   |
| 2.2250738585072e-308   |
| 0.0                    |
| -2.2150738585072e-308  |
| -2.2250738585072e-308  |
| -inf                   |
| -1.79769313486231e+308 |
+------------------------+
23 rows selected.
Running time elapsed:      6.16 Seconds
Running time elapsed:     84.18 Seconds
SQL> exit
Disconnected.
