SQLCli Release 0.0.70
SQL> connect admin/123456
Database connected.
SQL> start blob/blob.sql
SQL> -- Description：blob data type
   > -- Date：2020-06-12
   > -- Author：李爱敏
SQL> set echo on
SQL> set timing on
Running time elapsed:      0.00 Seconds
SQL> 
SQL> --验证BLOB数据类型
   > --如果表已存在，则先删除
SQL> drop table T_TYPE_BLOB1 if exists;
0 rows affected
Running time elapsed:      0.00 Seconds
SQL> drop table T_TYPE_BLOB2 if exists;
0 rows affected
Running time elapsed:      0.00 Seconds
SQL> drop table T_TYPE_BLOB3 if exists;
0 rows affected
Running time elapsed:      0.00 Seconds
SQL> create table T_TYPE_BLOB1 (a1 blob(100),a2 blob(5K),a3 blob(5M),a4 blob(5G));
0 rows affected
Running time elapsed:      0.17 Seconds
SQL> insert into T_TYPE_BLOB1 values ('abcdef','aaaaaaaa','bbbbbbbbbb','ccccccccccccccc');
1 row affected
Running time elapsed:      0.47 Seconds
SQL> select * from T_TYPE_BLOB1;
+--------------+------------------+----------------------+--------------------------------+
| A1           | A2               | A3                   | A4                             |
+--------------+------------------+----------------------+--------------------------------+
| 616263646566 | 6161616161616161 | 62626262626262626262 | 636363636363636363636363636363 |
+--------------+------------------+----------------------+--------------------------------+
1 row selected.
Running time elapsed:      0.27 Seconds
SQL> 
SQL> --验证32个lob列
SQL> create table T_TYPE_BLOB2 (a1 blob(100),a2 blob(5K),a3 blob(5M),a4 blob(1G),a5 clob(100),a6 clob(5K),a7 clob(5M),a8 clob(1G),a9 blob(100),a10 blob(100),a11 blob(100),a12 blob(100),a13 blob(100),a14 blob(100),a15 blob(100),a16 blob(100),a17 blob(100),a18 blob(100),a19 blob(100),a20 clob(100),a21 clob(5K),a22 clob(5K),a23 clob(5K),a24 clob(5K),a25 clob(5K),a26 clob(5K),a27 clob(5K),a28 clob(5K),a29 clob(5K),a30 blob(5M),a31 blob(5M),a32 blob(5M));
0 rows affected
Running time elapsed:      0.25 Seconds
SQL> insert into T_TYPE_BLOB2 values ('aaaaaaaa','bbbbbbbbbb','ccccccccccccccc','ddddddddd','eeeeee','ffffff','ggggggggg','hhhhhhhh','iiiiiii','jjjjjjjj','kkkkkkkkk','lllllllll','mmmmmmmmmm','nnnnnnnn','oooooooo','ppppppp','qqqqqqq','rrrrr','ssssss','tttttt','uuuuuuu','vvvvvv','wwwwwww','xxxxx','yyyyyy','zzzzzz','aaaaa','bbbbbb','cccccc','ddddddd','eeeeeee','fffffff');
1 row affected
Running time elapsed:      0.51 Seconds
SQL> select * from T_TYPE_BLOB2;
+------------------+----------------------+--------------------------------+--------------------+--------+--------+-----------+----------+----------------+------------------+--------------------+--------------------+----------------------+------------------+------------------+----------------+----------------+------------+--------------+--------+---------+--------+---------+-------+--------+--------+-------+--------+--------+----------------+----------------+----------------+
| A1               | A2                   | A3                             | A4                 | A5     | A6     | A7        | A8       | A9             | A10              | A11                | A12                | A13                  | A14              | A15              | A16            | A17            | A18        | A19          | A20    | A21     | A22    | A23     | A24   | A25    | A26    | A27   | A28    | A29    | A30            | A31            | A32            |
+------------------+----------------------+--------------------------------+--------------------+--------+--------+-----------+----------+----------------+------------------+--------------------+--------------------+----------------------+------------------+------------------+----------------+----------------+------------+--------------+--------+---------+--------+---------+-------+--------+--------+-------+--------+--------+----------------+----------------+----------------+
| 6161616161616161 | 62626262626262626262 | 636363636363636363636363636363 | 646464646464646464 | eeeeee | ffffff | ggggggggg | hhhhhhhh | 69696969696969 | 6a6a6a6a6a6a6a6a | 6b6b6b6b6b6b6b6b6b | 6c6c6c6c6c6c6c6c6c | 6d6d6d6d6d6d6d6d6d6d | 6e6e6e6e6e6e6e6e | 6f6f6f6f6f6f6f6f | 70707070707070 | 71717171717171 | 7272727272 | 737373737373 | tttttt | uuuuuuu | vvvvvv | wwwwwww | xxxxx | yyyyyy | zzzzzz | aaaaa | bbbbbb | cccccc | 64646464646464 | 65656565656565 | 66666666666666 |
+------------------+----------------------+--------------------------------+--------------------+--------+--------+-----------+----------+----------------+------------------+--------------------+--------------------+----------------------+------------------+------------------+----------------+----------------+------------+--------------+--------+---------+--------+---------+-------+--------+--------+-------+--------+--------+----------------+----------------+----------------+
1 row selected.
Running time elapsed:      0.36 Seconds
SQL> 
SQL> --验证lob列超过32个，是否报错
SQL> create table T_TYPE_BLOB3 (a1 blob(100),a2 blob(5K),a3 blob(5M),a4 blob(1G),a5 clob(100),a6 clob(5K),a7 clob(5M),a8 clob(1G),a9 blob(100),a10 blob(100),a11 blob(100),a12 blob(100),a13 blob(100),a14 blob(100),a15 blob(100),a16 blob(100),a17 blob(100),a18 blob(100),a19 blob(100),a20 clob(100),a21 clob(5K),a22 clob(5K),a23 clob(5K),a24 clob(5K),a25 clob(5K),a26 clob(5K),a27 clob(5K),a28 clob(5K),a29 clob(5K),a30 blob(5M),a31 blob(5M),a32 blob(5M),a33 blob(5M));
0 rows affected
Running time elapsed:      0.17 Seconds
SQL> insert into T_TYPE_BLOB3 values ('aaaaaaaa','bbbbbbbbbb','ccccccccccccccc','ddddddddd','eeeeee','ffffff','ggggggggg','hhhhhhhh','iiiiiii','jjjjjjjj','kkkkkkkkk','lllllllll','mmmmmmmmmm','nnnnnnnn','oooooooo','ppppppp','qqqqqqq','rrrrr','ssssss','tttttt','uuuuuuu','vvvvvv','wwwwwww','xxxxx','yyyyyy','zzzzzz','aaaaa','bbbbbb','cccccc','ddddddd','eeeeeee','fffffff','gggg');
1 row affected
Running time elapsed:      0.51 Seconds
SQL> select * from T_TYPE_BLOB3;
+------------------+----------------------+--------------------------------+--------------------+--------+--------+-----------+----------+----------------+------------------+--------------------+--------------------+----------------------+------------------+------------------+----------------+----------------+------------+--------------+--------+---------+--------+---------+-------+--------+--------+-------+--------+--------+----------------+----------------+----------------+----------+
| A1               | A2                   | A3                             | A4                 | A5     | A6     | A7        | A8       | A9             | A10              | A11                | A12                | A13                  | A14              | A15              | A16            | A17            | A18        | A19          | A20    | A21     | A22    | A23     | A24   | A25    | A26    | A27   | A28    | A29    | A30            | A31            | A32            | A33      |
+------------------+----------------------+--------------------------------+--------------------+--------+--------+-----------+----------+----------------+------------------+--------------------+--------------------+----------------------+------------------+------------------+----------------+----------------+------------+--------------+--------+---------+--------+---------+-------+--------+--------+-------+--------+--------+----------------+----------------+----------------+----------+
| 6161616161616161 | 62626262626262626262 | 636363636363636363636363636363 | 646464646464646464 | eeeeee | ffffff | ggggggggg | hhhhhhhh | 69696969696969 | 6a6a6a6a6a6a6a6a | 6b6b6b6b6b6b6b6b6b | 6c6c6c6c6c6c6c6c6c | 6d6d6d6d6d6d6d6d6d6d | 6e6e6e6e6e6e6e6e | 6f6f6f6f6f6f6f6f | 70707070707070 | 71717171717171 | 7272727272 | 737373737373 | tttttt | uuuuuuu | vvvvvv | wwwwwww | xxxxx | yyyyyy | zzzzzz | aaaaa | bbbbbb | cccccc | 64646464646464 | 65656565656565 | 66666666666666 | 67676767 |
+------------------+----------------------+--------------------------------+--------------------+--------+--------+-----------+----------+----------------+------------------+--------------------+--------------------+----------------------+------------------+------------------+----------------+----------------+------------+--------------+--------+---------+--------+---------+-------+--------+--------+-------+--------+--------+----------------+----------------+----------------+----------+
1 row selected.
Running time elapsed:      0.36 Seconds
SQL> 
SQL> 
SQL> --最后删除创建的表
SQL> drop table T_TYPE_BLOB1 if exists;
0 rows affected
Running time elapsed:      0.22 Seconds
SQL> drop table T_TYPE_BLOB2 if exists;
0 rows affected
Running time elapsed:      0.22 Seconds
SQL> drop table T_TYPE_BLOB3 if exists;
0 rows affected
Running time elapsed:      0.22 Seconds
Running time elapsed:    100.01 Seconds
SQL> exit
Disconnected.
