SQLCli Release 0.0.97
SQL> connect admin/123456
Database connected.
SQL> start time_function/date_time_function.sql
SQL> --Description:日期时间函数补充测试用例
   > --Date：2020-06-09
   > --Author：贾路遥
   > 
   > --建表Test_Builtin_Function_2
SQL> DROP TABLE Test_Builtin_Function_2 IF EXISTS ;
0 rows affected
SQL> CREATE TABLE Test_Builtin_Function_2 (id int,name VARCHAR(100));
0 rows affected
SQL> INSERT INTO Test_Builtin_Function_2 VALUES (1,' Justin Bieber '),(2,' Hailey Baldwin  '),(3,'    Selena Gomez');
3 rows affected
SQL> INSERT INTO Test_Builtin_Function_2 VALUES(4,' q az xe'),(5,'S D B J Y '),(6,'  z  xn  HJd UG'),(7,' cs sds dsd');
4 rows affected
SQL> 
SQL> 
SQL> --to_date()函数
SQL> SELECT to_date('23-JUN-99','dd-MON-YY')FROM Test_Builtin_Function_2 LIMIT 1;
+-----------+
| C1        |
+-----------+
| 1999-6-23 |
+-----------+
1 row selected.
SQL> SELECT to_date('2018-09-01','YYYYMMDD') FROM Test_Builtin_Function_2 limit 1;
+--------+
| C1     |
+--------+
| <null> |
+--------+
1 row selected.
SQL> SELECT to_date('2018-09-01','YYYY-MM-DD') FROM Test_Builtin_Function_2 limit 1;
+----------+
| C1       |
+----------+
| 2018-9-1 |
+----------+
1 row selected.
SQL> SELECT to_date('2018-09-01','YYYY-DD-MM') FROM Test_Builtin_Function_2 limit 1;
+----------+
| C1       |
+----------+
| 2018-1-9 |
+----------+
1 row selected.
SQL> SELECT to_date('2018-09-01','YYYY-MM') FROM Test_Builtin_Function_2 limit 1;
+----------+
| C1       |
+----------+
| 2018-9-1 |
+----------+
1 row selected.
SQL> SELECT to_date('2018-09-01','YYYY-DD') FROM Test_Builtin_Function_2 limit 1;
+----------+
| C1       |
+----------+
| 2018-1-9 |
+----------+
1 row selected.
SQL> SELECT to_date('2018-09-11','YYYY-DD') FROM Test_Builtin_Function_2 limit 1;
+----------+
| C1       |
+----------+
| 2018-1-9 |
+----------+
1 row selected.
SQL> SELECT to_date('2018-09-01','YYYYMM') FROM Test_Builtin_Function_2 limit 1;
+--------+
| C1     |
+--------+
| <null> |
+--------+
1 row selected.
SQL> SELECT to_date('2018-09-01','YYYYDD') FROM Test_Builtin_Function_2 limit 1;
+--------+
| C1     |
+--------+
| <null> |
+--------+
1 row selected.
SQL> SELECT to_date('2018-09-01','YYYY') FROM Test_Builtin_Function_2 limit 1;
+----------+
| C1       |
+----------+
| 2018-1-1 |
+----------+
1 row selected.
SQL> SELECT to_date('2018-09-01','YY') FROM Test_Builtin_Function_2 limit 1;
+----------+
| C1       |
+----------+
| 2018-1-1 |
+----------+
1 row selected.
SQL> SELECT to_date('2018-09-01','DDD') FROM Test_Builtin_Function_2 limit 1;
+--------+
| C1     |
+--------+
| <null> |
+--------+
1 row selected.
SQL> SELECT to_date('2018-09-01','YYYY-MM-DDD') FROM Test_Builtin_Function_2 limit 1;
+--------+
| C1     |
+--------+
| <null> |
+--------+
1 row selected.
SQL> SELECT to_date('2018-09-01','MM-DDD') FROM Test_Builtin_Function_2 limit 1;
+--------+
| C1     |
+--------+
| <null> |
+--------+
1 row selected.
SQL> SELECT to_date('2018-09-01','YYYY-MON-DD') FROM Test_Builtin_Function_2 limit 1;
+--------+
| C1     |
+--------+
| <null> |
+--------+
1 row selected.
SQL> SELECT to_date('2018-09-01','MON') FROM Test_Builtin_Function_2 limit 1;
+--------+
| C1     |
+--------+
| <null> |
+--------+
1 row selected.
SQL> SELECT to_date('2018-09-01','MONTH') FROM Test_Builtin_Function_2 limit 1;
+--------+
| C1     |
+--------+
| <null> |
+--------+
1 row selected.
SQL> SELECT to_date('2018-09-01','YYYY-MONTH-DD') FROM Test_Builtin_Function_2 limit 1;
+--------+
| C1     |
+--------+
| <null> |
+--------+
1 row selected.
SQL> SELECT to_date(to_timestamp('2018-11-22 23:12:13','YYYY-MM-DD HH24:MI:SS')) FROM Test_Builtin_Function_2 limit 1;
+------------+
| C1         |
+------------+
| 2018-11-22 |
+------------+
1 row selected.
SQL> SELECT '当前日期',to_date(CURRENT_TIMESTAMP) FROM Test_Builtin_Function_2 LIMIT 1;
+----------+-----------+
| C1       | C2        |
+----------+-----------+
| 当前日期 | 2020-7-16 |
+----------+-----------+
1 row selected.
SQL> 
SQL> 
SQL> --TO_TIMESTAMP()函数
SQL> SELECT  TO_TIMESTAMP('2018-11-22 11:12:13','YYYY-MM-DD HH:MI:SS') FROM Test_Builtin_Function_2 limit 1;
+---------------------+
| C1                  |
+---------------------+
| 2018-11-22 11:12:13 |
+---------------------+
1 row selected.
SQL> SELECT  TO_TIMESTAMP('2018-11-22 11:12:13','HH') FROM Test_Builtin_Function_2 limit 1;
+--------+
| C1     |
+--------+
| <null> |
+--------+
1 row selected.
SQL> SELECT  TO_TIMESTAMP('2018-11-22 11:12:13','HH12') FROM Test_Builtin_Function_2 limit 1;
+--------+
| C1     |
+--------+
| <null> |
+--------+
1 row selected.
SQL> SELECT  TO_TIMESTAMP('2018-11-22 11:12:13','MI') FROM Test_Builtin_Function_2 limit 1;
+--------+
| C1     |
+--------+
| <null> |
+--------+
1 row selected.
SQL> SELECT  TO_TIMESTAMP('2018-11-22 11:12:13','SS') FROM Test_Builtin_Function_2 limit 1;
+--------+
| C1     |
+--------+
| <null> |
+--------+
1 row selected.
SQL> SELECT  TO_TIMESTAMP('2018-11-22 11:12:13','YYYY-MM-DD HH:MI:SS') FROM Test_Builtin_Function_2 limit 1;
+---------------------+
| C1                  |
+---------------------+
| 2018-11-22 11:12:13 |
+---------------------+
1 row selected.
SQL> SELECT  TO_TIMESTAMP('2018-11-22 11:12:13','YYYY-MM-DD HH:MI') FROM Test_Builtin_Function_2 limit 1;
+---------------------+
| C1                  |
+---------------------+
| 2018-11-22 11:12:00 |
+---------------------+
1 row selected.
SQL> SELECT  TO_TIMESTAMP('2018-11-22 11:12:13','YYYY-MM-DD HH:SS') FROM Test_Builtin_Function_2 limit 1;
+---------------------+
| C1                  |
+---------------------+
| 2018-11-22 11:00:12 |
+---------------------+
1 row selected.
SQL> SELECT  TO_TIMESTAMP('2018-11-22 11:12:13','YYYY-MM-DD HH12') FROM Test_Builtin_Function_2 limit 1;
+---------------------+
| C1                  |
+---------------------+
| 2018-11-22 11:00:00 |
+---------------------+
1 row selected.
SQL> SELECT  TO_TIMESTAMP('2018-11-22 23:12:13','YYYY-MM-DD HH12') FROM Test_Builtin_Function_2 limit 1;
+--------+
| C1     |
+--------+
| <null> |
+--------+
1 row selected.
SQL> SELECT  TO_TIMESTAMP('2018-11-22 13:12:13','YYYY-MM-DD HH12:MI:SS') FROM Test_Builtin_Function_2 limit 1;
+--------+
| C1     |
+--------+
| <null> |
+--------+
1 row selected.
SQL> SELECT  TO_TIMESTAMP('2018-11-22 11:12:13','YYYY-MM-DD HH12:MI') FROM Test_Builtin_Function_2 limit 1;
+---------------------+
| C1                  |
+---------------------+
| 2018-11-22 11:12:00 |
+---------------------+
1 row selected.
SQL> SELECT  TO_TIMESTAMP('2018-11-22 11:12:13','YYYY-MM-DD HH12:SS') FROM Test_Builtin_Function_2 limit 1;
+---------------------+
| C1                  |
+---------------------+
| 2018-11-22 11:00:12 |
+---------------------+
1 row selected.
SQL> SELECT  TO_TIMESTAMP('2018-11-22 23:12:13','YYYY-MM-DD HH12:MI:SS') FROM Test_Builtin_Function_2 limit 1;
+--------+
| C1     |
+--------+
| <null> |
+--------+
1 row selected.
SQL> SELECT  TO_TIMESTAMP('2018-11-22 23:12:13','YYYY-MM-DD HH12:MI') FROM Test_Builtin_Function_2 limit 1;
+--------+
| C1     |
+--------+
| <null> |
+--------+
1 row selected.
SQL> SELECT  TO_TIMESTAMP('2018-11-22 23:12:13','YYYY-MM-DD HH12:SS') FROM Test_Builtin_Function_2 limit 1;
+--------+
| C1     |
+--------+
| <null> |
+--------+
1 row selected.
SQL> SELECT  TO_TIMESTAMP('2018-11-22 23:12:13','YYYY-MM-DD HH24:MI:SS') FROM Test_Builtin_Function_2 limit 1;
+---------------------+
| C1                  |
+---------------------+
| 2018-11-22 23:12:13 |
+---------------------+
1 row selected.
SQL> SELECT  TO_TIMESTAMP('2018-11-22 23:12:13','YYYY-MM-DD HH24:MI') FROM Test_Builtin_Function_2 limit 1;
+---------------------+
| C1                  |
+---------------------+
| 2018-11-22 23:12:00 |
+---------------------+
1 row selected.
SQL> SELECT  TO_TIMESTAMP('2018-11-22 23:12:13','YYYY-MM-DD HH24:SS') FROM Test_Builtin_Function_2 limit 1;
+---------------------+
| C1                  |
+---------------------+
| 2018-11-22 23:00:12 |
+---------------------+
1 row selected.
SQL> SELECT to_timestamp(to_date('2018-11-22','YYYY-MM-DD')) FROM Test_Builtin_Function_2 limit 1;
+---------------------+
| C1                  |
+---------------------+
| 2018-11-22 00:00:00 |
+---------------------+
1 row selected.
SQL> SELECT to_timestamp(to_date(ADD_MONTHS(timestamp '2011-01-01 21:01:33',6))) FROM Test_Builtin_Function_2 LIMIT 1;
+---------------------+
| C1                  |
+---------------------+
| 2011-07-01 00:00:00 |
+---------------------+
1 row selected.
SQL> SELECT '当前日期',to_timestamp(CURRENT_DATE) FROM Test_Builtin_Function_2 LIMIT 1;
+----------+---------------------+
| C1       | C2                  |
+----------+---------------------+
| 当前日期 | 2020-07-16 00:00:00 |
+----------+---------------------+
1 row selected.
SQL> 
SQL> 
SQL> --ADD_MONTHS()函数
SQL> SELECT ADD_MONTHS(DATE '2011-01-01',6) FROM Test_Builtin_Function_2 LIMIT 1;
+---------------------+
| C1                  |
+---------------------+
| 2011-07-01 00:00:00 |
+---------------------+
1 row selected.
SQL> SELECT ADD_MONTHS(DATE '2011-01-01',26) FROM Test_Builtin_Function_2 LIMIT 1;
+---------------------+
| C1                  |
+---------------------+
| 2013-03-01 00:00:00 |
+---------------------+
1 row selected.
SQL> SELECT ADD_MONTHS(DATE '2011-01-01',0) FROM Test_Builtin_Function_2 LIMIT 1;
+---------------------+
| C1                  |
+---------------------+
| 2011-01-01 00:00:00 |
+---------------------+
1 row selected.
SQL> SELECT ADD_MONTHS(timestamp '2011-01-01 00:00:00',6) FROM Test_Builtin_Function_2 LIMIT 1;
+---------------------+
| C1                  |
+---------------------+
| 2011-07-01 00:00:00 |
+---------------------+
1 row selected.
SQL> SELECT ADD_MONTHS(timestamp '2011-01-01 00:00:00',26) FROM Test_Builtin_Function_2 LIMIT 1;
+---------------------+
| C1                  |
+---------------------+
| 2013-03-01 00:00:00 |
+---------------------+
1 row selected.
SQL> SELECT ADD_MONTHS(timestamp '2011-01-01 00:00:00',0) FROM Test_Builtin_Function_2 LIMIT 1;
+---------------------+
| C1                  |
+---------------------+
| 2011-01-01 00:00:00 |
+---------------------+
1 row selected.
SQL> SELECT ADD_MONTHS(timestamp '2011-01-01 21:01:33',-1) FROM Test_Builtin_Function_2 LIMIT 1;
+---------------------+
| C1                  |
+---------------------+
| 2010-12-01 00:00:00 |
+---------------------+
1 row selected.
SQL> SELECT ADD_MONTHS(timestamp '2011-01-01 00:00:00',1.1) FROM Test_Builtin_Function_2 LIMIT 1;
+---------------------+
| C1                  |
+---------------------+
| 2011-02-01 00:00:00 |
+---------------------+
1 row selected.
SQL> SELECT ADD_MONTHS(timestamp '2011-01-01 00:00:00',1.9) FROM Test_Builtin_Function_2 LIMIT 1;
+---------------------+
| C1                  |
+---------------------+
| 2011-02-01 00:00:00 |
+---------------------+
1 row selected.
SQL> SELECT ADD_MONTHS(timestamp '2011-01-01 00:00:00',abc) FROM Test_Builtin_Function_2 LIMIT 1;
java.sql.SQLSyntaxErrorException: user lacks privilege or object not found: ABC in statement [SELECT ADD_MONTHS(timestamp '2011-01-01 00:00:00',abc) FROM Test_Builtin_Function_2 LIMIT 1]
SQL> SELECT ADD_MONTHS(timestamp '2011-01-01 00:00:00',true) FROM Test_Builtin_Function_2 LIMIT 1;
java.sql.SQLException: Worker execution: ldb worker caused error: cannot resolve 'add_months(CAST(TIMESTAMP('2011-01-01 00:00:00.0') AS DATE), true)' due to data type mismatch: argument 2 requires int type, however, 'true' is of boolean type.;;
'GlobalLimit (0 + 1)
+- 'LocalLimit (0 + 1)
   +- 'Project [add_months(cast(1293811200000000 as date), true) AS C1#17540]
      +- Union
         :- Project [ID#84211 AS ID#17538, NAME#84212 AS NAME#17539]
         :  +- Relation[ID#84211,NAME#84212] parquet
         +- Project [ID#84215 AS ID#17538, NAME#84216 AS NAME#17539]
            +- Relation[ID#84215,NAME#84216] parquet

SQL> 
SQL> 
SQL> --CURRENT_DATE函数
SQL> SELECT '当前日期',CURRENT_DATE FROM Test_Builtin_Function_2 LIMIT 1;
+----------+-----------+
| C1       | C2        |
+----------+-----------+
| 当前日期 | 2020-7-16 |
+----------+-----------+
1 row selected.
SQL> 
SQL> 
SQL> --CURRENT_TIMESTAMP()函数
SQL> SELECT '当前时间',CURRENT_TIMESTAMP FROM Test_Builtin_Function_2 LIMIT 1;
+----------+-------------------------------+
| C1       | C2                            |
+----------+-------------------------------+
| 当前时间 | 2020-07-16T10:59:25.176+08:00 |
+----------+-------------------------------+
1 row selected.
SQL> SELECT '当前时间',CURRENT_TIMESTAMP(2) FROM Test_Builtin_Function_2 LIMIT 1;
java.sql.SQLSyntaxErrorException: unexpected token: ( in statement [SELECT '当前时间',CURRENT_TIMESTAMP(2) FROM Test_Builtin_Function_2 LIMIT 1]
SQL> 
SQL> 
SQL> --DATE_ADD()函数
SQL> SELECT DATE_ADD(DATE '2016-07-30', 1) FROM Test_Builtin_Function_2 LIMIT 1;
+-----------+
| C1        |
+-----------+
| 2016-7-31 |
+-----------+
1 row selected.
SQL> SELECT DATE_ADD(DATE '2016-04-30', 1) FROM Test_Builtin_Function_2 LIMIT 1;
+----------+
| C1       |
+----------+
| 2016-5-1 |
+----------+
1 row selected.
SQL> SELECT DATE_ADD(DATE '2016-05-01', -1) FROM Test_Builtin_Function_2 LIMIT 1;
+-----------+
| C1        |
+-----------+
| 2016-4-30 |
+-----------+
1 row selected.
SQL> SELECT DATE_ADD(DATE '2016-04-30', 0) FROM Test_Builtin_Function_2 LIMIT 1;
+-----------+
| C1        |
+-----------+
| 2016-4-30 |
+-----------+
1 row selected.
SQL> SELECT DATE_ADD('2016-04-30', 21) FROM Test_Builtin_Function_2 LIMIT 1;
+---------------------+
| C1                  |
+---------------------+
| 2016-05-21 00:00:00 |
+---------------------+
1 row selected.
SQL> SELECT DATE_ADD(timestamp '2016-04-30 12:21:22', 5) FROM Test_Builtin_Function_2 LIMIT 1;
+---------------------+
| C1                  |
+---------------------+
| 2016-05-05 00:00:00 |
+---------------------+
1 row selected.
SQL> SELECT DATE_ADD(timestamp '2016-04-30 12:21:22', -5) FROM Test_Builtin_Function_2 LIMIT 1;
+---------------------+
| C1                  |
+---------------------+
| 2016-04-25 00:00:00 |
+---------------------+
1 row selected.
SQL> SELECT DATE_ADD(timestamp '2016-04-30 12:21:22', 0) FROM Test_Builtin_Function_2 LIMIT 1;
+---------------------+
| C1                  |
+---------------------+
| 2016-04-30 00:00:00 |
+---------------------+
1 row selected.
SQL> SELECT DATE_ADD('2016-04-30 12:21:22', 5) FROM Test_Builtin_Function_2 LIMIT 1;
+---------------------+
| C1                  |
+---------------------+
| 2016-05-05 00:00:00 |
+---------------------+
1 row selected.
SQL> 
SQL> 
SQL> --date_format()函数
SQL> SELECT date_format('2018-09-01','MMDD') FROM Test_Builtin_Function_2 limit 1;
+------+
| C1   |
+------+
| 0901 |
+------+
1 row selected.
SQL> SELECT date_format('2018-09-01','MM') FROM Test_Builtin_Function_2 limit 1;
+----+
| C1 |
+----+
| 09 |
+----+
1 row selected.
SQL> SELECT date_format('2018-09-01','DD') FROM Test_Builtin_Function_2 limit 1;
+----+
| C1 |
+----+
| 01 |
+----+
1 row selected.
SQL> SELECT date_format('2018-09-01','YYYYMMDD') FROM Test_Builtin_Function_2 limit 1;
+----------+
| C1       |
+----------+
| 20180901 |
+----------+
1 row selected.
SQL> SELECT date_format('2018-09-01','YYYY-MM-DD') FROM Test_Builtin_Function_2 limit 1;
+------------+
| C1         |
+------------+
| 2018-09-01 |
+------------+
1 row selected.
SQL> SELECT date_format('2018-09-01','YYYY-DD-MM') FROM Test_Builtin_Function_2 limit 1;
+------------+
| C1         |
+------------+
| 2018-01-09 |
+------------+
1 row selected.
SQL> SELECT date_format('2018-09-01','YYYY-MM') FROM Test_Builtin_Function_2 limit 1;
+---------+
| C1      |
+---------+
| 2018-09 |
+---------+
1 row selected.
SQL> SELECT date_format('2018-09-01','YYYY-DD') FROM Test_Builtin_Function_2 limit 1;
+---------+
| C1      |
+---------+
| 2018-01 |
+---------+
1 row selected.
SQL> SELECT date_format('2018-09-01','YYYYMM') FROM Test_Builtin_Function_2 limit 1;
+--------+
| C1     |
+--------+
| 201809 |
+--------+
1 row selected.
SQL> SELECT date_format('2018-09-01','YYYYDD') FROM Test_Builtin_Function_2 limit 1;
+--------+
| C1     |
+--------+
| 201801 |
+--------+
1 row selected.
SQL> SELECT date_format('2018-09-01','YYYY') FROM Test_Builtin_Function_2 limit 1;
+------+
| C1   |
+------+
| 2018 |
+------+
1 row selected.
SQL> SELECT date_format('2018-09-01','YY') FROM Test_Builtin_Function_2 limit 1;
+----+
| C1 |
+----+
| 18 |
+----+
1 row selected.
SQL> SELECT date_format('2018-09-01','DDD') FROM Test_Builtin_Function_2 limit 1;
+-----+
| C1  |
+-----+
| 244 |
+-----+
1 row selected.
SQL> SELECT date_format('2018-09-01','YYYY-MM-DDD') FROM Test_Builtin_Function_2 limit 1;
+-------------+
| C1          |
+-------------+
| 2018-09-244 |
+-------------+
1 row selected.
SQL> SELECT date_format('2018-09-01','MM-DDD') FROM Test_Builtin_Function_2 limit 1;
+--------+
| C1     |
+--------+
| 09-244 |
+--------+
1 row selected.
SQL> SELECT date_format('2018-09-01','YYYY-MON-DD') FROM Test_Builtin_Function_2 limit 1;
+-------------+
| C1          |
+-------------+
| 2018-Sep-01 |
+-------------+
1 row selected.
SQL> SELECT date_format('2018-09-01','MON') FROM Test_Builtin_Function_2 limit 1;
+-----+
| C1  |
+-----+
| Sep |
+-----+
1 row selected.
SQL> SELECT date_format('2018-09-01','MONTH') FROM Test_Builtin_Function_2 limit 1;
+-----------+
| C1        |
+-----------+
| September |
+-----------+
1 row selected.
SQL> SELECT date_format('2018-09-01','YYYY-MONTH-DD') FROM Test_Builtin_Function_2 limit 1;
+-------------------+
| C1                |
+-------------------+
| 2018-September-01 |
+-------------------+
1 row selected.
SQL> SELECT  date_format('2018-11-22 11:12:13','YYYY-MM-DD HH:MI:SS') FROM Test_Builtin_Function_2 limit 1;
+---------------------+
| C1                  |
+---------------------+
| 2018-11-22 11:12:13 |
+---------------------+
1 row selected.
SQL> SELECT  date_format('2018-11-22 11:12:13','HH') FROM Test_Builtin_Function_2 limit 1;
+----+
| C1 |
+----+
| 11 |
+----+
1 row selected.
SQL> SELECT  date_format('2018-11-22 11:12:13','HH12') FROM Test_Builtin_Function_2 limit 1;
+----+
| C1 |
+----+
| 11 |
+----+
1 row selected.
SQL> SELECT  date_format('2018-11-22 11:12:13','MI') FROM Test_Builtin_Function_2 limit 1;
+----+
| C1 |
+----+
| 12 |
+----+
1 row selected.
SQL> SELECT  date_format('2018-11-22 11:12:13','SS') FROM Test_Builtin_Function_2 limit 1;
+----+
| C1 |
+----+
| 13 |
+----+
1 row selected.
SQL> SELECT  date_format('2018-11-22 11:12:13','YYYY-MM-DD HH:MI:SS') FROM Test_Builtin_Function_2 limit 1;
+---------------------+
| C1                  |
+---------------------+
| 2018-11-22 11:12:13 |
+---------------------+
1 row selected.
SQL> SELECT  date_format('2018-11-22 11:12:13','YYYY-MM-DD HH:MI') FROM Test_Builtin_Function_2 limit 1;
+------------------+
| C1               |
+------------------+
| 2018-11-22 11:12 |
+------------------+
1 row selected.
SQL> SELECT  date_format('2018-11-22 11:12:13','YYYY-MM-DD HH:SS') FROM Test_Builtin_Function_2 limit 1;
+------------------+
| C1               |
+------------------+
| 2018-11-22 11:13 |
+------------------+
1 row selected.
SQL> SELECT  date_format('2018-11-22 11:12:13','YYYY-MM-DD HH12') FROM Test_Builtin_Function_2 limit 1;
+---------------+
| C1            |
+---------------+
| 2018-11-22 11 |
+---------------+
1 row selected.
SQL> SELECT  date_format('2018-11-22 23:12:13','YYYY-MM-DD HH12') FROM Test_Builtin_Function_2 limit 1;
+---------------+
| C1            |
+---------------+
| 2018-11-22 11 |
+---------------+
1 row selected.
SQL> SELECT  date_format('2018-11-22 11:12:13','YYYY-MM-DD HH12:MI:SS') FROM Test_Builtin_Function_2 limit 1;
+---------------------+
| C1                  |
+---------------------+
| 2018-11-22 11:12:13 |
+---------------------+
1 row selected.
SQL> SELECT  date_format('2018-11-22 11:12:13','YYYY-MM-DD HH12:MI') FROM Test_Builtin_Function_2 limit 1;
+------------------+
| C1               |
+------------------+
| 2018-11-22 11:12 |
+------------------+
1 row selected.
SQL> SELECT  date_format('2018-11-22 11:12:13','YYYY-MM-DD HH12:SS') FROM Test_Builtin_Function_2 limit 1;
+------------------+
| C1               |
+------------------+
| 2018-11-22 11:13 |
+------------------+
1 row selected.
SQL> SELECT  date_format('2018-11-22 23:12:13','YYYY-MM-DD HH12:MI:SS') FROM Test_Builtin_Function_2 limit 1;
+---------------------+
| C1                  |
+---------------------+
| 2018-11-22 11:12:13 |
+---------------------+
1 row selected.
SQL> SELECT  date_format('2018-11-22 23:12:13','YYYY-MM-DD HH12:MI') FROM Test_Builtin_Function_2 limit 1;
+------------------+
| C1               |
+------------------+
| 2018-11-22 11:12 |
+------------------+
1 row selected.
SQL> SELECT  date_format('2018-11-22 23:12:13','YYYY-MM-DD HH12:SS') FROM Test_Builtin_Function_2 limit 1;
+------------------+
| C1               |
+------------------+
| 2018-11-22 11:13 |
+------------------+
1 row selected.
SQL> SELECT  date_format('2018-11-22 23:12:13','YYYY-MM-DD HH24:MI:SS') FROM Test_Builtin_Function_2 limit 1;
+---------------------+
| C1                  |
+---------------------+
| 2018-11-22 23:12:13 |
+---------------------+
1 row selected.
SQL> SELECT  date_format('2018-11-22 23:12:13','YYYY-MM-DD HH24:MI') FROM Test_Builtin_Function_2 limit 1;
+------------------+
| C1               |
+------------------+
| 2018-11-22 23:12 |
+------------------+
1 row selected.
SQL> SELECT  date_format('2018-11-22 23:12:13','YYYY-MM-DD HH24:SS') FROM Test_Builtin_Function_2 limit 1;
+------------------+
| C1               |
+------------------+
| 2018-11-22 23:13 |
+------------------+
1 row selected.
SQL> 
SQL> 
SQL> --DATE_SUB()函数
SQL> SELECT DATE_SUB('2018-11-22 23:12:13',0) FROM Test_Builtin_Function_2 limit 1;
+---------------------+
| C1                  |
+---------------------+
| 2018-11-22 00:00:00 |
+---------------------+
1 row selected.
SQL> SELECT DATE_SUB('2018-11-22 23:12:13',100) FROM Test_Builtin_Function_2 limit 1;
+---------------------+
| C1                  |
+---------------------+
| 2018-08-14 00:00:00 |
+---------------------+
1 row selected.
SQL> SELECT DATE_SUB(timestamp '2018-11-22 23:12:13',0) FROM Test_Builtin_Function_2 limit 1;
+---------------------+
| C1                  |
+---------------------+
| 2018-11-22 00:00:00 |
+---------------------+
1 row selected.
SQL> SELECT DATE_SUB('2018-11-22 23:12:13',0) FROM Test_Builtin_Function_2 limit 1;
+---------------------+
| C1                  |
+---------------------+
| 2018-11-22 00:00:00 |
+---------------------+
1 row selected.
SQL> SELECT date_sub(date '2016-07-30',1000) FROM Test_Builtin_Function_2 LIMIT 1;
+-----------+
| C1        |
+-----------+
| 2013-11-3 |
+-----------+
1 row selected.
SQL> SELECT date_sub(date '2016-07-30',-1000) FROM Test_Builtin_Function_2 LIMIT 1;
+-----------+
| C1        |
+-----------+
| 2019-4-26 |
+-----------+
1 row selected.
SQL> SELECT date_sub(date '2016-07-30',1.232) FROM Test_Builtin_Function_2 LIMIT 1;
+-----------+
| C1        |
+-----------+
| 2016-7-29 |
+-----------+
1 row selected.
SQL> SELECT DATE_SUB('2018-11-33',0) FROM Test_Builtin_Function_2 limit 1;
+--------+
| C1     |
+--------+
| <null> |
+--------+
1 row selected.
SQL> SELECT date_sub('2016-07-30',1000000000) FROM Test_Builtin_Function_2 LIMIT 1;
time data '2735836-10-03 00:00' does not match format '%Y-%m-%d %H:%M:%S'
SQL> SELECT date_sub('2016-07-30',-1000000000) FROM Test_Builtin_Function_2 LIMIT 1;
time data '2739923-08-03 00:00' does not match format '%Y-%m-%d %H:%M:%S'
SQL> 
SQL> --date_trunc()函数
SQL> SELECT date_trunc('2016-11-01 21:22:23', 'YYYY-MM-DD HH24:MI:SS') from Test_Builtin_Function_2 LIMIT 1;
+--------+
| C1     |
+--------+
| <null> |
+--------+
1 row selected.
SQL> SELECT date_trunc('2016-11-01 21:22:23', 'YYYY-MM-DD') from Test_Builtin_Function_2 LIMIT 1;
+--------+
| C1     |
+--------+
| <null> |
+--------+
1 row selected.
SQL> SELECT date_trunc('2016-11-01 21:22:23', 'HH24:MI:SS') from Test_Builtin_Function_2 LIMIT 1;
+--------+
| C1     |
+--------+
| <null> |
+--------+
1 row selected.
SQL> 
SQL> 
SQL> --datediff()函数
SQL> SELECT datediff('2016-11-01 21:22:23', '2016-11-23') from Test_Builtin_Function_2 LIMIT 1;
+-----+
| C1  |
+-----+
| -22 |
+-----+
1 row selected.
SQL> SELECT datediff('2018-11-01 21:22:23', '2016-11-23') from Test_Builtin_Function_2 LIMIT 1;
+-----+
| C1  |
+-----+
| 708 |
+-----+
1 row selected.
SQL> SELECT datediff('2016-11-01 21:22:23', '2016-11-01 21:25:23') from Test_Builtin_Function_2 LIMIT 1;
+----+
| C1 |
+----+
| 0  |
+----+
1 row selected.
SQL> --日期格式错误
SQL> SELECT datediff('2016-11-01 21:22:23', '2016-11-331 21:25:23') from Test_Builtin_Function_2 LIMIT 1;
+--------+
| C1     |
+--------+
| <null> |
+--------+
1 row selected.
SQL> 
SQL> 
SQL> --day()函数
SQL> SELECT day('2016-11-01 21:22:23') from Test_Builtin_Function_2 LIMIT 1;
java.sql.SQLSyntaxErrorException: incompatible data type in operation in statement [SELECT day('2016-11-01 21:22:23') from Test_Builtin_Function_2 LIMIT 1]
SQL> SELECT day('2016-11-29') from Test_Builtin_Function_2 LIMIT 1;
java.sql.SQLSyntaxErrorException: incompatible data type in operation in statement [SELECT day('2016-11-29') from Test_Builtin_Function_2 LIMIT 1]
SQL> 
SQL> 
SQL> --DAYOFMONTH()函数
SQL> SELECT DAYOFMONTH('2016-11-29') from Test_Builtin_Function_2 LIMIT 1;
java.sql.SQLSyntaxErrorException: incompatible data type in operation in statement [SELECT DAYOFMONTH('2016-11-29') from Test_Builtin_Function_2 LIMIT 1]
SQL> SELECT DAYOFMONTH('2016-11-29 00:00:00') from Test_Builtin_Function_2 LIMIT 1;
java.sql.SQLSyntaxErrorException: incompatible data type in operation in statement [SELECT DAYOFMONTH('2016-11-29 00:00:00') from Test_Builtin_Function_2 LIMIT 1]
SQL> SELECT DAYOFMONTH(timestamp '2016-11-29 00:00:00') from Test_Builtin_Function_2 LIMIT 1;
+----+
| C1 |
+----+
| 29 |
+----+
1 row selected.
SQL> 
SQL> 
SQL> --from_unixtime()函数
SQL> SELECT from_unixtime(0, 'yyyy-mm-dd hh24:mi:ss') FROM Test_Builtin_Function_2 LIMIT 1;
+---------------------+
| C1                  |
+---------------------+
| 1970-01-01 08:00:00 |
+---------------------+
1 row selected.
SQL> SELECT from_unixtime(192, 'yyyy-mm-dd hh24:mi:ss') FROM Test_Builtin_Function_2 LIMIT 1;
+---------------------+
| C1                  |
+---------------------+
| 1970-01-01 08:03:12 |
+---------------------+
1 row selected.
SQL> SELECT from_unixtime(1995-11-23, 'yyyy-mm-dd hh24:mi:ss') FROM Test_Builtin_Function_2 LIMIT 1;
+---------------------+
| C1                  |
+---------------------+
| 1970-01-01 08:32:41 |
+---------------------+
1 row selected.
SQL> SELECT from_unixtime(1995-11-23, 'yyyy-mm-dd') FROM Test_Builtin_Function_2 LIMIT 1;
+------------+
| C1         |
+------------+
| 1970-01-01 |
+------------+
1 row selected.
SQL> SELECT from_unixtime(1995-11-23, 'yyyymmdd') FROM Test_Builtin_Function_2 LIMIT 1;
+----------+
| C1       |
+----------+
| 19700101 |
+----------+
1 row selected.
SQL> 
SQL> 
SQL> --from_utc_timestamp()函数
SQL> SELECT from_utc_timestamp('2016-08-31 12:23:31', 'PST') FROM Test_Builtin_Function_2 LIMIT 1;
+---------------------+
| C1                  |
+---------------------+
| 2016-08-31 05:23:31 |
+---------------------+
1 row selected.
SQL> SELECT from_utc_timestamp('2016-08-31 12:23:31', 'PRC') FROM Test_Builtin_Function_2 LIMIT 1;
+---------------------+
| C1                  |
+---------------------+
| 2016-08-31 20:23:31 |
+---------------------+
1 row selected.
SQL> select from_utc_timestamp('1970-01-01 00:00:00','PRC') FROM Test_Builtin_Function_2 LIMIT 1;
+---------------------+
| C1                  |
+---------------------+
| 1970-01-01 08:00:00 |
+---------------------+
1 row selected.
SQL> select from_utc_timestamp('1970-01-01 00:00:00','PST') FROM Test_Builtin_Function_2 LIMIT 1;
+---------------------+
| C1                  |
+---------------------+
| 1969-12-31 16:00:00 |
+---------------------+
1 row selected.
SQL> select from_utc_timestamp('1970-01-01 00:00:00','CST') FROM Test_Builtin_Function_2 LIMIT 1;
+---------------------+
| C1                  |
+---------------------+
| 1969-12-31 18:00:00 |
+---------------------+
1 row selected.
SQL> select from_utc_timestamp('1970-01-01 00:00:00','EST') FROM Test_Builtin_Function_2 LIMIT 1;
+---------------------+
| C1                  |
+---------------------+
| 1969-12-31 19:00:00 |
+---------------------+
1 row selected.
SQL> select from_utc_timestamp('1970-01-01 00:00:00','DST') FROM Test_Builtin_Function_2 LIMIT 1;
+---------------------+
| C1                  |
+---------------------+
| 1970-01-01 00:00:00 |
+---------------------+
1 row selected.
SQL> 
SQL> 
SQL> --hour()函数
SQL> SELECT hour('2009-07-30 00:23:00') FROM Test_Builtin_Function_2 LIMIT 1;
java.sql.SQLSyntaxErrorException: incompatible data type in operation in statement [SELECT hour('2009-07-30 00:23:00') FROM Test_Builtin_Function_2 LIMIT 1]
SQL> SELECT hour(timestamp '2009-07-30 00:23:00') FROM Test_Builtin_Function_2 LIMIT 1;
+----+
| C1 |
+----+
| 0  |
+----+
1 row selected.
SQL> SELECT hour(timestamp '2009-07-30 24:23:00') FROM Test_Builtin_Function_2 LIMIT 1;
java.sql.SQLDataException: data exception: invalid datetime format in statement [SELECT hour(timestamp '2009-07-30 24:23:00') FROM Test_Builtin_Function_2 LIMIT 1]
SQL> 
SQL> 
SQL> --last_day()函数
SQL> SELECT last_day(date '2009-01-12') FROM Test_Builtin_Function_2 LIMIT 1;
+---------------------+
| C1                  |
+---------------------+
| 2009-01-31 00:00:00 |
+---------------------+
1 row selected.
SQL> SELECT last_day(timestamp '2009-01-12') FROM Test_Builtin_Function_2 LIMIT 1;
+---------------------+
| C1                  |
+---------------------+
| 2009-01-31 00:00:00 |
+---------------------+
1 row selected.
SQL> SELECT last_day('2008-02-22') FROM Test_Builtin_Function_2 LIMIT 1;
+---------------------+
| C1                  |
+---------------------+
| 2008-02-29 00:00:00 |
+---------------------+
1 row selected.
SQL> 
SQL> 
SQL> --minute()函数
SQL> SELECT minute(timestamp '2009-07-30 12:58:59') FROM Test_Builtin_Function_2 LIMIT 1;
+----+
| C1 |
+----+
| 58 |
+----+
1 row selected.
SQL> SELECT minute( '2009-07-30') FROM Test_Builtin_Function_2 LIMIT 1;
java.sql.SQLSyntaxErrorException: incompatible data type in operation in statement [SELECT minute( '2009-07-30') FROM Test_Builtin_Function_2 LIMIT 1]
SQL> SELECT minute(timestamp '2009-07-30 12:68:59') FROM Test_Builtin_Function_2 LIMIT 1;
java.sql.SQLDataException: data exception: invalid datetime format in statement [SELECT minute(timestamp '2009-07-30 12:68:59') FROM Test_Builtin_Function_2 LIMIT 1]
SQL> SELECT minute( '2009-07-30 12:58:59') FROM Test_Builtin_Function_2 LIMIT 1;
java.sql.SQLSyntaxErrorException: incompatible data type in operation in statement [SELECT minute( '2009-07-30 12:58:59') FROM Test_Builtin_Function_2 LIMIT 1]
SQL> 
SQL> 
SQL> --MONTH()函数
SQL> SELECT MONTH(timestamp '2009-07-30 12:28:59') FROM Test_Builtin_Function_2 LIMIT 1;
+----+
| C1 |
+----+
| 7  |
+----+
1 row selected.
SQL> SELECT MONTH(date '2009-07-30') FROM Test_Builtin_Function_2 LIMIT 1;
+----+
| C1 |
+----+
| 7  |
+----+
1 row selected.
SQL> SELECT MONTH(date '2009-07-30 12:28:59') FROM Test_Builtin_Function_2 LIMIT 1;
java.sql.SQLDataException: data exception: invalid datetime format in statement [SELECT MONTH(date '2009-07-30 12:28:59') FROM Test_Builtin_Function_2 LIMIT 1]
SQL> SELECT MONTH('2009-07-30 12:28:59') FROM Test_Builtin_Function_2 LIMIT 1;
java.sql.SQLSyntaxErrorException: incompatible data type in operation in statement [SELECT MONTH('2009-07-30 12:28:59') FROM Test_Builtin_Function_2 LIMIT 1]
SQL> SELECT MONTH('2009-07-30') FROM Test_Builtin_Function_2 LIMIT 1;
java.sql.SQLSyntaxErrorException: incompatible data type in operation in statement [SELECT MONTH('2009-07-30') FROM Test_Builtin_Function_2 LIMIT 1]
SQL> 
SQL> 
SQL> --months_BETWEEN()函数
SQL> SELECT months_BETWEEN(DATE '1997-02-28',DATE '1996-02-28') FROM Test_Builtin_Function_2 LIMIT 1;
+----+
| C1 |
+----+
| 12 |
+----+
1 row selected.
SQL> SELECT months_BETWEEN(timestamp '1997-02-28 11:11:11' ,DATE '1996-02-28') FROM Test_Builtin_Function_2 LIMIT 1;
+----+
| C1 |
+----+
| 12 |
+----+
1 row selected.
SQL> SELECT months_BETWEEN(timestamp '1997-02-28 11:11:11',timestamp '1997-02-28 11:11:10') FROM Test_Builtin_Function_2 LIMIT 1;
+----+
| C1 |
+----+
| 0  |
+----+
1 row selected.
SQL> SELECT months_BETWEEN('1997-02-28', '1996-02-28') FROM Test_Builtin_Function_2 LIMIT 1;
java.sql.SQLSyntaxErrorException: incompatible data type in operation in statement [SELECT months_BETWEEN('1997-02-28', '1996-02-28') FROM Test_Builtin_Function_2 LIMIT 1]
SQL> SELECT months_BETWEEN('1997-02-28 11:11:11','1997-02-28 11:11:10') FROM Test_Builtin_Function_2 LIMIT 1;
java.sql.SQLSyntaxErrorException: incompatible data type in operation in statement [SELECT months_BETWEEN('1997-02-28 11:11:11','1997-02-28 11:11:10') FROM Test_Builtin_Function_2 LIMIT 1]
SQL> 
SQL> 
SQL> --NEXT_DAY()函数
SQL> SELECT NEXT_DAY(DATE '2020-06-08', 'TU') FROM Test_Builtin_Function_2 LIMIT 1;
+---------------------+
| C1                  |
+---------------------+
| 2020-06-09 00:00:00 |
+---------------------+
1 row selected.
SQL> SELECT NEXT_DAY(DATE '2020-06-08', 'TU') FROM Test_Builtin_Function_2 LIMIT 1;
+---------------------+
| C1                  |
+---------------------+
| 2020-06-09 00:00:00 |
+---------------------+
1 row selected.
SQL> SELECT NEXT_DAY(DATE '2020-06-08', 'SUNDAY') FROM Test_Builtin_Function_2 LIMIT 1;
+---------------------+
| C1                  |
+---------------------+
| 2020-06-14 00:00:00 |
+---------------------+
1 row selected.
SQL> SELECT NEXT_DAY(DATE '2020-06-08', 'SUNDAY') FROM Test_Builtin_Function_2 LIMIT 1;
+---------------------+
| C1                  |
+---------------------+
| 2020-06-14 00:00:00 |
+---------------------+
1 row selected.
SQL> SELECT NEXT_DAY(DATE '2020-06-08', 'monday') FROM Test_Builtin_Function_2 LIMIT 1;
+---------------------+
| C1                  |
+---------------------+
| 2020-06-15 00:00:00 |
+---------------------+
1 row selected.
SQL> SELECT NEXT_DAY(DATE '2020-06-08', 'wednesday') FROM Test_Builtin_Function_2 LIMIT 1;
+---------------------+
| C1                  |
+---------------------+
| 2020-06-10 00:00:00 |
+---------------------+
1 row selected.
SQL> SELECT NEXT_DAY(DATE '2020-06-08', 'thursday') FROM Test_Builtin_Function_2 LIMIT 1;
+---------------------+
| C1                  |
+---------------------+
| 2020-06-11 00:00:00 |
+---------------------+
1 row selected.
SQL> SELECT NEXT_DAY(DATE '2020-06-08', 'saturday') FROM Test_Builtin_Function_2 LIMIT 1;
+---------------------+
| C1                  |
+---------------------+
| 2020-06-13 00:00:00 |
+---------------------+
1 row selected.
SQL> 
SQL> 
SQL> --second()函数
SQL> SELECT second('2009-07-30 12:58:59') FROM Test_Builtin_Function_2 LIMIT 1;
java.sql.SQLSyntaxErrorException: incompatible data type in operation in statement [SELECT second('2009-07-30 12:58:59') FROM Test_Builtin_Function_2 LIMIT 1]
SQL> SELECT second(date '2009-07-30') FROM Test_Builtin_Function_2 LIMIT 1;
java.sql.SQLSyntaxErrorException: incompatible data type in conversion in statement [SELECT second(date '2009-07-30') FROM Test_Builtin_Function_2 LIMIT 1]
SQL> SELECT second(timestamp '2009-07-30 12:58:44') FROM Test_Builtin_Function_2 LIMIT 1;
+----+
| C1 |
+----+
| 44 |
+----+
1 row selected.
SQL> 
SQL> 
SQL> --trunc()函数
SQL> SELECT trunc(date '2009-02-12', 'yyyy') FROM Test_Builtin_Function_2 LIMIT 1;
+----------+
| C1       |
+----------+
| 2009-1-1 |
+----------+
1 row selected.
SQL> SELECT trunc(date '2009-02-12', 'yy') FROM Test_Builtin_Function_2 LIMIT 1;
+----------+
| C1       |
+----------+
| 2009-1-1 |
+----------+
1 row selected.
SQL> SELECT trunc(date '2009-02-12', 'mon') FROM Test_Builtin_Function_2 LIMIT 1;
+----------+
| C1       |
+----------+
| 2009-2-1 |
+----------+
1 row selected.
SQL> SELECT trunc(date '2009-02-12', 'month') FROM Test_Builtin_Function_2 LIMIT 1;
+----------+
| C1       |
+----------+
| 2009-2-1 |
+----------+
1 row selected.
SQL> SELECT trunc(timestamp '2009-02-12 01:02:03', 'yyyy') FROM Test_Builtin_Function_2 LIMIT 1;
+---------------------+
| C1                  |
+---------------------+
| 2009-01-01 00:00:00 |
+---------------------+
1 row selected.
SQL> SELECT trunc(timestamp '2009-02-12 01:02:03', 'yy') FROM Test_Builtin_Function_2 LIMIT 1;
+---------------------+
| C1                  |
+---------------------+
| 2009-01-01 00:00:00 |
+---------------------+
1 row selected.
SQL> SELECT trunc(timestamp '2009-02-12 01:02:03', 'mon') FROM Test_Builtin_Function_2 LIMIT 1;
+---------------------+
| C1                  |
+---------------------+
| 2009-02-01 00:00:00 |
+---------------------+
1 row selected.
SQL> SELECT trunc(timestamp '2009-02-12 01:02:03', 'month') FROM Test_Builtin_Function_2 LIMIT 1;
+---------------------+
| C1                  |
+---------------------+
| 2009-02-01 00:00:00 |
+---------------------+
1 row selected.
SQL> SELECT trunc(date '2009-02-12', 'day') FROM Test_Builtin_Function_2 LIMIT 1;
+--------+
| C1     |
+--------+
| <null> |
+--------+
1 row selected.
SQL> SELECT trunc(timestamp '2009-02-12 00:02:33', 'day') FROM Test_Builtin_Function_2 LIMIT 1;
+--------+
| C1     |
+--------+
| <null> |
+--------+
1 row selected.
SQL> 
SQL> 
SQL> --unix_timestamp()函数
SQL> SELECT unix_timestamp(date '2019-02-22') FROM Test_Builtin_Function_2 LIMIT 1;
+------------+
| C1         |
+------------+
| 1550764800 |
+------------+
1 row selected.
SQL> SELECT unix_timestamp(date '2019-02-22','yyyymmdd') FROM Test_Builtin_Function_2 LIMIT 1;
+------------+
| C1         |
+------------+
| 1550764800 |
+------------+
1 row selected.
SQL> SELECT unix_timestamp(timestamp '2019-02-03 21:22:11') FROM Test_Builtin_Function_2 LIMIT 1;
+------------+
| C1         |
+------------+
| 1549200131 |
+------------+
1 row selected.
SQL> SELECT unix_timestamp(0) FROM Test_Builtin_Function_2 LIMIT 1;
java.sql.SQLSyntaxErrorException: incompatible data type in operation in statement [SELECT unix_timestamp(0) FROM Test_Builtin_Function_2 LIMIT 1]
SQL> SELECT unix_timestamp('2018-09-01') FROM Test_Builtin_Function_2 LIMIT 1;
java.sql.SQLSyntaxErrorException: incompatible data type in operation in statement [SELECT unix_timestamp('2018-09-01') FROM Test_Builtin_Function_2 LIMIT 1]
SQL> 
SQL> 
SQL> --weekofyear()函数
SQL> SELECT weekofyear('2008-02-20 00:00:21') FROM Test_Builtin_Function_2 LIMIT 1;
+----+
| C1 |
+----+
| 8  |
+----+
1 row selected.
SQL> SELECT weekofyear(timestamp '2008-02-20 00:00:21') FROM Test_Builtin_Function_2 LIMIT 1;
+----+
| C1 |
+----+
| 8  |
+----+
1 row selected.
SQL> SELECT weekofyear('2008-02-20') FROM Test_Builtin_Function_2 LIMIT 1;
+----+
| C1 |
+----+
| 8  |
+----+
1 row selected.
SQL> SELECT weekofyear(date '2008-02-20 00:00:21') FROM Test_Builtin_Function_2 LIMIT 1;
java.sql.SQLDataException: data exception: invalid datetime format in statement [SELECT weekofyear(date '2008-02-20 00:00:21') FROM Test_Builtin_Function_2 LIMIT 1]
SQL> 
SQL> 
SQL> --year()函数
SQL> SELECT year(date '2009-07-30') FROM Test_Builtin_Function_2 LIMIT 1;
+------+
| C1   |
+------+
| 2009 |
+------+
1 row selected.
SQL> SELECT year(timestamp '2019-07-30 12:28:29') FROM Test_Builtin_Function_2 LIMIT 1;
+------+
| C1   |
+------+
| 2019 |
+------+
1 row selected.
SQL> SELECT year('2009-07-30 12:21:11') FROM Test_Builtin_Function_2 LIMIT 1;
java.sql.SQLSyntaxErrorException: incompatible data type in operation in statement [SELECT year('2009-07-30 12:21:11') FROM Test_Builtin_Function_2 LIMIT 1]
SQL> SELECT year('2009-07-30') FROM Test_Builtin_Function_2 LIMIT 1;
java.sql.SQLSyntaxErrorException: incompatible data type in operation in statement [SELECT year('2009-07-30') FROM Test_Builtin_Function_2 LIMIT 1]
SQL> exit
Disconnected.
