SQLCli Release 0.0.64
SQL> connect admin/123456
Database connected.
SQL> start bigint/bigint.sql
SQL> -- Description：bigint data type
   > -- Date：2020-05-22
   > -- Author：李爱敏
SQL> set echo on
SQL> set timing on
Running time elapsed:      0.00 Seconds
SQL> 
SQL> -- bigint数据类型验证
   > -- 如果表已存在，则先删除
SQL> drop table T_TYPE_BIGINT if exists;
0 rows affected
Running time elapsed:      0.02 Seconds
SQL> 
SQL> -- 创建表T_TYPE_BIGINT
SQL> create table T_TYPE_BIGINT(
   > a1 bigint  
   > );
0 rows affected
Running time elapsed:      0.18 Seconds
SQL> 
SQL> -- 验证bigint类型最小值-9223372036854775808
SQL> insert into T_TYPE_BIGINT values(-9223372036854775808);
1 row affected
Running time elapsed:      0.53 Seconds
SQL> -- 查询表T_TYPE_BIGINT
SQL> select * from T_TYPE_BIGINT;
+----------------------+
| A1                   |
+----------------------+
| -9223372036854775808 |
+----------------------+
1 row selected.
Running time elapsed:      0.32 Seconds
SQL> 
SQL> -- 验证bigint类型最小值-1，是否报错
SQL> insert into T_TYPE_BIGINT values(-9223372036854775809);
1 row affected
Running time elapsed:      0.46 Seconds
SQL> -- 查询表T_TYPE_BIGINT
SQL> select * from T_TYPE_BIGINT;
+----------------------+
| A1                   |
+----------------------+
| 9223372036854775807  |
| -9223372036854775808 |
+----------------------+
2 rows selected.
Running time elapsed:      1.00 Seconds
SQL> 
SQL> -- 验证bigint类型最大值9223372036854775807
SQL> insert into T_TYPE_BIGINT values(9223372036854775807);
1 row affected
Running time elapsed:      0.49 Seconds
SQL> --查询表T_TYPE_BIGINT
SQL> select * from T_TYPE_BIGINT;
+----------------------+
| A1                   |
+----------------------+
| 9223372036854775807  |
| 9223372036854775807  |
| -9223372036854775808 |
+----------------------+
3 rows selected.
Running time elapsed:      0.75 Seconds
SQL> 
SQL> -- 验证bigint类型最大值+1，是否报错
SQL> insert into T_TYPE_BIGINT values(9223372036854775808);
1 row affected
Running time elapsed:      0.51 Seconds
SQL> -- 查询表T_TYPE_BIGINT
SQL> select * from T_TYPE_BIGINT;
+----------------------+
| A1                   |
+----------------------+
| -9223372036854775808 |
| 9223372036854775807  |
| 9223372036854775807  |
| -9223372036854775808 |
+----------------------+
4 rows selected.
Running time elapsed:      1.06 Seconds
SQL> 
SQL> -- 验证精度超出范围，四舍五入
SQL> insert into T_TYPE_BIGINT values(172.23);
1 row affected
Running time elapsed:      0.49 Seconds
SQL> -- 查询表T_TYPE_BIGINT
SQL> select * from T_TYPE_BIGINT;
+----------------------+
| A1                   |
+----------------------+
| 172                  |
| -9223372036854775808 |
| 9223372036854775807  |
| 9223372036854775807  |
| -9223372036854775808 |
+----------------------+
5 rows selected.
Running time elapsed:      1.34 Seconds
SQL> 
SQL> -- 验证插入double类型，数据在bigint范围内
SQL> insert into T_TYPE_BIGINT values(172.23);
1 row affected
Running time elapsed:      0.52 Seconds
SQL> -- 查询表T_TYPE_BIGINT
SQL> select * from T_TYPE_BIGINT;
+----------------------+
| A1                   |
+----------------------+
| 172                  |
| 172                  |
| -9223372036854775808 |
| 9223372036854775807  |
| 9223372036854775807  |
| -9223372036854775808 |
+----------------------+
6 rows selected.
Running time elapsed:      1.60 Seconds
SQL> 
SQL> -- 验证插入double类型，值已经超出bigint最大范围，是否报错
SQL> insert into T_TYPE_BIGINT values(9223372036854775890.231);
1 row affected
Running time elapsed:      0.57 Seconds
SQL> -- 查询表T_TYPE_BIGINT
SQL> select * from T_TYPE_BIGINT;
+----------------------+
| A1                   |
+----------------------+
| -9223372036854775726 |
| 172                  |
| 172                  |
| -9223372036854775808 |
| 9223372036854775807  |
| 9223372036854775807  |
| -9223372036854775808 |
+----------------------+
7 rows selected.
Running time elapsed:      2.13 Seconds
SQL> 
SQL> -- 验证插入double类型，值已经超出bigint最小范围，是否报错
SQL> insert into T_TYPE_BIGINT values(-9223372036854775890.231);
1 row affected
Running time elapsed:      0.47 Seconds
SQL> -- 查询表T_TYPE_BIGINT
SQL> select * from T_TYPE_BIGINT;
+----------------------+
| A1                   |
+----------------------+
| 9223372036854775726  |
| -9223372036854775726 |
| 172                  |
| 172                  |
| -9223372036854775808 |
| 9223372036854775807  |
| 9223372036854775807  |
| -9223372036854775808 |
+----------------------+
8 rows selected.
Running time elapsed:      2.02 Seconds
SQL> 
SQL> -- 验证插入varchar类型，插入数字'12345'
SQL> insert into T_TYPE_BIGINT values('1234');
1 row affected
Running time elapsed:      0.49 Seconds
SQL> -- 查询表T_TYPE_BIGINT
SQL> select * from T_TYPE_BIGINT;
+----------------------+
| A1                   |
+----------------------+
| 1234                 |
| 9223372036854775726  |
| -9223372036854775726 |
| 172                  |
| 172                  |
| -9223372036854775808 |
| 9223372036854775807  |
| 9223372036854775807  |
| -9223372036854775808 |
+----------------------+
9 rows selected.
Running time elapsed:      2.30 Seconds
SQL> 
SQL> -- 验证插入varchar类型，插入英文字母'AAbcd'
SQL> insert into T_TYPE_BIGINT values('AAbcd');
1 row affected
Running time elapsed:      0.46 Seconds
SQL> -- 查询表T_TYPE_BIGINT
SQL> select * from T_TYPE_BIGINT;
+----------------------+
| A1                   |
+----------------------+
| <null>               |
| 1234                 |
| 9223372036854775726  |
| -9223372036854775726 |
| 172                  |
| 172                  |
| -9223372036854775808 |
| 9223372036854775807  |
| 9223372036854775807  |
| -9223372036854775808 |
+----------------------+
10 rows selected.
Running time elapsed:      2.90 Seconds
SQL> 
SQL> -- 验证插入varchar类型，插入汉字'北京'
SQL> insert into T_TYPE_BIGINT values('北京');
1 row affected
Running time elapsed:      0.43 Seconds
SQL> -- 查询表T_TYPE_BIGINT
SQL> select * from T_TYPE_BIGINT;
+----------------------+
| A1                   |
+----------------------+
| <null>               |
| <null>               |
| 1234                 |
| 9223372036854775726  |
| -9223372036854775726 |
| 172                  |
| 172                  |
| -9223372036854775808 |
| 9223372036854775807  |
| 9223372036854775807  |
| -9223372036854775808 |
+----------------------+
11 rows selected.
Running time elapsed:      2.68 Seconds
SQL> 
SQL> -- 验证插入date类型，格式yyyy-mm-dd
SQL> insert into T_TYPE_BIGINT values(to_date('2020-05-08','yyyy-mm-dd'));
1 row affected
Running time elapsed:      0.56 Seconds
SQL> -- 查询表T_TYPE_BIGINT
SQL> select * from T_TYPE_BIGINT;
+----------------------+
| A1                   |
+----------------------+
| <null>               |
| <null>               |
| <null>               |
| 1234                 |
| 9223372036854775726  |
| -9223372036854775726 |
| 172                  |
| 172                  |
| -9223372036854775808 |
| 9223372036854775807  |
| 9223372036854775807  |
| -9223372036854775808 |
+----------------------+
12 rows selected.
Running time elapsed:      3.02 Seconds
SQL> 
SQL> -- 验证插入timestamp类型，格式yyyy-mm-dd hh24:mi:ss
SQL> insert into T_TYPE_BIGINT values(TO_TIMESTAMP('2020-05-08 12:19:01', 'yyyy-mm-dd hh24:mi:ss'));
1 row affected
Running time elapsed:      0.52 Seconds
SQL> -- 查询表T_TYPE_BIGINT
SQL> select * from T_TYPE_BIGINT;
+----------------------+
| A1                   |
+----------------------+
| 1588911541           |
| <null>               |
| <null>               |
| <null>               |
| 1234                 |
| 9223372036854775726  |
| -9223372036854775726 |
| 172                  |
| 172                  |
| -9223372036854775808 |
| 9223372036854775807  |
| 9223372036854775807  |
| -9223372036854775808 |
+----------------------+
13 rows selected.
Running time elapsed:      3.69 Seconds
SQL> 
SQL> -- 验证插入boolean类型，插入true
SQL> insert into T_TYPE_BIGINT values(true);
1 row affected
Running time elapsed:      0.54 Seconds
SQL> -- 查询表T_TYPE_BIGINT
SQL> select * from T_TYPE_BIGINT;
+----------------------+
| A1                   |
+----------------------+
| 1                    |
| 1588911541           |
| <null>               |
| <null>               |
| <null>               |
| 1234                 |
| 9223372036854775726  |
| -9223372036854775726 |
| 172                  |
| 172                  |
| -9223372036854775808 |
| 9223372036854775807  |
| 9223372036854775807  |
| -9223372036854775808 |
+----------------------+
14 rows selected.
Running time elapsed:      3.53 Seconds
SQL> 
SQL> -- 验证插入boolean类型，插入false
SQL> insert into T_TYPE_BIGINT values(false); 
1 row affected
Running time elapsed:      0.50 Seconds
SQL> -- 查询表T_TYPE_BIGINT
SQL> select * from T_TYPE_BIGINT; 
+----------------------+
| A1                   |
+----------------------+
| 0                    |
| 1                    |
| 1588911541           |
| <null>               |
| <null>               |
| <null>               |
| 1234                 |
| 9223372036854775726  |
| -9223372036854775726 |
| 172                  |
| 172                  |
| -9223372036854775808 |
| 9223372036854775807  |
| 9223372036854775807  |
| -9223372036854775808 |
+----------------------+
15 rows selected.
Running time elapsed:      3.93 Seconds
SQL> 
SQL> -- 验证插入空值''
SQL> insert into T_TYPE_BIGINT values('');     
1 row affected
Running time elapsed:      0.45 Seconds
SQL> -- 查询表T_TYPE_BIGINT
SQL> select * from T_TYPE_BIGINT;
+----------------------+
| A1                   |
+----------------------+
| <null>               |
| 0                    |
| 1                    |
| 1588911541           |
| <null>               |
| <null>               |
| <null>               |
| 1234                 |
| 9223372036854775726  |
| -9223372036854775726 |
| 172                  |
| 172                  |
| -9223372036854775808 |
| 9223372036854775807  |
| 9223372036854775807  |
| -9223372036854775808 |
+----------------------+
16 rows selected.
Running time elapsed:      4.47 Seconds
SQL> 
SQL> -- 验证插入空格' '
SQL> insert into T_TYPE_BIGINT values(' ');     
1 row affected
Running time elapsed:      0.55 Seconds
SQL> -- 查询表T_TYPE_BIGINT
SQL> select * from T_TYPE_BIGINT;
+----------------------+
| A1                   |
+----------------------+
| <null>               |
| <null>               |
| 0                    |
| 1                    |
| 1588911541           |
| <null>               |
| <null>               |
| <null>               |
| 1234                 |
| 9223372036854775726  |
| -9223372036854775726 |
| 172                  |
| 172                  |
| -9223372036854775808 |
| 9223372036854775807  |
| 9223372036854775807  |
| -9223372036854775808 |
+----------------------+
17 rows selected.
Running time elapsed:      4.47 Seconds
SQL> 
SQL> -- 验证插入null
SQL> insert into T_TYPE_BIGINT values(null);  
1 row affected
Running time elapsed:      0.51 Seconds
SQL> -- 查询表T_TYPE_BIGINT
SQL> select * from T_TYPE_BIGINT;  
+----------------------+
| A1                   |
+----------------------+
| <null>               |
| <null>               |
| <null>               |
| 0                    |
| 1                    |
| 1588911541           |
| <null>               |
| <null>               |
| <null>               |
| 1234                 |
| 9223372036854775726  |
| -9223372036854775726 |
| 172                  |
| 172                  |
| -9223372036854775808 |
| 9223372036854775807  |
| 9223372036854775807  |
| -9223372036854775808 |
+----------------------+
18 rows selected.
Running time elapsed:      4.97 Seconds
SQL> 
SQL> -- 验证插入NULL
SQL> insert into T_TYPE_BIGINT values(NULL);  
1 row affected
Running time elapsed:      0.56 Seconds
SQL> -- 查询表T_TYPE_BIGINT
SQL> select * from T_TYPE_BIGINT;
+----------------------+
| A1                   |
+----------------------+
| <null>               |
| <null>               |
| <null>               |
| <null>               |
| 0                    |
| 1                    |
| 1588911541           |
| <null>               |
| <null>               |
| <null>               |
| 1234                 |
| 9223372036854775726  |
| -9223372036854775726 |
| 172                  |
| 172                  |
| -9223372036854775808 |
| 9223372036854775807  |
| 9223372036854775807  |
| -9223372036854775808 |
+----------------------+
19 rows selected.
Running time elapsed:      5.28 Seconds
SQL> 
SQL> 
SQL> -- 最后删除创建的表
SQL> drop table T_TYPE_BIGINT if exists;
0 rows affected
Running time elapsed:      0.59 Seconds
Running time elapsed:     61.89 Seconds
SQL> exit
Disconnected.
