SQLCli Release 0.0.70
SQL> connect admin/123456
Database connected.
SQL> start external_table_basic_type_hdfs_orc_int.sql
SQL> --    Description: int边界值测试,int的数值范围是-2,147,483,648/2,147,483,647
   > --    Date:         2020-05-28
   > --    Author:       丁婷
   > --    hdfs external orc格式
SQL> set echo on
SQL> 
SQL> 
SQL> -- 测试int边界值±1，超过int范围的double,以及超出int范围的varchar类型数字
SQL> drop table if exists t_external_hdfs_orc_int_001;
0 rows affected
SQL> drop table if exists t_external_hdfs_orc_int_002;
0 rows affected
SQL> CREATE EXTERNAL TABLE t_external_hdfs_orc_int_001(
   > a1 int,
   > a2 int,
   > a3 int,
   > a4 int
   > )
   > LOCATION ('hdfs://node73:8020/user/testdb73/external_file/type_orc/int1') FORMAT 'orc';
0 rows affected
SQL> select * from t_external_hdfs_orc_int_001;
+------------+-------------+------------+--------+
| A1         | A2          | A3         | A4     |
+------------+-------------+------------+--------+
| 2147483647 | -2147483648 | 2147483647 | <null> |
+------------+-------------+------------+--------+
1 row selected.
SQL> 
SQL> 
SQL> -- 测试int的varchar，date,timestamp,boolean以及''等异常值
SQL> CREATE EXTERNAL TABLE t_external_hdfs_orc_int_002(
   > a1 int,
   > a2 int,
   > a3 int,
   > a4 int,
   > a5 int,
   > a6 int,
   > a7 int,
   > a8 int,
   > a9 int,
   > a10 int,
   > a11 int,
   > a12 int,
   > a13 int
   > )
   > LOCATION ('hdfs://node73:8020/user/testdb73/external_file/type_orc/common1') FORMAT 'orc';
0 rows affected
SQL> select * from t_external_hdfs_orc_int_002;
+--------+--------+--------+--------+--------+--------+--------+--------+--------+--------+------------+-----+-----+
| A1     | A2     | A3     | A4     | A5     | A6     | A7     | A8     | A9     | A10    | A11        | A12 | A13 |
+--------+--------+--------+--------+--------+--------+--------+--------+--------+--------+------------+-----+-----+
| <null> | <null> | <null> | <null> | <null> | <null> | <null> | <null> | <null> | <null> | 1588911541 | 1   | 0   |
+--------+--------+--------+--------+--------+--------+--------+--------+--------+--------+------------+-----+-----+
1 row selected.
SQL> exit
Disconnected.
