SQLCli Release 0.0.68
SQL> loaddriver C:\Users\耿晨雨\Desktop\linkoopdb-jdbc-2.2.3.jar
Driver loaded.
SQL> connect admin/123456
Database connected.
SQL> start CORE 系统信息schema/F021-03 VIEWS view.sql
SQL> drop view t_view IF  EXISTS;
java.sql.SQLSyntaxErrorException: dependent objects exist: PUBLIC.V2 in statement [drop view t_view IF  EXISTS]
SQL> drop table t_view_tab IF  EXISTS;
0 rows affected
SQL> create table IF NOT EXISTS t_view_tab(col1 int,col2 varchar(50),col3 date,col4 double);
0 rows affected
SQL> insert into t_view_tab values (1,'zhangsan','2020-01-01',1.2);
1 row affected
SQL> insert into t_view_tab values (2,'lisi','2020-02-01',2.2);
1 row affected
SQL> insert into t_view_tab values (3,'wangwu','2020-03-01',3.2);
1 row affected
SQL> insert into t_view_tab values (4,'zhaoliu','2020-04-01',4.2);
1 row affected
SQL> insert into t_view_tab values (5,'tianqi','2020-05-01',5.2);
1 row affected
SQL> select * from t_view_tab order by col1;
+------+----------+----------+------+
| COL1 | COL2     | COL3     | COL4 |
+------+----------+----------+------+
| 1    | zhangsan | 2020-1-1 | 1.2  |
| 2    | lisi     | 2020-2-1 | 2.2  |
| 3    | wangwu   | 2020-3-1 | 3.2  |
| 4    | zhaoliu  | 2020-4-1 | 4.2  |
| 5    | tianqi   | 2020-5-1 | 5.2  |
+------+----------+----------+------+
5 rows selected.
SQL> create view t_view as select * from t_view_tab order by col1;
java.sql.SQLSyntaxErrorException: object name already exists: T_VIEW in statement [create view t_view as select * from t_view_tab order by col1]
SQL> select * from t_view;
+-------+-------+----------+------+------------+------+--------+--------+
| EMPNO | ENAME | JOB      | MGR  | HIREDATE   | SAL  | COMM   | DEPTNO |
+-------+-------+----------+------+------------+------+--------+--------+
| 7521  | WARD  | SALESMAN | 7698 | 1981-2-2   | 1250 | 500    | 30     |
| 7499  | ALLEN | SALESMAN | 7698 | 1981-2-20  | 1600 | 300    | 30     |
| 7369  | SMITH | CLERK    | 7902 | 1980-12-17 | 800  | <null> | 20     |
+-------+-------+----------+------+------------+------+--------+--------+
3 rows selected.
SQL> exit
Disconnected.
