SQLCli Release 0.0.68
SQL> loaddriver C:\Users\耿晨雨\Desktop\linkoopdb-jdbc-2.2.3.jar
Driver loaded.
SQL> connect admin/123456
Database connected.
SQL> start CORE_基本schema管理/F031-19 REVOKE statement.sql
SQL> -- 创建用户
SQL> drop user user cascade;
java.sql.SQLSyntaxErrorException: cannot drop a user that is currently connected in statement [drop user user cascade]
SQL> 
SQL> -- 清空环境
SQL> drop table test.t_REVOKE  IF  EXISTS;
0 rows affected
SQL> 
SQL> -- 创建用户
SQL> create user user password '123456';
java.sql.SQLSyntaxErrorException: object name already exists: schema USER exists already when initialize the same name schema for user! in statement [create user user password '123456']
SQL> 
SQL> -- 授予CHANGE_AUTHORIZATION权限
SQL> GRANT CHANGE_AUTHORIZATION TO user;
java.sql.SQLException: invalid role specification: USER in statement [GRANT CHANGE_AUTHORIZATION TO user]
SQL> 
SQL> -- 创建库
SQL> create schema test;
java.sql.SQLSyntaxErrorException: object name already exists: TEST in statement [create schema test]
SQL> 
SQL> -- 创建表
SQL> CREATE TABLE IF NOT EXISTS test.t_REVOKE (
   > EMPNO INT,
   > ENAME VARCHAR(20),
   > JOB VARCHAR(20),
   > MGR INT,
   > HIREDATE DATE,
   > SAL INT,
   > COMM INT,
   > DEPTNO INT);
0 rows affected
SQL> 
SQL> -- 插入数据
SQL> INSERT INTO test.t_REVOKE VALUES (7369,'SMITH','CLERK',7902,TO_DATE('1980-12-17','yyyy-mm-dd'),800,NULL,20);
1 row affected
SQL> INSERT INTO test.t_REVOKE VALUES (7499,'ALLEN','SALESMAN',7698,TO_DATE('1981-2-20','yyyy-mm-dd'),1600,300,30);
1 row affected
SQL> INSERT INTO test.t_REVOKE VALUES (7521,'WARD','SALESMAN',7698,TO_DATE('1981-2-2','yyyy-mm-dd'),1250,500,30);
1 row affected
SQL> GRANT SELECT ON test.t_REVOKE TO user;
java.sql.SQLException: Access is denied: cycle grant privilege! in statement [GRANT SELECT ON test.t_REVOKE TO user]
SQL> connect user/123456;
Database connected.
SQL> select * from test.t_REVOKE order by empno;
+-------+-------+----------+------+------------+------+--------+--------+
| EMPNO | ENAME | JOB      | MGR  | HIREDATE   | SAL  | COMM   | DEPTNO |
+-------+-------+----------+------+------------+------+--------+--------+
| 7369  | SMITH | CLERK    | 7902 | 1980-12-17 | 800  | <null> | 20     |
| 7499  | ALLEN | SALESMAN | 7698 | 1981-2-20  | 1600 | 300    | 30     |
| 7521  | WARD  | SALESMAN | 7698 | 1981-2-2   | 1250 | 500    | 30     |
+-------+-------+----------+------+------------+------+--------+--------+
3 rows selected.
SQL> connect admin/123456;
Database connected.
SQL> REVOKE SELECT ON test.t_REVOKE FROM user RESTRICT;
0 rows affected
SQL> connect user/123456;
Database connected.
SQL> select * from test.t_REVOKE order by empno;
+-------+-------+----------+------+------------+------+--------+--------+
| EMPNO | ENAME | JOB      | MGR  | HIREDATE   | SAL  | COMM   | DEPTNO |
+-------+-------+----------+------+------------+------+--------+--------+
| 7369  | SMITH | CLERK    | 7902 | 1980-12-17 | 800  | <null> | 20     |
| 7499  | ALLEN | SALESMAN | 7698 | 1981-2-20  | 1600 | 300    | 30     |
| 7521  | WARD  | SALESMAN | 7698 | 1981-2-2   | 1250 | 500    | 30     |
+-------+-------+----------+------+------------+------+--------+--------+
3 rows selected.
SQL> exit
Disconnected.
