SQLCli Release 0.0.64
SQL> connect admin/123456
Database connected.
SQL> start LDBX022-08 create external table by parquet_hive.sql
SQL> set echo on
SQL>
SQL> drop table t_external_parquet  IF  EXISTS;
0 rows affected
SQL> drop table t_external_hive  IF  EXISTS;
0 rows affected
SQL> drop table t_external_mysql  IF  EXISTS;
0 rows affected
SQL> CREATE EXTERNAL TABLE t_external_parquet BY PARQUET('location':'hdfs://node73:8020/node74/stream74/linkoopdb/data/parquet');
0 rows affected
SQL> select * from t_external_parquet order by id;
+----+-------+-----+--------+---------------------+
| ID | NAME  | AGE | SALARY | TIME1               |
+----+-------+-----+--------+---------------------+
| 1  | mary1 | 29  | 8200   | 2020-02-17 10:20:20 |
| 2  | mary1 | 23  | 8300   | 2020-02-17 11:10:02 |
| 3  | mary2 | 33  | 8400   | 2020-02-17 11:12:09 |
| 4  | mary2 | 25  | 8500   | 2020-02-17 12:50:09 |
| 5  | mary2 | 39  | 8600   | 2020-02-17 13:21:49 |
| 5  | mary2 | 39  | 8600   | 2020-02-17 17:21:49 |
| 5  | mary2 | 39  | 8600   | 2020-02-17 13:20:49 |
| 6  | mary2 | 33  | 8700   | 2020-02-17 14:20:49 |
| 7  | mary2 | 32  | 8800   | 2020-02-17 15:20:49 |
| 7  | mary2 | 33  | 8800   | 2020-02-17 16:20:49 |
+----+-------+-----+--------+---------------------+
10 rows selected.
SQL> CREATE EXTERNAL TABLE t_external_hive BY HIVE('table':'studio_test.TEST_TAB');
0 rows affected
SQL> select * from t_external_hive order by id;
+----+----------+
| ID | NAME     |
+----+----------+
| 1  | zhangsan |
+----+----------+
1 row selected.
SQL> CREATE EXTERNAL TABLE t_external_mysql BY
   > jdbc('table':'EMP',
   > 'driver':'com.mysql.jdbc.Driver',
   > 'url':'jdbc:mysql://192.168.1.72:3306/studio_test',
   > 'user':'test',
   > 'password':'123456');
0 rows affected
SQL> select * from t_external_mysql order by empno;
+-------+--------+-----------+--------+------------+------+--------+--------+
| EMPNO | ENAME  | JOB       | MGR    | HIREDATE   | SAL  | COMM   | DEPTNO |
+-------+--------+-----------+--------+------------+------+--------+--------+
| 7521  | WARD   | SALESMAN  | 7698   | 1981-2-2   | 1250 | 500    | 30     |
| 7566  | JONES  | MANAGER   | 7839   | 1981-4-2   | 2975 | <null> | 20     |
| 7654  | MARTIN | SALESMAN  | 7698   | 1981-9-28  | 1250 | 1400   | 30     |
| 7698  | BLAKE  | MANAGER   | 7839   | 1981-5-1   | 2850 | <null> | 30     |
| 7782  | CLARK  | MANAGER   | 7839   | 1981-6-9   | 2450 | <null> | 10     |
| 7839  | KING   | PRESIDENT | <null> | 1981-11-17 | 5000 | <null> | 10     |
| 7844  | TURNER | SALESMAN  | 7698   | 1981-9-8   | 1500 | 0      | 30     |
| 7900  | JAMES  | CLERK     | 7698   | 1981-12-3  | 950  | <null> | 30     |
| 7902  | FORD   | ANALYST   | 7566   | 1981-12-3  | 3000 | <null> | 20     |
| 7934  | MILLER | CLERK     | 7782   | 1982-1-23  | 1300 | <null> | 10     |
+-------+--------+-----------+--------+------------+------+--------+--------+
10 rows selected.
SQL> exit
Disconnected.
