SQLCli Release 0.0.64
SQL> connect admin/123456
Database connected.
SQL> start LDBX022-07 alter external table statement.sql
SQL> drop table t_alter_parquet  IF  EXISTS;
0 rows affected
SQL> CREATE EXTERNAL TABLE t_alter_parquet BY PARQUET('location':'hdfs://node73:8020/node74/stream74/linkoopdb/data/parquet');
0 rows affected
SQL> select * from t_alter_parquet order by id;
+----+-------+-----+--------+---------------------+
| ID | NAME  | AGE | SALARY | TIME1               |
+----+-------+-----+--------+---------------------+
| 1  | mary1 | 29  | 8200   | 2020-02-17 10:20:20 |
| 2  | mary1 | 23  | 8300   | 2020-02-17 11:10:02 |
| 3  | mary2 | 33  | 8400   | 2020-02-17 11:12:09 |
| 4  | mary2 | 25  | 8500   | 2020-02-17 12:50:09 |
| 5  | mary2 | 39  | 8600   | 2020-02-17 13:21:49 |
| 5  | mary2 | 39  | 8600   | 2020-02-17 17:21:49 |
| 5  | mary2 | 39  | 8600   | 2020-02-17 13:20:49 |
| 6  | mary2 | 33  | 8700   | 2020-02-17 14:20:49 |
| 7  | mary2 | 32  | 8800   | 2020-02-17 15:20:49 |
| 7  | mary2 | 33  | 8800   | 2020-02-17 16:20:49 |
+----+-------+-----+--------+---------------------+
10 rows selected.
SQL> ALTER TABLE PUBLIC.t_alter_parquet AS ("I_ITEM_SK" INTEGER , "I_ITEM_ID" VARCHAR(32768) , "I_CURRENT_PRICE" VARCHAR(32768)) LOCATION ('hdfs://node73:8020/node74/stream74/linkoopdb/data/parquet1') FORMAT 'parquet';
0 rows affected
SQL> select * from t_alter_parquet order by I_ITEM_SK;
+-----------+-----------+-----------------+
| I_ITEM_SK | I_ITEM_ID | I_CURRENT_PRICE |
+-----------+-----------+-----------------+
| 1         | item1     | 121             |
| 2         | item2     | 122             |
| 3         | item3     | 123             |
| 4         | item4     | 124             |
| 5         | item5     | 125             |
| 6         | item6     | 126             |
| 7         | item7     | 127             |
| 8         | item8     | 128             |
| 9         | item9     | 129             |
| 10        | item10    | 1210            |
| 11        | item11    | 1211            |
| 12        | item12    | 1212            |
| 13        | item13    | 1213            |
| 14        | item14    | 1214            |
| 15        | item15    | 1215            |
| 16        | item16    | 1216            |
| 17        | item17    | 1217            |
| 18        | item18    | 1218            |
| 19        | item19    | 1219            |
| 20        | item20    | 1220            |
| 21        | item21    | 1221            |
| 22        | item22    | 1222            |
| 23        | item23    | 1223            |
| 24        | item24    | 1224            |
| 25        | item25    | 1225            |
| 26        | item26    | 1226            |
| 27        | item27    | 1227            |
| 28        | item28    | 1228            |
| 29        | item29    | 1229            |
| 30        | item30    | 1230            |
+-----------+-----------+-----------------+
30 rows selected.
SQL> exit
Disconnected.
