SQLCli Release 0.0.64
SQL> start pallas_join.sql
SQL> --Description:join
   > --Date：2020-05-08
   > --Author：贾路遥
SQL> connect admin/123456
Database connected.
SQL> set timing on
Running time elapsed:      0.00 Seconds
SQL> set ECHO ON
Running time elapsed:      0.00 Seconds
SQL> set WHENEVER_SQLERROR CONTINUE
Running time elapsed:      0.00 Seconds
SQL> set termout off
Running time elapsed:      0.00 Seconds
SQL> 
SQL> 
SQL> 
SQL> --以下为两表进行inner join的测试用例
   > --单个等值join
   > --两表join,单个等值join,join字段类型为BIGINT
SQL> SELECT A.*,B.* FROM P1000 A JOIN P5000 B ON A.TUNIQUE=B.TUNIQUE   limit 100;
100 rows selected.
Running time elapsed:     14.19 Seconds
SQL> 
SQL> --两表join,单个等值join,join字段类型为DOUBLE
SQL> SELECT A.*,B.* FROM P1000 A JOIN P5000 B ON A.TDOUBLE=B.TDOUBLE  limit 100;
100 rows selected.
Running time elapsed:     18.92 Seconds
SQL> 
SQL> --两表join,单个等值join,join字段类型为DATE
SQL> SELECT A.*,B.* FROM P1000 A JOIN P5000 B ON A.TDATE=B.TDATE  limit 100;
100 rows selected.
Running time elapsed:     14.84 Seconds
SQL> 
SQL> --两表join,单个等值join,join字段类型为VARCHAR
SQL> SELECT A.*,B.* FROM P1000 A JOIN P5000 B ON A.TVARCHAR=B.TVARCHAR  limit 100;
100 rows selected.
Running time elapsed:     21.60 Seconds
SQL> 
SQL> --两表join,单个等值join,join字段类型为SMALLINT
SQL> SELECT A.*,B.* FROM P1000 A JOIN P5000 B ON A.TSMALLINT=B.TSMALLINT  limit 100;
100 rows selected.
Running time elapsed:     17.30 Seconds
SQL> 
SQL> --两表join,单个等值join,join字段类型为INTEGER
SQL> SELECT A.*,B.* FROM P1000 A JOIN P5000 B ON A.TINTEGER=B.TINTEGER  limit 100;
100 rows selected.
Running time elapsed:     14.95 Seconds
SQL> 
SQL> --两表join,单个等值join,join字段类型为REAL
SQL> SELECT A.*,B.* FROM P1000 A JOIN P5000 B ON A.TREAL=B.TREAL  limit 100;
100 rows selected.
Running time elapsed:     17.15 Seconds
SQL> 
SQL> --两表join,单个等值join,join字段类型为TFLOAT
SQL> SELECT A.*,B.* FROM P1000 A JOIN P5000 B ON A.TFLOAT=B.TFLOAT  limit 100;
100 rows selected.
Running time elapsed:     20.02 Seconds
SQL> 
SQL> --两表join,单个等值join,join字段类型为DECIMAL
SQL> SELECT A.*,B.* FROM P1000 A JOIN P5000 B ON A.TDECIMAL=B.TDECIMAL  limit 100;
100 rows selected.
Running time elapsed:     26.92 Seconds
SQL> 
SQL> --两表join,单个等值join,join字段类型为NUMERIC
SQL> SELECT A.*,B.* FROM P1000 A JOIN P5000 B ON A.TNUMERIC=B.TNUMERIC  limit 100;
100 rows selected.
Running time elapsed:     16.24 Seconds
SQL> 
SQL> --两表join,单个等值join,join字段类型为TIMESTAMP
SQL> SELECT A.*,B.* FROM P1000 A JOIN P5000 B ON A.TTIMESTAMP=B.TTIMESTAMP  limit 100;
100 rows selected.
Running time elapsed:     13.58 Seconds
SQL> 
SQL> --两表join,单个等值join,join字段类型为BOOLEAN
   > --SELECT A.*,B.* FROM P1000 A JOIN P5000 B ON A.TBOOL=B.TBOOL  limit 100;
   > 
   > --两表join,单个等值join,join字段类型为CHAR
SQL> SELECT A.*,B.* FROM P1000 A JOIN P5000 B ON A.TCHAR=B.TCHAR  limit 100;
100 rows selected.
Running time elapsed:     23.71 Seconds
SQL> 
SQL> --两表join,单个等值join,join字段类型为VARCHAR
SQL> SELECT A.*,B.* FROM P1000 A JOIN P5000 B ON A.TVARCHAR=B.TVARCHAR  limit 100;
100 rows selected.
Running time elapsed:     17.55 Seconds
SQL> 
SQL> --多个等值join
   > --两表join,多个等值join组合,无过滤条件，包含DDL中所有字段,字段类型包含BIGINT,SMALLINT,INTEGER,REAL,DOUBLE,FLOAT,DECIMAL,NUMERIC,DATE,TIMESTAMP,BOOLEAN,CHAR,VARCHAR
SQL> SELECT A.*,B.* 
   > 	FROM P1000 A 
   > 	JOIN P5000 B 
   > 	  ON A.TUNIQUE=B.TUNIQUE AND A.TSMALLINT=B.TSMALLINT AND A.TINTEGER=B.TINTEGER AND A.TBIGINT=B.TBIGINT 
   > 	    AND A.TREAL=B.TREAL AND A.TDOUBLE=B.TDOUBLE AND A.TFLOAT=B.TFLOAT AND A.TDECIMAL=B.TDECIMAL AND A.TNUMERIC=B.TNUMERIC AND A.TDATE=B.TDATE AND A.TTIMESTAMP=B.TTIMESTAMP AND A.TBOOL=B.TBOOL AND A.TCHAR=B.TCHAR AND A.TVARCHAR=B.TVARCHAR
   > 		AND A.TCHARIDX1=B.TCHARIDX1 AND A.TCHARIDX2=B.TCHARIDX2 AND A.TCHARIDX3=B.TCHARIDX3 AND A.TVARCHARIDX1=B.TVARCHARIDX1 AND A.TVARCHARIDX2=B.TVARCHARIDX2 AND A.TVARCHARIDX3=B.TVARCHARIDX3 limit 100;
100 rows selected.
Running time elapsed:     29.94 Seconds
SQL> 	
SQL> --两表join,多个等值join组合,3条过滤条件，过滤条件类型包括smallint,boolean,varchar,包含DDL中所有字段,字段类型包含BIGINT,SMALLINT,INTEGER,REAL,DOUBLE,FLOAT,DECIMAL,NUMERIC,DATE,TIMESTAMP,BOOLEAN,CHAR,VARCHAR
SQL> SELECT A.*,B.* FROM P1000 A 
   > 	JOIN P5000 B 
   > 	  ON A.TUNIQUE=B.TUNIQUE AND A.TSMALLINT=B.TSMALLINT AND A.TINTEGER=B.TINTEGER AND A.TBIGINT=B.TBIGINT
   > 		AND A.TREAL=B.TREAL AND A.TDOUBLE=B.TDOUBLE AND A.TFLOAT=B.TFLOAT AND A.TDECIMAL=B.TDECIMAL AND A.TNUMERIC=B.TNUMERIC AND A.TDATE=B.TDATE AND A.TTIMESTAMP=B.TTIMESTAMP AND A.TBOOL=B.TBOOL AND A.TCHAR=B.TCHAR AND A.TVARCHAR=B.TVARCHAR
   > 		AND A.TCHARIDX1=B.TCHARIDX1 AND A.TCHARIDX2=B.TCHARIDX2 AND A.TCHARIDX3=B.TCHARIDX3 AND A.TVARCHARIDX1=B.TVARCHARIDX1 AND A.TVARCHARIDX2=B.TVARCHARIDX2 AND A.TVARCHARIDX3=B.TVARCHARIDX3
   > 	WHERE A.TSMALLINT BETWEEN 1 AND 1000
   > 	  AND B.TBOOL=TRUE
   > 	  AND A.TVARCHARIDX2 LIKE '%A%' limit 100;
java.sql.SQLException: Worker execution: ldb worker caused error: Job aborted due to stage failure: Task 201 in stage 568.0 failed 4 times, most recent failure: Lost task 201.3 in stage 568.0 (TID 64152, node63, executor 14): io.grpc.StatusRuntimeException: UNAVAILABLE: io exception
	at io.grpc.Status.asRuntimeException(Status.java:526)
	at io.grpc.stub.ClientCalls$BlockingResponseStream.hasNext(ClientCalls.java:557)
	at com.datapps.linkoopdb.worker.spark.external.pallas.source.PallasInputPartitionReader.next(PallasInputPartitionReader.java:88)
	at org.apache.spark.sql.execution.datasources.v2.DataSourceRDD$$anon$1.hasNext(DataSourceRDD.scala:49)
	at org.apache.spark.InterruptibleIterator.hasNext(InterruptibleIterator.scala:37)
	at org.apache.spark.sql.catalyst.expressions.GeneratedClass$GeneratedIteratorForCodegenStage3.processNext(Unknown Source)
	at org.apache.spark.sql.execution.BufferedRowIterator.hasNext(BufferedRowIterator.java:43)
	at org.apache.spark.sql.execution.WholeStageCodegenExec$$anonfun$13$$anon$1.hasNext(WholeStageCodegenExec.scala:636)
	at scala.collection.Iterator$$anon$11.hasNext(Iterator.scala:409)
	at org.apache.spark.shuffle.sort.UnsafeShuffleWriter.write(UnsafeShuffleWriter.java:187)
	at org.apache.spark.scheduler.ShuffleMapTask.runTask(ShuffleMapTask.scala:99)
	at org.apache.spark.scheduler.ShuffleMapTask.runTask(ShuffleMapTask.scala:55)
	at org.apache.spark.scheduler.Task.run(Task.scala:121)
	at org.apache.spark.executor.Executor$TaskRunner$$anonfun$10.apply(Executor.scala:410)
	at org.apache.spark.util.Utils$.tryWithSafeFinally(Utils.scala:1360)
	at org.apache.spark.executor.Executor$TaskRunner.run(Executor.scala:416)
	at java.util.concurrent.ThreadPoolExecutor.runWorker(ThreadPoolExecutor.java:1142)
	at java.util.concurrent.ThreadPoolExecutor$Worker.run(ThreadPoolExecutor.java:617)
	at java.lang.Thread.run(Thread.java:745)
Caused by: io.grpc.netty.shaded.io.netty.channel.AbstractChannel$AnnotatedConnectException: Connection refused: /192.168.1.61:59983
	at sun.nio.ch.SocketChannelImpl.checkConnect(Native Method)
	at sun.nio.ch.SocketChannelImpl.finishConnect(SocketChannelImpl.java:717)
	at io.grpc.netty.shaded.io.netty.channel.socket.nio.NioSocketChannel.doFinishConnect(NioSocketChannel.java:325)
	at io.grpc.netty.shaded.io.netty.channel.nio.AbstractNioChannel$AbstractNioUnsafe.finishConnect(AbstractNioChannel.java:340)
	at io.grpc.netty.shaded.io.netty.channel.nio.NioEventLoop.processSelectedKey(NioEventLoop.java:633)
	at io.grpc.netty.shaded.io.netty.channel.nio.NioEventLoop.processSelectedKeysOptimized(NioEventLoop.java:580)
	at io.grpc.netty.shaded.io.netty.channel.nio.NioEventLoop.processSelectedKeys(NioEventLoop.java:497)
	at io.grpc.netty.shaded.io.netty.channel.nio.NioEventLoop.run(NioEventLoop.java:459)
	at io.grpc.netty.shaded.io.netty.util.concurrent.SingleThreadEventExecutor$5.run(SingleThreadEventExecutor.java:886)
	at io.grpc.netty.shaded.io.netty.util.concurrent.FastThreadLocalRunnable.run(FastThreadLocalRunnable.java:30)
	... 1 more
Caused by: java.net.ConnectException: Connection refused
	... 11 more

Driver stacktrace:
Running time elapsed:      9.10 Seconds
SQL> 
SQL> 
SQL> 
SQL> --显式隐式转换
   > 
   > --两表join,单个等值join,显式转换类型,INTEGER&DOUBLE
SQL> SELECT A.*,B.* FROM P1000 A JOIN P5000 B ON A.TINTEGER=cast(B.TDOUBLE AS int) limit 100;
100 rows selected.
Running time elapsed:     31.18 Seconds
SQL> 
SQL> --两表join,单个等值join,隐式转换类型,INTEGER&DOUBLE
SQL> SELECT A.*,B.* FROM P1000 A JOIN P5000 B ON A.TINTEGER=B.TDOUBLE limit 100;
100 rows selected.
Running time elapsed:     23.95 Seconds
SQL> 
SQL> --两表join,显式隐式转换组合,TIMESTAMP&DATE
SQL> SELECT A.*,B.* FROM P1000 A JOIN P5000 B ON A.TINTEGER=B.TDOUBLE AND A.TTIMESTAMP=cast(B.TDATE AS TIMESTAMP) limit 100;
0 rows selected.
Running time elapsed:     24.87 Seconds
SQL> 
SQL> --两表join,多个等值join组合&显式隐式转换组合，4个条件
SQL> SELECT A.*,B.* FROM P1000 A JOIN P5000 B ON A.TINTEGER=B.TDOUBLE AND A.TTIMESTAMP=cast(B.TDATE AS TIMESTAMP) AND A.TDECIMAL=B.TDECIMAL AND A.TBOOL=B.TBOOL limit 100;
0 rows selected.
Running time elapsed:     29.00 Seconds
SQL> 
SQL> --以下为left join测试用例	
   > --单个等值join 
   > --out join,两表left join,单个等值join,join字段类型为BIGINT
SQL> SELECT A.*,B.* FROM P1000 A left join P5000 B ON A.TUNIQUE=B.TUNIQUE limit 100;
100 rows selected.
Running time elapsed:     12.84 Seconds
SQL> 
SQL> --out join,两表left join,单个等值join,join字段类型为DOUBLE
SQL> SELECT A.*,B.* FROM P1000 A left join P5000 B ON A.TDOUBLE=B.TDOUBLE limit 100;
100 rows selected.
Running time elapsed:     16.28 Seconds
SQL> 
SQL> --out join,两表left join,单个等值join,join字段类型为DATE
SQL> SELECT A.*,B.* FROM P1000 A left join P5000 B ON A.TDATE=B.TDATE limit 100;
100 rows selected.
Running time elapsed:     12.61 Seconds
SQL> 
SQL> --out join,两表left join,单个等值join,join字段类型为VARCHAR
SQL> SELECT A.*,B.* FROM P1000 A left join P5000 B ON A.TVARCHAR=B.TVARCHAR limit 100;
100 rows selected.
Running time elapsed:     17.11 Seconds
SQL> 
SQL> --out join,两表left join,单个等值join,join字段类型为SMALLINT
SQL> SELECT A.*,B.* FROM P1000 A left join P5000 B ON A.TSMALLINT=B.TSMALLINT limit 100;
100 rows selected.
Running time elapsed:     12.55 Seconds
SQL> 
SQL> --out join,两表left join,单个等值join,join字段类型为INTEGER
SQL> SELECT A.*,B.* FROM P1000 A left join P5000 B ON A.TINTEGER=B.TINTEGER limit 100;
100 rows selected.
Running time elapsed:     12.72 Seconds
SQL> 
SQL> --out join,两表left join,单个等值join,join字段类型为REAL
SQL> SELECT A.*,B.* FROM P1000 A left join P5000 B ON A.TREAL=B.TREAL limit 100;
100 rows selected.
Running time elapsed:     13.50 Seconds
SQL> 
SQL> --out join,两表left join,单个等值join,join字段类型为TFLOAT
SQL> SELECT A.*,B.* FROM P1000 A left join P5000 B ON A.TFLOAT=B.TFLOAT limit 100;
100 rows selected.
Running time elapsed:     14.10 Seconds
SQL> 
SQL> --out join,两表left join,单个等值join,join字段类型为DECIMAL
SQL> SELECT A.*,B.* FROM P1000 A left join P5000 B ON A.TDECIMAL=B.TDECIMAL limit 100;
100 rows selected.
Running time elapsed:     13.40 Seconds
SQL> 
SQL> --out join,两表left join,单个等值join,join字段类型为NUMERIC
SQL> SELECT A.*,B.* FROM P1000 A left join P5000 B ON A.TNUMERIC=B.TNUMERIC limit 100;
100 rows selected.
Running time elapsed:     16.45 Seconds
SQL> 
SQL> --out join,两表left join,单个等值join,join字段类型为TIMESTAMP
SQL> SELECT A.*,B.* FROM P1000 A left join P5000 B ON A.TTIMESTAMP=B.TTIMESTAMP limit 100;
100 rows selected.
Running time elapsed:     14.45 Seconds
SQL> 
SQL> --out join,两表left join,单个等值join,join字段类型为BOOLEAN
   > --SELECT A.*,B.* FROM P1000 A left join P5000 B ON A.TBOOL=B.TBOOL limit 100;
   > 
   > --out join,两表left join,单个等值join,join字段类型为CHAR
SQL> SELECT A.*,B.* FROM P1000 A left join P5000 B ON A.TCHAR=B.TCHAR limit 100;
100 rows selected.
Running time elapsed:     14.70 Seconds
SQL> 
SQL> 
SQL> --多个等值join
   > --out join,两表left join,多个等值join组合,包含DDL中所有字段
SQL> SELECT A.*,B.* FROM P1000 A LEFT JOIN P5000 B ON A.TUNIQUE=B.TUNIQUE AND A.TSMALLINT=B.TSMALLINT AND A.TINTEGER=B.TINTEGER AND A.TBIGINT=B.TBIGINT
   > 	AND A.TREAL=B.TREAL AND A.TDOUBLE=B.TDOUBLE AND A.TFLOAT=B.TFLOAT AND A.TDECIMAL=B.TDECIMAL AND A.TNUMERIC=B.TNUMERIC AND A.TDATE=B.TDATE AND A.TTIMESTAMP=B.TTIMESTAMP AND A.TBOOL=B.TBOOL AND A.TCHAR=B.TCHAR AND A.TVARCHAR=B.TVARCHAR
   > 	AND A.TCHARIDX1=B.TCHARIDX1 AND A.TCHARIDX2=B.TCHARIDX2 AND A.TCHARIDX3=B.TCHARIDX3 AND A.TVARCHARIDX1=B.TVARCHARIDX1 AND A.TVARCHARIDX2=B.TVARCHARIDX2 AND A.TVARCHARIDX3=B.TVARCHARIDX3  limit 100;
100 rows selected.
Running time elapsed:     14.73 Seconds
SQL> 
SQL> --out join,两表left join,3条过滤条件，多个等值join组合，过滤条件类型包括numeric,int,float,包含DDL中所有字段
SQL> SELECT A.*,B.* FROM P1000 A 
   > 	LEFT JOIN P5000 B 
   > 	  ON A.TUNIQUE=B.TUNIQUE AND A.TSMALLINT=B.TSMALLINT AND A.TINTEGER=B.TINTEGER AND A.TBIGINT=B.TBIGINT
   > 	  AND A.TREAL=B.TREAL AND A.TDOUBLE=B.TDOUBLE AND A.TFLOAT=B.TFLOAT AND A.TDECIMAL=B.TDECIMAL AND A.TNUMERIC=B.TNUMERIC AND A.TDATE=B.TDATE AND A.TTIMESTAMP=B.TTIMESTAMP AND A.TBOOL=B.TBOOL AND A.TCHAR=B.TCHAR AND A.TVARCHAR=B.TVARCHAR
   > 	  AND A.TCHARIDX1=B.TCHARIDX1 AND A.TCHARIDX2=B.TCHARIDX2 AND A.TCHARIDX3=B.TCHARIDX3 AND A.TVARCHARIDX1=B.TVARCHARIDX1 AND A.TVARCHARIDX2=B.TVARCHARIDX2 AND A.TVARCHARIDX3=B.TVARCHARIDX3
   > 	WHERE A.TNUMERIC NOT IN (6394.4060,6113.0566,7135.5794)
   > 	  AND B.TINTEGER > 37843778
   > 	  AND ((A.TFLOAT BETWEEN 1337.4699707031 AND 6847.7001953125) OR (A.TFLOAT BETWEEN 526.4699707031 AND 632.9600219727))
   > 	   limit 100;
100 rows selected.
Running time elapsed:      8.98 Seconds
SQL> 
SQL> --显式隐式转换
   > --out join,两表left join,单个等值join,显式转换类型,INTEGER&DOUBLE	
SQL> SELECT A.*,B.* FROM P1000 A LEFT JOIN P5000 B ON A.TINTEGER=cast(B.TDOUBLE AS int) limit 100;
100 rows selected.
Running time elapsed:     16.43 Seconds
SQL> --out join,两表left JOIN,单个等值join,隐式转换类型,INTEGER&DOUBLE
SQL> SELECT A.*,B.* FROM P1000 A LEFT JOIN P5000 B ON A.TINTEGER=B.TDOUBLE limit 100;
100 rows selected.
Running time elapsed:     15.99 Seconds
SQL> --out join,两表left JOIN,显式隐式转换组合,TIMESTAMP&DATE
SQL> SELECT A.*,B.* FROM P1000 A LEFT JOIN P5000 B ON A.TINTEGER=B.TDOUBLE AND A.TTIMESTAMP=cast(B.TDATE AS TIMESTAMP) limit 100;
100 rows selected.
Running time elapsed:     15.45 Seconds
SQL> --out join,两表left JOIN,多个等值join组合&显式隐式转换组合，4个条件
SQL> SELECT A.*,B.* FROM P1000 A LEFT JOIN P5000 B ON A.TINTEGER=B.TDOUBLE AND A.TTIMESTAMP=cast(B.TDATE AS TIMESTAMP) AND A.TDECIMAL=B.TDECIMAL AND A.TBOOL=B.TBOOL limit 100;
100 rows selected.
Running time elapsed:     19.46 Seconds
SQL> 
SQL> 
SQL> --以下为right join测试用例
   > --单个等值join
   > --out join,两表right join,单个等值join,join字段类型为BIGINT
SQL> SELECT A.*,B.* FROM P1000 A right join P5000 B ON A.TUNIQUE=B.TUNIQUE limit 100;
100 rows selected.
Running time elapsed:     16.41 Seconds
SQL> 
SQL> --out join,两表right join,单个等值join,join字段类型为DOUBLE
SQL> SELECT A.*,B.* FROM P1000 A right join P5000 B ON A.TDOUBLE=B.TDOUBLE limit 100; 
100 rows selected.
Running time elapsed:     10.15 Seconds
SQL> 
SQL> --out join,两表right join,单个等值join,join字段类型为DATE
SQL> SELECT A.*,B.* FROM P1000 A right join P5000 B ON A.TDATE=B.TDATE limit 100;
100 rows selected.
Running time elapsed:     10.38 Seconds
SQL> 
SQL> --out join,两表right join,单个等值join,join字段类型为VARCHAR
SQL> SELECT A.*,B.* FROM P1000 A right join P5000 B ON A.TVARCHAR=B.TVARCHAR limit 100;
100 rows selected.
Running time elapsed:     10.49 Seconds
SQL> 
SQL> --out join,两表right join,单个等值join,join字段类型为SMALLINT
SQL> SELECT A.*,B.* FROM P1000 A right join P5000 B ON A.TSMALLINT=B.TSMALLINT limit 100;
100 rows selected.
Running time elapsed:     10.05 Seconds
SQL> 
SQL> --out join,两表right join,单个等值join,join字段类型为INTEGER
SQL> SELECT A.*,B.* FROM P1000 A right join P5000 B ON A.TINTEGER=B.TINTEGER limit 100;
100 rows selected.
Running time elapsed:     10.16 Seconds
SQL> 
SQL> --out join,两表right join,单个等值join,join字段类型为REAL
SQL> SELECT A.*,B.* FROM P1000 A right join P5000 B ON A.TREAL=B.TREAL limit 100;
100 rows selected.
Running time elapsed:     10.18 Seconds
SQL> 
SQL> --out join,两表right join,单个等值join,join字段类型为TFLOAT
SQL> SELECT A.*,B.* FROM P1000 A right join P5000 B ON A.TFLOAT=B.TFLOAT limit 100;
100 rows selected.
Running time elapsed:     10.37 Seconds
SQL> 
SQL> --out join,两表right join,单个等值join,join字段类型为DECIMAL
SQL> SELECT A.*,B.* FROM P1000 A right join P5000 B ON A.TDECIMAL=B.TDECIMAL limit 100;
100 rows selected.
Running time elapsed:     10.55 Seconds
SQL> 
SQL> --out join,两表right join,单个等值join,join字段类型为NUMERIC
SQL> SELECT A.*,B.* FROM P1000 A right join P5000 B ON A.TNUMERIC=B.TNUMERIC limit 100;
100 rows selected.
Running time elapsed:     10.79 Seconds
SQL> 
SQL> --out join,两表right join,单个等值join,join字段类型为TIMESTAMP
SQL> SELECT A.*,B.* FROM P1000 A right join P5000 B ON A.TTIMESTAMP=B.TTIMESTAMP limit 100;
100 rows selected.
Running time elapsed:     10.58 Seconds
SQL> 
SQL> 
SQL> --out join,两表right join,单个等值join,join字段类型为CHAR
SQL> SELECT A.*,B.* FROM P1000 A right join P5000 B ON A.TCHAR=B.TCHAR limit 100;
100 rows selected.
Running time elapsed:     10.34 Seconds
SQL> 
SQL> --out join,两表right join,单个等值join,join字段类型为VARCHAR
SQL> SELECT A.*,B.* FROM P1000 A right join P5000 B ON A.TVARCHAR=B.TVARCHAR limit 100;
100 rows selected.
Running time elapsed:     10.16 Seconds
SQL> 
SQL> --多个等值join
   > --out join,两表right join,多个等值join组合,包含DDL中所有字段
SQL> SELECT A.*,B.* FROM P1000 A right join P5000 B ON A.TUNIQUE=B.TUNIQUE AND A.TSMALLINT=B.TSMALLINT AND A.TINTEGER=B.TINTEGER AND A.TBIGINT=B.TBIGINT
   > 	AND A.TREAL=B.TREAL AND A.TDOUBLE=B.TDOUBLE AND A.TFLOAT=B.TFLOAT AND A.TDECIMAL=B.TDECIMAL AND A.TNUMERIC=B.TNUMERIC AND A.TDATE=B.TDATE AND A.TTIMESTAMP=B.TTIMESTAMP AND A.TBOOL=B.TBOOL AND A.TCHAR=B.TCHAR AND A.TVARCHAR=B.TVARCHAR
   > 	AND A.TCHARIDX1=B.TCHARIDX1 AND A.TCHARIDX2=B.TCHARIDX2 AND A.TCHARIDX3=B.TCHARIDX3 AND A.TVARCHARIDX1=B.TVARCHARIDX1 AND A.TVARCHARIDX2=B.TVARCHARIDX2 AND A.TVARCHARIDX3=B.TVARCHARIDX3
   > 	limit 100;
100 rows selected.
Running time elapsed:     11.03 Seconds
SQL> 
SQL> --out join,两表right join,4条过滤条件，过滤条件中的类型包含bigint,real,double,decimal,多个等值join组合,包含DDL中所有字段
SQL> SELECT A.*,B.* FROM P1000 A 
   > 	right join P5000 B 
   > 	  ON A.TUNIQUE=B.TUNIQUE AND A.TSMALLINT=B.TSMALLINT AND A.TINTEGER=B.TINTEGER AND A.TBIGINT=B.TBIGINT
   > 		AND A.TREAL=B.TREAL AND A.TDOUBLE=B.TDOUBLE AND A.TFLOAT=B.TFLOAT AND A.TDECIMAL=B.TDECIMAL AND A.TNUMERIC=B.TNUMERIC AND A.TDATE=B.TDATE AND A.TTIMESTAMP=B.TTIMESTAMP AND A.TBOOL=B.TBOOL AND A.TCHAR=B.TCHAR AND A.TVARCHAR=B.TVARCHAR
   > 		AND A.TCHARIDX1=B.TCHARIDX1 AND A.TCHARIDX2=B.TCHARIDX2 AND A.TCHARIDX3=B.TCHARIDX3 AND A.TVARCHARIDX1=B.TVARCHARIDX1 AND A.TVARCHARIDX2=B.TVARCHARIDX2 AND A.TVARCHARIDX3=B.TVARCHARIDX3
   > 	WHERE B.TUNIQUE > 100000
   > 	  AND A.TREAL NOT IN (214.57,2634.13,2862.67,1767.11)
   > 	  AND A.TDOUBLE <> 1703.51
   > 	  AND A.TDECIMAL > 5135.00
   > 	  limit 100;
100 rows selected.
Running time elapsed:      9.08 Seconds
SQL> 
SQL> --显式隐式转换
   > --out join,两表right join,单个等值join,显式转换类型,INTEGER&DOUBLE
SQL> SELECT A.*,B.* FROM P1000 A RIGHT JOIN P5000 B ON A.TINTEGER=cast(B.TDOUBLE AS int) limit 100;
100 rows selected.
Running time elapsed:     11.26 Seconds
SQL> 
SQL> --out join,两表right join,单个等值join,隐式转换类型,INTEGER&DOUBLE
SQL> SELECT A.*,B.* FROM P1000 A RIGHT JOIN P5000 B ON A.TINTEGER=B.TDOUBLE limit 100;
100 rows selected.
Running time elapsed:     11.01 Seconds
SQL> 
SQL> --out join,两表right join,显式隐式转换组合,TIMESTAMP&DATE
SQL> SELECT A.*,B.* FROM P1000 A RIGHT JOIN P5000 B ON A.TINTEGER=B.TDOUBLE AND A.TTIMESTAMP=cast(B.TDATE AS TIMESTAMP) limit 100;
100 rows selected.
Running time elapsed:     10.68 Seconds
SQL> 
SQL> --out join,两表right join,多个等值join组合&显式隐式转换组合，4个条件
SQL> SELECT A.*,B.* FROM P1000 A RIGHT JOIN P5000 B ON A.TINTEGER=B.TDOUBLE AND A.TTIMESTAMP=cast(B.TDATE AS TIMESTAMP) AND A.TDECIMAL=B.TDECIMAL AND A.TBOOL=B.TBOOL limit 100; 
100 rows selected.
Running time elapsed:     10.89 Seconds
SQL> 
SQL> 
SQL> --以下为full outer join测试用例
   > --out join,两表full outer join,单个等值join,join字段类型为BIGINT
SQL> SELECT A.*,B.* FROM P1000 A full outer join P5000 B ON A.TUNIQUE=B.TUNIQUE limit 100;
100 rows selected.
Running time elapsed:     13.04 Seconds
SQL> 
SQL> --out join,两表full outer join,单个等值join,join字段类型为DOUBLE
SQL> SELECT A.*,B.* FROM P1000 A full outer join P5000 B ON A.TDOUBLE=B.TDOUBLE limit 100;
100 rows selected.
Running time elapsed:     14.54 Seconds
SQL> 
SQL> --out join,两表full outer join,单个等值join,join字段类型为DATE
SQL> SELECT A.*,B.* FROM P1000 A full outer join P5000 B ON A.TDATE=B.TDATE limit 100;
100 rows selected.
Running time elapsed:     13.46 Seconds
SQL> 
SQL> --out join,两表full outer join,单个等值join,join字段类型为VARCHAR
SQL> SELECT A.*,B.* FROM P1000 A full outer join P5000 B ON A.TVARCHAR=B.TVARCHAR limit 100;
100 rows selected.
Running time elapsed:     20.36 Seconds
SQL> 
SQL> --out join,两表full outer join,单个等值join,join字段类型为SMALLINT
SQL> SELECT A.*,B.* FROM P1000 A full outer join P5000 B ON A.TSMALLINT=B.TSMALLINT limit 100;
100 rows selected.
Running time elapsed:     14.17 Seconds
SQL> 
SQL> --out join,两表full outer join,单个等值join,join字段类型为INTEGER
SQL> SELECT A.*,B.* FROM P1000 A full outer join P5000 B ON A.TINTEGER=B.TINTEGER limit 100;
100 rows selected.
Running time elapsed:     16.79 Seconds
SQL> 
SQL> --out join,两表full outer join,单个等值join,join字段类型为REAL
SQL> SELECT A.*,B.* FROM P1000 A full outer join P5000 B ON A.TREAL=B.TREAL limit 100;
100 rows selected.
Running time elapsed:     29.88 Seconds
SQL> 
SQL> --out join,两表full outer join,单个等值join,join字段类型为TFLOAT
SQL> SELECT A.*,B.* FROM P1000 A full outer join P5000 B ON A.TFLOAT=B.TFLOAT limit 100;
100 rows selected.
Running time elapsed:     13.45 Seconds
SQL> 
SQL> --out join,两表full outer join,单个等值join,join字段类型为DECIMAL
SQL> SELECT A.*,B.* FROM P1000 A full outer join P5000 B ON A.TDECIMAL=B.TDECIMAL limit 100;
100 rows selected.
Running time elapsed:     22.55 Seconds
SQL> 
SQL> --out join,两表full outer join,单个等值join,join字段类型为NUMERIC
SQL> SELECT A.*,B.* FROM P1000 A full outer join P5000 B ON A.TNUMERIC=B.TNUMERIC limit 100;
100 rows selected.
Running time elapsed:     15.12 Seconds
SQL> 
SQL> --out join,两表full outer join,单个等值join,join字段类型为TIMESTAMP
SQL> SELECT A.*,B.* FROM P1000 A full outer join P5000 B ON A.TTIMESTAMP=B.TTIMESTAMP limit 100;
100 rows selected.
Running time elapsed:     21.98 Seconds
SQL> 
SQL> --out join,两表full outer join,单个等值join,join字段类型为CHAR
SQL> SELECT A.*,B.* FROM P1000 A full outer join P5000 B ON A.TCHAR=B.TCHAR limit 100;
100 rows selected.
Running time elapsed:     16.99 Seconds
SQL> 
SQL> 
SQL> --多个等值join
   > --out join,两表full outer join,多个等值join组合,包含DDL中所有字段
SQL> SELECT A.*,B.* FROM P1000 A full outer join P5000 B ON A.TUNIQUE=B.TUNIQUE AND A.TSMALLINT=B.TSMALLINT AND A.TINTEGER=B.TINTEGER AND A.TBIGINT=B.TBIGINT
   > 	AND A.TREAL=B.TREAL AND A.TDOUBLE=B.TDOUBLE AND A.TFLOAT=B.TFLOAT AND A.TDECIMAL=B.TDECIMAL AND A.TNUMERIC=B.TNUMERIC AND A.TDATE=B.TDATE AND A.TTIMESTAMP=B.TTIMESTAMP AND A.TBOOL=B.TBOOL AND A.TCHAR=B.TCHAR AND A.TVARCHAR=B.TVARCHAR
   > 	AND A.TCHARIDX1=B.TCHARIDX1 AND A.TCHARIDX2=B.TCHARIDX2 AND A.TCHARIDX3=B.TCHARIDX3 AND A.TVARCHARIDX1=B.TVARCHARIDX1 AND A.TVARCHARIDX2=B.TVARCHARIDX2 AND A.TVARCHARIDX3=B.TVARCHARIDX3 limit 100;
100 rows selected.
Running time elapsed:     13.83 Seconds
SQL> 
SQL> --out join,两表full outer join,2条过滤条件,过滤条件中包含timestamp和date类型，多个等值join组合,包含DDL中所有字段
SQL> SELECT A.*,B.* 
   > 	FROM P1000 A 
   > 	full outer join P5000 B 
   > 	  ON A.TUNIQUE=B.TUNIQUE AND A.TSMALLINT=B.TSMALLINT AND A.TINTEGER=B.TINTEGER AND A.TBIGINT=B.TBIGINT
   > 		AND A.TREAL=B.TREAL AND A.TDOUBLE=B.TDOUBLE AND A.TFLOAT=B.TFLOAT AND A.TDECIMAL=B.TDECIMAL AND A.TNUMERIC=B.TNUMERIC AND A.TDATE=B.TDATE AND A.TTIMESTAMP=B.TTIMESTAMP AND A.TBOOL=B.TBOOL AND A.TCHAR=B.TCHAR AND A.TVARCHAR=B.TVARCHAR
   > 		AND A.TCHARIDX1=B.TCHARIDX1 AND A.TCHARIDX2=B.TCHARIDX2 AND A.TCHARIDX3=B.TCHARIDX3 AND A.TVARCHARIDX1=B.TVARCHARIDX1 AND A.TVARCHARIDX2=B.TVARCHARIDX2 AND A.TVARCHARIDX3=B.TVARCHARIDX3
   > 	WHERE month(TIMESTAMP(A.TTIMESTAMP))=7
   > 		  AND  WEEKOFYEAR(A.TDATE)=8
   > 		  limit 100;
100 rows selected.
Running time elapsed:     10.67 Seconds
SQL> 				
SQL> --显式隐式转换
   > --out join,两表full outer join,单个等值join,显式转换类型,INTEGER&DOUBLE
SQL> SELECT A.*,B.* FROM P1000 A FULL OUTER JOIN P5000 B ON A.TINTEGER=cast(B.TDOUBLE AS int)  limit 100;
100 rows selected.
Running time elapsed:     13.15 Seconds
SQL> 
SQL> --out join,两表full outer join,单个等值join,隐式转换类型,INTEGER&DOUBLE
SQL> SELECT A.*,B.* FROM P1000 A FULL OUTER JOIN P5000 B ON A.TINTEGER=B.TDOUBLE  limit 100;
100 rows selected.
Running time elapsed:     19.43 Seconds
SQL> 
SQL> --out join,两表full outer join,显式隐式转换组合,TIMESTAMP&DATE
SQL> SELECT A.*,B.* FROM P1000 A FULL OUTER JOIN P5000 B ON A.TINTEGER=B.TDOUBLE AND A.TTIMESTAMP=cast(B.TDATE AS TIMESTAMP) limit 100;
100 rows selected.
Running time elapsed:     14.50 Seconds
SQL> 
SQL> --out join,两表full outer join,多个等值join组合&显式隐式转换组合，4个条件
SQL> SELECT A.*,B.* FROM P1000 A FULL OUTER JOIN P5000 B ON A.TINTEGER=B.TDOUBLE AND A.TTIMESTAMP=cast(B.TDATE AS TIMESTAMP) AND A.TDECIMAL=B.TDECIMAL AND A.TBOOL=B.TBOOL limit 100;
100 rows selected.
Running time elapsed:     24.47 Seconds
SQL> 
SQL> 
SQL> --以下为并集的测试用例
   > --并集，两个表进行并集操作，包含所有的行
SQL> SELECT * FROM P1000
   > UNION ALL
   > SELECT * FROM P5000 limit 100;
100 rows selected.
Running time elapsed:      0.33 Seconds
SQL> 
SQL> --并集，两个表进行并集操作，包含所有的行,使用过滤条件,过滤条件包括date，smallint
SQL> SELECT * FROM P1000 A WHERE A.TDATE='2018-05-28'
   > UNION ALL
   > SELECT * FROM P5000 B WHERE B.TSMALLINT BETWEEN 0 AND 9090 limit 100;
100 rows selected.
Running time elapsed:      1.92 Seconds
SQL> 
SQL> --并集，两个表进行并集操作，删除重复的行
SQL> SELECT * FROM P1000 
   > UNION
   > SELECT * FROM P5000 limit 100;
100 rows selected.
Running time elapsed:     19.61 Seconds
SQL> 
SQL> --并集，两个表进行并集操作，删除重复的行,使用过滤条件,过滤条件包括date，smallint
SQL> SELECT * FROM P1000 A WHERE A.TDATE='2018-05-28'
   > UNION 
   > SELECT * FROM P5000 B WHERE B.TSMALLINT BETWEEN 0 AND 9090 limit 100;
100 rows selected.
Running time elapsed:     13.35 Seconds
SQL> 
SQL> --以下为交集的测试用例
   > --交集，两表进行交集操作
SQL> SELECT * FROM P1000 
   > INTERSECT
   > SELECT * FROM P5000 limit 100;
100 rows selected.
Running time elapsed:     24.67 Seconds
SQL> 
SQL> --交集，两个表进行交集操作，使用过滤条件,过滤条件包括date，smallint
SQL> SELECT * FROM P1000 A WHERE A.TDATE='2018-05-28'
   > INTERSECT
   > SELECT * FROM P5000 B WHERE B.TSMALLINT BETWEEN 0 AND 9090 limit 100;
100 rows selected.
Running time elapsed:     16.88 Seconds
Running time elapsed:   1237.20 Seconds
SQL> exit
Disconnected.
