SQLCli Release 0.0.68
SQL> connect admin/123456
Database connected.
SQL> start E061-07 Quantified comparison predicate.sql
SQL> set echo on
SQL>
SQL> -- 清空环境
SQL> drop table t_comparison  IF  EXISTS;
0 rows affected
SQL> 
SQL> -- 创建表
SQL> CREATE TABLE IF NOT EXISTS t_comparison (EMPNO INT,
   > ENAME VARCHAR(20),
   > JOB VARCHAR(20),
   > MGR INT,
   > HIREDATE DATE,
   > SAL INT,
   > COMM INT,
   > DEPTNO INT);
0 rows affected
SQL> 
SQL> -- 插入数据
SQL> INSERT INTO t_comparison VALUES (7369,'SMITH','CLERK',7902,TO_DATE('1980-12-17','yyyy-mm-dd'),800,NULL,20);
1 row affected
SQL> INSERT INTO t_comparison VALUES (7499,'ALLEN','SALESMAN',7698,TO_DATE('1981-2-20','yyyy-mm-dd'),1600,300,30);
1 row affected
SQL> INSERT INTO t_comparison VALUES (7521,'WARD','SALESMAN',7698,TO_DATE('1981-2-2','yyyy-mm-dd'),1250,500,30);
1 row affected
SQL> select * from t_comparison where empno = any (select empno from t_comparison where ename like '%A%') order by empno;
+-------+-------+----------+------+-----------+------+------+--------+
| EMPNO | ENAME | JOB      | MGR  | HIREDATE  | SAL  | COMM | DEPTNO |
+-------+-------+----------+------+-----------+------+------+--------+
| 7499  | ALLEN | SALESMAN | 7698 | 1981-2-20 | 1600 | 300  | 30     |
| 7521  | WARD  | SALESMAN | 7698 | 1981-2-2  | 1250 | 500  | 30     |
+-------+-------+----------+------+-----------+------+------+--------+
2 rows selected.
SQL> select * from t_comparison where empno = some (select empno from t_comparison where ename like '%A%') order by empno;
+-------+-------+----------+------+-----------+------+------+--------+
| EMPNO | ENAME | JOB      | MGR  | HIREDATE  | SAL  | COMM | DEPTNO |
+-------+-------+----------+------+-----------+------+------+--------+
| 7499  | ALLEN | SALESMAN | 7698 | 1981-2-20 | 1600 | 300  | 30     |
| 7521  | WARD  | SALESMAN | 7698 | 1981-2-2  | 1250 | 500  | 30     |
+-------+-------+----------+------+-----------+------+------+--------+
2 rows selected.
SQL> select * from t_comparison where empno = all (select empno from t_comparison where ename like '%A%') order by empno;
0 rows selected.
SQL> select * from t_comparison where empno <> any (select empno from t_comparison where ename like '%A%') order by empno;
+-------+-------+----------+------+------------+------+--------+--------+
| EMPNO | ENAME | JOB      | MGR  | HIREDATE   | SAL  | COMM   | DEPTNO |
+-------+-------+----------+------+------------+------+--------+--------+
| 7499  | ALLEN | SALESMAN | 7698 | 1981-2-20  | 1600 | 300    | 30     |
| 7521  | WARD  | SALESMAN | 7698 | 1981-2-2   | 1250 | 500    | 30     |
+-------+-------+----------+------+------------+------+--------+--------+
3 rows selected.
SQL> select * from t_comparison where empno <> some (select empno from t_comparison where ename like '%A%') order by empno;
+-------+-------+----------+------+------------+------+--------+--------+
| EMPNO | ENAME | JOB      | MGR  | HIREDATE   | SAL  | COMM   | DEPTNO |
+-------+-------+----------+------+------------+------+--------+--------+
| 7499  | ALLEN | SALESMAN | 7698 | 1981-2-20  | 1600 | 300    | 30     |
| 7521  | WARD  | SALESMAN | 7698 | 1981-2-2   | 1250 | 500    | 30     |
+-------+-------+----------+------+------------+------+--------+--------+
3 rows selected.
SQL> select * from t_comparison where empno <> all (select empno from t_comparison where ename like '%A%') order by empno;
+-------+-------+-------+------+------------+-----+--------+--------+
| EMPNO | ENAME | JOB   | MGR  | HIREDATE   | SAL | COMM   | DEPTNO |
+-------+-------+-------+------+------------+-----+--------+--------+
| 7369  | SMITH | CLERK | 7902 | 1980-12-17 | 800 | <null> | 20     |
+-------+-------+-------+------+------------+-----+--------+--------+
1 row selected.
SQL> select * from t_comparison where empno > any (select empno from t_comparison where ename like '%A%') order by empno;
+-------+-------+----------+------+----------+------+------+--------+
| EMPNO | ENAME | JOB      | MGR  | HIREDATE | SAL  | COMM | DEPTNO |
+-------+-------+----------+------+----------+------+------+--------+
| 7521  | WARD  | SALESMAN | 7698 | 1981-2-2 | 1250 | 500  | 30     |
+-------+-------+----------+------+----------+------+------+--------+
1 row selected.
SQL> select * from t_comparison where empno <= some (select empno from t_comparison where ename like '%A%') order by empno;
+-------+-------+----------+------+------------+------+--------+--------+
| EMPNO | ENAME | JOB      | MGR  | HIREDATE   | SAL  | COMM   | DEPTNO |
+-------+-------+----------+------+------------+------+--------+--------+
| 7369  | SMITH | CLERK    | 7902 | 1980-12-17 | 800  | <null> | 20     |
| 7499  | ALLEN | SALESMAN | 7698 | 1981-2-20  | 1600 | 300    | 30     |
| 7521  | WARD  | SALESMAN | 7698 | 1981-2-2   | 1250 | 500    | 30     |
+-------+-------+----------+------+------------+------+--------+--------+
3 rows selected.
SQL> select * from t_comparison where empno >= all (select empno from t_comparison where ename like '%A%') order by empno;
+-------+-------+----------+------+----------+------+------+--------+
| EMPNO | ENAME | JOB      | MGR  | HIREDATE | SAL  | COMM | DEPTNO |
+-------+-------+----------+------+----------+------+------+--------+
| 7521  | WARD  | SALESMAN | 7698 | 1981-2-2 | 1250 | 500  | 30     |
+-------+-------+----------+------+----------+------+------+--------+
1 row selected.
SQL> select * from t_comparison where empno < all (select empno from t_comparison where ename like '%A%') order by empno;
+-------+-------+-------+------+------------+-----+--------+--------+
| EMPNO | ENAME | JOB   | MGR  | HIREDATE   | SAL | COMM   | DEPTNO |
+-------+-------+-------+------+------------+-----+--------+--------+
| 7369  | SMITH | CLERK | 7902 | 1980-12-17 | 800 | <null> | 20     |
+-------+-------+-------+------+------------+-----+--------+--------+
1 row selected.
SQL> exit
Disconnected.
