SQLCli Release 0.0.55
SQL> connect admin/123456
Database connected.
SQL> start CORE_null与基本完整性约束.sql
SQL> --    Description: 测试null与基本完整性约束 ,包括F381-01,E141-07,F381-03,E131
   > --    Date:         2020-06-09
   > --    Author:       丁婷
   > 
   > --测试242 F381-01 ALTER TABLE statement: ALTER COLUMN clause 
SQL> drop table if exists T_Extended_Schema_Manipulation_001;
0 rows affected
SQL> CREATE TABLE T_Extended_Schema_Manipulation_001 (
   > EMPNO INT,
   > ENAME VARCHAR(20),
   > JOB VARCHAR(20),
   > MGR INT,
   > HIREDATE DATE,
   > SAL INT,
   > COMM INT,
   > DEPTNO INT
   > );
0 rows affected
SQL> 
SQL> --增加一列
SQL> alter table T_Extended_Schema_Manipulation_001 add column c1 int;
0 rows affected
SQL> SELECT data_type
   > FROM information_schema.columns
   > WHERE table_name = 'T_EXTENDED_SCHEMA_MANIPULATION_001'
   > 	AND column_name = 'C1';
+-----------+
| DATA_TYPE |
+-----------+
| INTEGER   |
+-----------+
1 row selected.
SQL> 	
SQL> --删除一列
SQL> alter table T_Extended_Schema_Manipulation_001 drop column c1;
0 rows affected
SQL> SELECT data_type
   > FROM information_schema.columns
   > WHERE table_name = 'T_EXTENDED_SCHEMA_MANIPULATION_001'
   > 	AND column_name = 'C1';
0 rows selected.
SQL> 
SQL> --测试599 E141-07  Column defaults+not null
SQL> drop table if exists T_Extended_Schema_Manipulation_002;
0 rows affected
SQL> create table T_Extended_Schema_Manipulation_002 (
   > tsmallint smallint default 1 not null ,
   > tint int default 2,
   > tbigint bigint default 3,
   > treal real default 4.2,
   > tfloat float default 5.2,
   > tdouble double default 6.2,
   > tdecimal decimal(10,2) default 7.2,
   > tnumeric numeric(10,2) default 8.2,
   > tdate date default current_date,
   > ttimestamp timestamp default current_timestamp,
   > tchar char(200) default 'char',
   > tvarchar varchar(200) default 'varchar',
   > tbinary binary(100) default '0x10110110',
   > tvarbinary varbinary(100) default '0x10110110',
   > tblob BLOB default 'BLOB',
   > tclob CLOB default 'CLOB',
   > tbit bit default 1,
   > tcharacter character varying(100) default 'character varying',
   > tcharv char varying(100) default 'char varying',
   > tlongvarchar longvarchar default 'longvarchar',
   > tcharacterl character large object(100) default 'character large object',
   > tcharl char large object(100) default 'char large object',
   > tbinaryv binary varying(100) default '0x10110110'
   > );
0 rows affected
SQL> insert into T_Extended_Schema_Manipulation_002(tint) values (11);
1 row affected
SQL> select tsmallint,tint,treal,tdouble from T_Extended_Schema_Manipulation_002;
+-----------+------+-------+---------+
| TSMALLINT | TINT | TREAL | TDOUBLE |
+-----------+------+-------+---------+
| 1         | 11   | 4.2   | 6.2     |
+-----------+------+-------+---------+
1 row selected.
SQL> 
SQL> --增加一列测试默认值
SQL> alter table T_Extended_Schema_Manipulation_002 add column c1 smallint default 520;
0 rows affected
SQL> insert into T_Extended_Schema_Manipulation_002(tsmallint) values (110);
1 row affected
SQL> select tsmallint,tint,treal,tdouble from T_Extended_Schema_Manipulation_002;
+-----------+------+-------+---------+
| TSMALLINT | TINT | TREAL | TDOUBLE |
+-----------+------+-------+---------+
| 110       | 2    | 4.2   | 6.2     |
| 1         | 11   | 4.2   | 6.2     |
+-----------+------+-------+---------+
2 rows selected.
SQL> 
SQL> 
SQL> -- 244 F381-03 ALTER TABLE statement: DROP CONSTRAINT clause
SQL> drop table if exists T_Extended_Schema_Manipulation_003;
0 rows affected
SQL> CREATE TABLE T_Extended_Schema_Manipulation_003 (
   > EMPNO INT,
   > ENAME VARCHAR(20),
   > JOB VARCHAR(20),
   > MGR INT,
   > HIREDATE DATE,
   > SAL INT,
   > COMM INT,
   > DEPTNO INT
   > );
0 rows affected
SQL> INSERT INTO T_Extended_Schema_Manipulation_003 VALUES 
   > (1,'SMITH','CLERK',7902,'1980-12-17',800,NULL,20),
   > (7499,'ALLEN','SALESMAN',7698,'1981-2-20',1600,300,30),
   > (7521,'WARD','SALESMAN',7698,'1981-2-22',1250,500,30),
   > (7566,'JONES','MANAGER',7839,'1981-4-2',2975,NULL,20),
   > (7654,'MARTIN','SALESMAN',7698,'1981-9-28',1150,1400,30),
   > (7698,'BLAKE','MANAGER',7839,'1981-5-1',2850,NULL,30),
   > (7782,'CLARK','MANAGER',7839,'1981-6-9',2450,NULL,10),
   > (7839,'KING','PRESIDENT',NULL,'1981-11-17',5000,NULL,10),
   > (7844,'TURNER','SALESMAN',7698,'1981-9-8',1500,0,30),
   > (7900,'JAMES','CLERK',7698,'1981-12-8',950,NULL,30),
   > (7902,'FORD','ANALYST',7566,'1981-12-8',3000,NULL,20),
   > (7934,'MILLER','CLERK',7782,'1982-1-23',1300,NULL,10);
12 rows affected
SQL> alter table T_Extended_Schema_Manipulation_003 add constraint pk_1 primary key (empno);
0 rows affected
SQL> insert into T_Extended_Schema_Manipulation_003(empno) values (1);
1 row affected
SQL> alter table T_Extended_Schema_Manipulation_003 drop constraint pk_1;
java.sql.SQLSyntaxErrorException: system object cannot be modified: cannot drop constraint in statement [alter table T_Extended_Schema_Manipulation_003 drop constraint pk_1]
SQL> insert into T_Extended_Schema_Manipulation_003(empno) values (1);
1 row affected
SQL> 
SQL> 
SQL> --144 E131 Null value support (nulls in lieu of values)
SQL> drop table if exists T_Extended_Schema_Manipulation_004;
0 rows affected
SQL> create table T_Extended_Schema_Manipulation_004(
   > id int,
   > name char(255),
   > age int,
   > account double,
   > ttime timestamp,
   > classid char);
0 rows affected
SQL> insert into T_Extended_Schema_Manipulation_004 values 
   > (1,'纸蜘蛛',18,null,'2019-04-03 11:11:11','a'),
   > (2,null,43,21334.2,'2018-03-03 22:44:44','b');
2 rows affected
SQL> select * from T_Extended_Schema_Manipulation_004 where account is null;
+----+--------------------------------------------------------------------------------------------------------------------------------------------------------------------------------------------------------------------------------------------------------------------+-----+---------+---------------------+---------+
| ID | NAME                                                                                                                                                                                                                                                               | AGE | ACCOUNT | TTIME               | CLASSID |
+----+--------------------------------------------------------------------------------------------------------------------------------------------------------------------------------------------------------------------------------------------------------------------+-----+---------+---------------------+---------+
| 1  | 纸蜘蛛                                                                                                                                                                                                                                                             | 18  | <null>  | 2019-04-03 11:11:11 | a       |
+----+--------------------------------------------------------------------------------------------------------------------------------------------------------------------------------------------------------------------------------------------------------------------+-----+---------+---------------------+---------+
1 row selected.
SQL> exit
Disconnected.
