SQLCli Release 0.0.61
SQL> connect admin/123456
Database connected.
SQL> start CORE_基本PSM.sql
SQL> --    Description: 基本PSM
   > --    Date:         2020-06-10
   > --    Author:       丁婷
SQL> set echo on
SQL> 
SQL> --259 T321-01 User-defined functions with no overloading
SQL> DROP FUNCTION if exists function_test_001;
0 rows affected
SQL> CREATE FUNCTION function_test_001() RETURNS INTEGER
   >   RETURN 10;
   > /
0 rows affected
SQL> call function_test_001();
+-----+
| @p0 |
+-----+
| 10  |
+-----+
1 row selected.
SQL> DROP FUNCTION function_test_001;
0 rows affected
SQL> 
SQL> --261 T321-03 Function invocation
SQL> DROP FUNCTION function_test_002;
0 rows affected
SQL> drop table if exists T_invocation_test_001;
0 rows affected
SQL> CREATE TABLE T_invocation_test_001 (
   > ID INTEGER NOT NULL PRIMARY KEY,
   > FIRSTNAME VARCHAR(255),
   > LASTNAME VARCHAR(255),
   > STREET VARCHAR(255),
   > CITY VARCHAR(255));
0 rows affected
SQL> INSERT INTO T_invocation_test_001 VALUES
   > (1,'Susanne','King','366 - 20th Ave.','Olten'),
   > (2,'Anne','Miller','20 Upland Pl.','Lyon'),
   > (3,'Michael','Clancy','542 Upland Pl.','San Francisco'),
   > (40,'Susanne','Miller','440 - 20th Ave.','Dallas'),
   > (41,'Bill','King','546 College Av.','New York'),
   > (42,'Robert','Ott','503 Seventh Av.','Oslo'),
   > (43,'Susanne','Smith','2 Upland Pl.','Dallas'),
   > (44,'Sylvia','Ott','361 College Av.','New York'),
   > (45,'Janet','May','396 Seventh Av.','Oslo'),
   > (46,'Andrew','May','172 Seventh Av.','New York'),
   > (47,'Janet','Fuller','445 Upland Pl.','Dallas'),
   > (48,'Robert','White','549 Seventh Av.','San Francisco'),
   > (49,'George','Fuller','534 - 20th Ave.','Olten');
13 rows affected
SQL> CREATE Function function_test_002( in x INT)
   >   returns table(i INT, v VARCHAR(100))
   >   READS SQL DATA
   >   begin atomic
   >     declare y int;
   >     set y= x;
   >     return TABLE(select id, firstname from T_invocation_test_001 where id > y order by id);
   >   end;
   > /
0 rows affected
SQL> call function_test_002(10);
+----+-----------+
| ID | FIRSTNAME |
+----+-----------+
| 40 | Susanne   |
| 41 | Bill      |
| 42 | Robert    |
| 43 | Susanne   |
| 44 | Sylvia    |
| 45 | Janet     |
| 46 | Andrew    |
| 47 | Janet     |
| 48 | Robert    |
| 49 | George    |
+----+-----------+
10 rows selected.
SQL> 
SQL> 
SQL> --262 T321-04 CALL statement
SQL> call trim('   XXX   ');
+-----+
| @p0 |
+-----+
| XXX |
+-----+
1 row selected.
SQL> 
SQL> --2558 Refactor UDF handling
SQL> drop jar 'testUdf-0.0.1-SNAPSHOT.jar';
0 rows affected
SQL> add jar 'linkoopdb/smoke/sql/testUdf-0.0.1-SNAPSHOT.jar' not check exists;
0 rows affected
SQL> drop function if exists function_test_bigint;
0 rows affected
SQL> drop table if exists db_udf_bigint;
0 rows affected
SQL> CREATE FUNCTION function_test_bigint(price bigint) RETURNS bigint
   >  LANGUAGE JAVA DETERMINISTIC NO SQL
   >  EXTERNAL NAME 'CLASSPATH:com.datapps.dbudf.testdbudf.UDFbigint';
   > /
0 rows affected
SQL> CREATE TABLE db_udf_bigint(price bigint);
0 rows affected
SQL> INSERT INTO db_udf_bigint VALUES
   > 18902),
   > 1032);
2 rows affected
SQL> select function_test_bigint(price) from  db_udf_bigint ;
+-------+
| C1    |
+-------+
| 18904 |
| 1034  |
+-------+
2 rows selected.
SQL> exit
Disconnected.
