SQLCli Release 0.0.61
SQL> connect admin/123456
Database connected.
SQL> start CORE_Schema_DDL.sql
SQL> --    Description: 测试schema ddl 
   > --    Date:         2020-06-10
   > --    Author:       丁婷
   > 
   > --测试80 F311-01 CREATE SCHEMA，不支持数字开头
SQL> drop schema if exists T_create_schema_001 cascade;
0 rows affected
SQL> CREATE SCHEMA T_create_schema_001;
0 rows affected
SQL> CREATE SCHEMA 12_sdgh_wegh_wy1;
java.sql.SQLSyntaxErrorException: unexpected token: 12 in statement [CREATE SCHEMA 12_sdgh_wegh_wy1]
SQL> 
SQL> -- 78 F311-02 CREATE TABLE for persistent base tables
SQL> drop table T_create_schema_001.Test_CREATE_table_001 if exists cascade;
0 rows affected
SQL> drop schema T_create_schema_001 if exists cascade;
0 rows affected
SQL> create schema T_create_schema_001 create table Test_CREATE_table_001 (id int);
0 rows affected
SQL> insert into T_create_schema_001.Test_CREATE_table_001 values (1);
1 row affected
SQL> select * from T_create_schema_001.Test_CREATE_table_001;
+----+
| ID |
+----+
| 1  |
+----+
1 row selected.
SQL> 
SQL> 
SQL> -- 79 F311-03 CREATE VIEW
SQL> DROP SCHEMA T_create_view_schema_001 IF EXISTS CASCADE;
0 rows affected
SQL> CREATE SCHEMA T_create_view_schema_001;
0 rows affected
SQL> CREATE TABLE T_create_view_schema_001.t_create_table_001(
   > id INT,
   > name VARCHAR(200),
   > sal NUMERIC(6,2)
   > );
0 rows affected
SQL> INSERT INTO T_create_view_schema_001.t_create_table_001 VALUES
   > (1,'张三阿Sa',128.23),
   > (2,'cdng稍等',2186.23),
   > (3,'xsh文件sd',34.56);
3 rows affected
SQL> CREATE TABLE T_create_view_schema_001.t_create_table_002(
   > id INT,
   > name VARCHAR(200),
   > sal NUMERIC(6,2)
   > );
0 rows affected
SQL> INSERT INTO T_create_view_schema_001.t_create_table_002 VALUES
   > (4,'张三阿Sa',56.76),
   > (5,'cdng稍等',3754.54),
   > (6,'xsh文件sd',389.23);
3 rows affected
SQL> CREATE VIEW T_create_view_schema_001.v_craete_view_001 AS 
   > SELECT t1.id id1,t2.id id2 
   > FROM T_create_view_schema_001.t_create_table_001 t1,
   > T_create_view_schema_001.t_create_table_002 t2 
   > ORDER BY t1.SAL,t2.SAL;
0 rows affected
SQL> select * from T_create_view_schema_001.v_craete_view_001;
+-----+-----+
| ID1 | ID2 |
+-----+-----+
| 3   | 4   |
| 3   | 6   |
| 3   | 5   |
| 1   | 4   |
| 1   | 6   |
| 1   | 5   |
| 2   | 4   |
| 2   | 6   |
| 2   | 5   |
+-----+-----+
9 rows selected.
SQL> 
SQL> --122 F311-05 GRANT statement,privilege at the table level (single)
SQL> drop user user_ddl if exists cascade;
0 rows affected
SQL> drop schema S_create_schema_001 if exists cascade;
0 rows affected
SQL> create schema S_create_schema_001;
0 rows affected
SQL> CREATE TABLE S_create_schema_001.t_create_table_003 
   > (
   > EMPNO INT,
   > ENAME VARCHAR(20),
   > JOB VARCHAR(20),
   > MGR INT,
   > HIREDATE DATE,
   > SAL INT,
   > COMM INT,
   > DEPTNO INT
   > );
0 rows affected
SQL> INSERT INTO S_create_schema_001.t_create_table_003 VALUES
   > (7369,'SMITH','CLERK',7902,'1980-12-17',800,NULL,20),
   > (7499,'ALLEN','SALESMAN',7698,'1981-2-20',1600,300,30),
   > (7521,'WARD','SALESMAN',7698,'1981-2-22',1250,500,30),
   > (7566,'JONES','MANAGER',7839,'1981-4-2',2975,NULL,20),
   > (7654,'MARTIN','SALESMAN',7698,'1981-9-28',1150,1400,30),
   > (7698,'BLAKE','MANAGER',7839,'1981-5-1',2850,NULL,30),
   > (7782,'CLARK','MANAGER',7839,'1981-6-9',2450,NULL,10),
   > (7839,'KING','PRESIDENT',NULL,'1981-11-17',5000,NULL,10),
   > (7844,'TURNER','SALESMAN',7698,'1981-9-8',1500,0,30),
   > (7900,'JAMES','CLERK',7698,'1981-12-8',950,NULL,30),
   > (7902,'FORD','ANALYST',7566,'1981-12-8',3000,NULL,20),
   > (7934,'MILLER','CLERK',7782,'1982-1-23',1300,NULL,10);
12 rows affected
SQL> create user user_ddl password '123456';
0 rows affected
SQL> grant select on S_create_schema_001.t_create_table_003 to user_ddl;
0 rows affected
SQL> grant change_authorization to user_ddl; 
0 rows affected
SQL> connect user user_ddl password '123456';
Database connected.
SQL> select count(*) from S_create_schema_001.t_create_table_003 where empno > 7499;
+----+
| C1 |
+----+
| 10 |
+----+
1 row selected.
SQL> insert into S_create_schema_001.t_create_table_003 values (7900,'MILLER','CLERK',7782,'1982-1-23',1300,NULL,10);
java.sql.SQLSyntaxErrorException: user lacks privilege or object not found: T_CREATE_TABLE_003 in statement [insert into S_create_schema_001.t_create_table_003 values (7900,'MILLER','CLERK',7782,'1982-1-23',1300,NULL,10)]
SQL> 
SQL> 
SQL> 
SQL> --122 F311-05 GRANT statement,privilege at the table level (multiple)
SQL> connect user admin password '123456';
Database connected.
SQL> REVOKE all ON S_create_schema_001.t_create_table_003 FROM user_ddl RESTRICT;
0 rows affected
SQL> GRANT select,update ON S_create_schema_001.t_create_table_003 TO user_ddl;
0 rows affected
SQL> connect user user_ddl password '123456';
Database connected.
SQL> update S_create_schema_001.t_create_table_003 set ename = 'aaa' where sal = 1250;
1 row affected
SQL> insert into S_create_schema_001.t_create_table_003 values (7900,'MILLER','CLERK',7782,'1982-1-23',1300,NULL,10);
java.sql.SQLSyntaxErrorException: user lacks privilege or object not found: T_CREATE_TABLE_003 in statement [insert into S_create_schema_001.t_create_table_003 values (7900,'MILLER','CLERK',7782,'1982-1-23',1300,NULL,10)]
SQL> 
SQL> 
SQL> --122 F311-05 GRANT statement,privilege at the column level (1)
SQL> connect user admin password '123456';
Database connected.
SQL> REVOKE all ON S_create_schema_001.t_create_table_003 FROM user_ddl RESTRICT;
0 rows affected
SQL> grant select(ename) on S_create_schema_001.t_create_table_003 to user_ddl;
0 rows affected
SQL> connect user user_ddl password '123456';
Database connected.
SQL> select ename from S_create_schema_001.t_create_table_003 ;
+--------+
| ENAME  |
+--------+
| JONES  |
| MARTIN |
| BLAKE  |
| SMITH  |
| ALLEN  |
| aaa    |
| CLARK  |
| KING   |
| TURNER |
| JAMES  |
| FORD   |
| MILLER |
+--------+
12 rows selected.
SQL> select EMPNO from S_create_schema_001.t_create_table_003 ;
java.sql.SQLSyntaxErrorException: user lacks privilege or object not found: T_CREATE_TABLE_003 in statement [select EMPNO from S_create_schema_001.t_create_table_003 ]
SQL> exit
Disconnected.
