SQLCli Release 0.0.61
SQL> connect admin/123456
Database connected.
SQL> start DBLink-TeraData.sql
SQL> --    Description: 测试DBlink中的TeraData
   > --    Date:         2020-06-11
   > --    Author:       丁婷
SQL> drop database link TERADATA_LINK_001 if exists cascade;
0 rows affected
SQL> create database link TERADATA_LINK_001  CONNECT TO
   > 'testdblink' IDENTIFIED BY 'testdblink' 
   > USING 'jdbc:teradata://192.168.1.136/CLIENT_CHARSET=cp936,TMODE=TERA,CHARSET=ASCII,LOB_SUPPORT=ON,COLUMN_NAME = ON,MAYBENULL = ON,database=testdblinkbase'
   > PROPERTIES ('host':'192.168.1.136' , 'schema':'testdblinkbase');
0 rows affected
SQL> drop table TERADATA_LINK_001.T_DBLink_TERADATA_001 if exists cascade;
0 rows affected
SQL> create table TERADATA_LINK_001.T_DBLink_TERADATA_001 (
   > EMPNO INT,
   > ENAME VARCHAR(20),
   > JOB VARCHAR(20),
   > MGR INT,
   > HIREDATE DATE,
   > SAL INT,
   > COMM INT,
   > DEPTNO INT
   > );
0 rows affected
SQL> 
SQL> --测试插入数据
SQL> insert into TERADATA_LINK_001.T_DBLink_TERADATA_001 values 
   > (7369,'SMITH','CLERK',7902,'1980-12-17',800,NULL,20),
   > (7934,'MILLER','CLERK',7782,'1982-1-23',1300,NULL,10),
   > (7566,'JONES','MANAGER',7839,'1981-4-2',2975,NULL,20),
   > (7654,'MARTIN','SALESMAN',7698,'1981-9-28',1150,1400,30),
   > (7698,'BLAKE','MANAGER',7839,'1981-5-1',2850,NULL,30),
   > (7782,'CLARK','MANAGER',7839,'1981-6-9',2450,NULL,10),
   > (7839,'KING','PRESIDENT',NULL,'1981-11-17',5000,NULL,10),
   > (7844,'TURNER','SALESMAN',7698,'1981-9-8',1500,0,30);
8 rows affected
SQL> 
SQL> --测试增加字段
SQL> alter table TERADATA_LINK_001.T_DBLink_TERADATA_001 add column c4 int;
0 rows affected
SQL> select data_type from information_schema.columns where table_schema = 'TERADATA_LINK_001' and table_name = 'T_DBLink_TERADATA_001' and column_name = 'C4';
0 rows selected.
SQL> 
SQL> --测试删除字段
SQL> alter table TERADATA_LINK_001.T_DBLink_TERADATA_001 drop column c4;
0 rows affected
SQL> select count(*) from information_schema.columns where table_schema = 'TERADATA_LINK_001' and table_name = 'T_DBLink_TERADATA_001';
+----+
| C1 |
+----+
| 0  |
+----+
1 row selected.
SQL> 
SQL> --测试更新某一字段
SQL> UPDATE TERADATA_LINK_001.T_DBLink_TERADATA_001 SET SAL=9010 where EMPNO=7782;
1 row affected
SQL> 
SQL> --删除某一行数据
SQL> delete from TERADATA_LINK_001.T_DBLink_TERADATA_001 where EMPNO > 7782;
3 rows affected
SQL> 
SQL> --使用聚合函数查询数据行数
SQL> select count(*) from TERADATA_LINK_001.T_DBLink_TERADATA_001;
+----+
| C1 |
+----+
| 5  |
+----+
1 row selected.
SQL> drop table TERADATA_LINK_001.T_DBLink_TERADATA_001 if exists cascade;
0 rows affected
SQL> drop database link TERADATA_LINK_001 if exists cascade;
0 rows affected
SQL> exit
Disconnected.
