SQLCli Release 0.0.61
SQL> connect admin/123456
Database connected.
SQL> start DBLink-mysql.sql
SQL> --    Description: 测试DBlink中的mysql数据库
   > --    Date:         2020-06-11
   > --    Author:       丁婷
SQL> drop database link MYSQL_LINK_001 if exists cascade;
0 rows affected
SQL> create database link MYSQL_LINK_001 connect to 'test' identified by '123456' using 'jdbc:mysql://192.168.1.72:3307/ldb_test';
0 rows affected
SQL> drop table MYSQL_LINK_001.T_DBLink_MYSQL_001 if exists cascade;
0 rows affected
SQL> create table MYSQL_LINK_001.T_DBLink_MYSQL_001 (
   > tsmallint smallint,
   > tint int,
   > tbigint bigint,
   > treal real,
   > tfloat float,
   > tdecimal decimal(4,2),
   > tnumeric numeric(4,2),
   > tdate date,
   > tdatetime timestamp,
   > tchar char(200),
   > tvarchar varchar(200),
   > tbinary binary(100),
   > tvarbinary varbinary(100)
   > );
0 rows affected
SQL> 
SQL> --测试插入数据
SQL> insert into MYSQL_LINK_001.T_DBLink_MYSQL_001 values 
   > (1,1,98642456,1,1,1,1,'2018-01-01','2018-02-02 10:11:12','qq','ss','0x1234567890','0x3654879871'),
   > (2,56789,98642256,1,1,1,1,'2018-01-01','2018-02-02 10:11:12','qq','ss','0x1234567890','0x3654879871'),
   > (3,34689,98642356,1,1,1,1,'2018-01-01','2018-02-02 10:11:12','qq','ss','0x1234567890','0x3654879871');
3 rows affected
SQL> 
SQL> --测试增加字段
SQL> alter table MYSQL_LINK_001.T_DBLink_MYSQL_001 add column c4 int;
0 rows affected
SQL> select data_type from information_schema.columns where table_schema = 'MYSQL_LINK_001' and table_name = 'T_DBLink_MYSQL_001' and column_name = 'C4';
0 rows selected.
SQL> 
SQL> --测试删除字段
SQL> alter table MYSQL_LINK_001.T_DBLink_MYSQL_001 drop column c4;
0 rows affected
SQL> select count(*) from information_schema.columns where table_schema = 'MYSQL_LINK_001' and table_name = 'T_DBLink_MYSQL_001';
+----+
| C1 |
+----+
| 0  |
+----+
1 row selected.
SQL> 
SQL> --测试更新某一字段
SQL> UPDATE MYSQL_LINK_001.T_DBLink_MYSQL_001 SET tfloat=123.111 where tint>1;
2 rows affected
SQL> 
SQL> --删除某一行数据
SQL> delete from MYSQL_LINK_001.T_DBLink_MYSQL_001 where tsmallint > 2;
1 row affected
SQL> 
SQL> --使用聚合函数查询数据行数
SQL> select count(*) from MYSQL_LINK_001.T_DBLink_MYSQL_001;
+----+
| C1 |
+----+
| 2  |
+----+
1 row selected.
SQL> drop table MYSQL_LINK_001.T_DBLink_MYSQL_001 if exists cascade;
0 rows affected
SQL> drop database link MYSQL_LINK_001 if exists cascade;
0 rows affected
SQL> exit
Disconnected.
