SQLCli Release 0.0.61
SQL> connect admin/123456
Database connected.
SQL> start LDB_EXT_机器学习基本算子.sql
SQL> --    Description: 测试机器学习算子
   > --    Date:         2020-06-11
   > --    Author:       丁婷
   > 
   > -- 测试decision tree
SQL> DROP MODEL M_Decision_Tree_001 IF EXISTS;
0 rows affected
SQL> DROP TABLE T_Decision_Tree_001 IF EXISTS CASCADE;
0 rows affected
SQL> DROP TABLE T_Decision_Tree_PREDICT_001 IF EXISTS CASCADE;
0 rows affected
SQL> CREATE TABLE T_Decision_Tree_001(
   > LABEL DOUBLE, 
   > FEATURES DOUBLE ARRAY
   > );
0 rows affected
SQL> INSERT INTO T_Decision_Tree_001 VALUES
   >  (0, ARRAY[1, 0, 0]),
   >  (0, ARRAY[2, 0, 0]),
   >  (0, ARRAY[3, 0, 0]),
   >  (0, ARRAY[4, 0, 0]),
   >  (1, ARRAY[0, 1, 0]),
   >  (1, ARRAY[0, 2, 0]),
   >  (1, ARRAY[0, 3, 0]),
   >  (1, ARRAY[0, 4, 0]),
   >  (2, ARRAY[0, 0, 1]),
   >  (2, ARRAY[0, 0, 2]),
   >  (2, ARRAY[0, 0, 3]),
   >  (2, ARRAY[0, 0, 4]);
12 rows affected
SQL> CREATE TABLE T_Decision_Tree_PREDICT_001(
   > ID VARCHAR(20),
   > FEATURES DOUBLE ARRAY
   >  );
0 rows affected
SQL> INSERT INTO T_Decision_Tree_PREDICT_001 VALUES
   > ('ls', ARRAY[0.0, 0.0, 9.0]),
   > ('zs', ARRAY[8.0, 0.0, 0.0]);
2 rows affected
SQL> CREATE MODEL M_Decision_Tree_001 AS DECISION_TREE_TRAIN(T_Decision_Tree_001);
0 rows affected
SQL> SELECT * FROM DECISION_TREE_PREDICT(M_Decision_Tree_001, (SELECT ID, FEATURES FROM T_Decision_Tree_PREDICT_001 order by ID));
+----+--------------------------+------------+
| ID | FEATURES                 | PREDICTION |
+----+--------------------------+------------+
| ls | ARRAY[0.0E0,0.0E0,9.0E0] | 2          |
| zs | ARRAY[8.0E0,0.0E0,0.0E0] | 0          |
+----+--------------------------+------------+
2 rows selected.
SQL> UPDATE MODEL M_Decision_Tree_001 as DECISION_TREE_TRAIN(T_Decision_Tree_001,5,32,1,0.0,256,false);
0 rows affected
SQL> SELECT * FROM DECISION_TREE_PREDICT(M_Decision_Tree_001, (SELECT ID, FEATURES FROM T_Decision_Tree_PREDICT_001 order by ID));
+----+--------------------------+------------+
| ID | FEATURES                 | PREDICTION |
+----+--------------------------+------------+
| ls | ARRAY[0.0E0,0.0E0,9.0E0] | 2          |
| zs | ARRAY[8.0E0,0.0E0,0.0E0] | 0          |
+----+--------------------------+------------+
2 rows selected.
SQL> DROP MODEL M_Decision_Tree_001 IF EXISTS;
0 rows affected
SQL> DROP TABLE T_Decision_Tree_001 IF EXISTS CASCADE;
0 rows affected
SQL> DROP TABLE T_Decision_Tree_PREDICT_001 IF EXISTS CASCADE;
0 rows affected
SQL> 
SQL> 
SQL> -- 测试als
SQL> DROP MODEL M_ALS_MODEL_001 if exists;
0 rows affected
SQL> DROP TABLE T_ALS_DATA_001 IF EXISTS CASCADE;
0 rows affected
SQL> CREATE TABLE T_ALS_DATA_001 (userId int, itemId int, rating float, timestamp bigint);
0 rows affected
SQL> INSERT INTO T_ALS_DATA_001 VALUES ((0, 2, 3.0, 1424380288),(0, 3, 1.0, 1424380288),(0, 5, 2.0, 1424380288),(0, 9, 4.0, 1424380288),(0, 11, 1.0, 1424380288),(0, 12, 2.0, 1424380288),(0, 15, 1.0, 1424380288),(0, 17, 1.0, 1424380288),(0, 19, 1.0, 1424380288),(0, 21, 1.0, 1424380288),(0, 23, 1.0, 1424380288),(0, 26, 3.0, 1424380288),(0, 27, 1.0, 1424380288),(0, 28, 1.0, 1424380288),(0, 29, 1.0, 1424380288),(0, 30, 1.0, 1424380288),(0, 31, 1.0, 1424380288),(0, 34, 1.0, 1424380288),(0, 37, 1.0, 1424380288),(0, 41, 2.0, 1424380288),(0, 44, 1.0, 1424380288),(0, 45, 2.0, 1424380288),(0, 46, 1.0, 1424380288),(0, 47, 1.0, 1424380288),(0, 48, 1.0, 1424380288),(0, 50, 1.0, 1424380288),(0, 51, 1.0, 1424380288),(0, 54, 1.0, 1424380288));
28 rows affected
SQL> CREATE MODEL M_ALS_MODEL_001 AS ALS_TRAIN(T_ALS_DATA_001);
0 rows affected
SQL> UPDATE MODEL M_ALS_MODEL_001 AS ALS_TRAIN(T_ALS_DATA_001,10,0.1,10,10,10,false,1.0,false);
0 rows affected
SQL> select userId,itemId,round(PREDICTION,315) from als_predict(M_ALS_MODEL_001,(select userId,itemId from T_ALS_DATA_001 order by userId,itemId));
+--------+--------+------------------+
| USERID | ITEMID | C3               |
+--------+--------+------------------+
| 0      | 2      | 5.321917426e-315 |
| 0      | 3      | 5.258484689e-315 |
| 0      | 5      | 5.299929919e-315 |
| 0      | 9      | 5.341375149e-315 |
| 0      | 11     | 5.258484689e-315 |
| 0      | 12     | 5.299929919e-315 |
| 0      | 15     | 5.258484689e-315 |
| 0      | 17     | 5.258484689e-315 |
| 0      | 19     | 5.258484689e-315 |
| 0      | 21     | 5.258484689e-315 |
| 0      | 23     | 5.258484689e-315 |
| 0      | 26     | 5.321917426e-315 |
| 0      | 27     | 5.258484689e-315 |
| 0      | 28     | 5.258484689e-315 |
| 0      | 29     | 5.258484689e-315 |
| 0      | 30     | 5.258484689e-315 |
| 0      | 31     | 5.258484689e-315 |
| 0      | 34     | 5.258484689e-315 |
| 0      | 37     | 5.258484689e-315 |
| 0      | 41     | 5.299929919e-315 |
| 0      | 44     | 5.258484689e-315 |
| 0      | 45     | 5.299929919e-315 |
| 0      | 46     | 5.258484689e-315 |
| 0      | 47     | 5.258484689e-315 |
| 0      | 48     | 5.258484689e-315 |
| 0      | 50     | 5.258484689e-315 |
| 0      | 51     | 5.258484689e-315 |
| 0      | 54     | 5.258484689e-315 |
+--------+--------+------------------+
28 rows selected.
SQL> DROP MODEL M_ALS_MODEL_001 if exists;
0 rows affected
SQL> DROP TABLE T_ALS_DATA_001 IF EXISTS CASCADE;
0 rows affected
SQL> exit
Disconnected.
