SQLCli Release 0.0.61
SQL> connect admin/123456
Database connected.
SQL> start ldbdist.sql
SQL> --    Description: 测试ldbdist
   > --    Date:         2020-06-16
   > --    Author:       丁婷
   > 
   > --测试2891 LDBX048-01-04 one machine
SQL> DROP TABLE T_LDBDIST_SINGFILE_001 if exists;
0 rows affected
SQL> DROP TABLE T_LDBDIST_MANYFILE_001 if exists;
0 rows affected
SQL> DROP TABLE T_LDBDIST_SINGDIR_001 if exists;
0 rows affected
SQL> DROP TABLE T_LDBDIST_MANYDIR_001 if exists;
0 rows affected
SQL> DROP TABLE T_LDBDIST_ZHENGZE_001 if exists;
0 rows affected
SQL> DROP TABLE T_LDBDIST_MIXFILE_001 if exists;
0 rows affected
SQL> CREATE EXTERNAL TABLE T_LDBDIST_SINGFILE_001 (
   > a char(20),
   > b VARCHAR(20),
   > c int,
   > d decimal(5,3),
   > e float(2),
   > f date,
   > g timestamp
   > ) LOCATION ('ldbdist://192.168.1.71:54323/single/singles.csv') FORMAT 'csv' (DELIMITER ',');
0 rows affected
SQL> select * from T_LDBDIST_SINGFILE_001;
+----------------------+----+---+--------+------+--------+--------+
| A                    | B  | C | D      | E    | F      | G      |
+----------------------+----+---+--------+------+--------+--------+
| node1                | dd | 1 | 12.888 | 10.1 | <null> | <null> |
| node1                | dd | 1 | 12.888 | 10.1 | <null> | <null> |
| node1                | dd | 1 | 12.888 | 10.1 | <null> | <null> |
| node1                | dd | 1 | 12.888 | 10.1 | <null> | <null> |
+----------------------+----+---+--------+------+--------+--------+
4 rows selected.
SQL> CREATE EXTERNAL TABLE T_LDBDIST_MANYFILE_001 (
   > a char(20),
   > b VARCHAR(20),
   > c int,
   > d decimal(5,3),
   > e float(2),
   > f date,
   > g timestamp
   > ) LOCATION ('ldbdist://192.168.1.71:54323/files/files1.csv,ldbdist://192.168.1.71:54323/files/files2.csv,ldbdist://192.168.1.71:54323/files/files3.csv') FORMAT 'csv' (DELIMITER ',');
0 rows affected
SQL> select * from T_LDBDIST_MANYFILE_001 order by f;
+----------------------+----+---+--------+------+-----------+---------------------+
| A                    | B  | C | D      | E    | F         | G                   |
+----------------------+----+---+--------+------+-----------+---------------------+
| c                    | cc | 1 | 12.888 | 10.1 | <null>    | <null>              |
| c                    | cc | 1 | 12.888 | 10.1 | <null>    | <null>              |
| c                    | cc | 1 | 12.888 | 10.1 | <null>    | <null>              |
| c                    | cc | 1 | 12.888 | 10.1 | <null>    | <null>              |
| b                    | bb | 1 | 12.888 | 10.1 | <null>    | <null>              |
| b                    | bb | 1 | 12.888 | 10.1 | <null>    | <null>              |
| b                    | bb | 1 | 12.888 | 10.1 | <null>    | <null>              |
| b                    | bb | 1 | 12.888 | 10.1 | <null>    | <null>              |
| a                    | aa | 1 | 12.888 | 10.1 | 2018-12-6 | 2018-12-07 00:00:00 |
| a                    | aa | 1 | 12.888 | 10.1 | 2018-12-7 | 2018-12-07 00:00:00 |
| a                    | aa | 1 | 12.888 | 10.1 | 2018-12-8 | 2018-12-07 00:00:00 |
| a                    | aa | 1 | 12.888 | 10.1 | 2018-12-9 | 2018-12-07 00:00:00 |
+----------------------+----+---+--------+------+-----------+---------------------+
12 rows selected.
SQL> CREATE EXTERNAL TABLE T_LDBDIST_SINGDIR_001 (
   > a char(20),
   > b VARCHAR(20),
   > c int,
   > d decimal(5,3),
   > e float(2),
   > f date,
   > g timestamp
   > ) LOCATION ('ldbdist://192.168.1.71:54323/files') FORMAT 'csv' (DELIMITER ',');
0 rows affected
SQL> select * from T_LDBDIST_SINGDIR_001 order by f;
+----------------------+----+---+--------+------+-----------+---------------------+
| A                    | B  | C | D      | E    | F         | G                   |
+----------------------+----+---+--------+------+-----------+---------------------+
| b                    | bb | 1 | 12.888 | 10.1 | <null>    | <null>              |
| b                    | bb | 1 | 12.888 | 10.1 | <null>    | <null>              |
| b                    | bb | 1 | 12.888 | 10.1 | <null>    | <null>              |
| b                    | bb | 1 | 12.888 | 10.1 | <null>    | <null>              |
| c                    | cc | 1 | 12.888 | 10.1 | <null>    | <null>              |
| c                    | cc | 1 | 12.888 | 10.1 | <null>    | <null>              |
| c                    | cc | 1 | 12.888 | 10.1 | <null>    | <null>              |
| c                    | cc | 1 | 12.888 | 10.1 | <null>    | <null>              |
| a                    | aa | 1 | 12.888 | 10.1 | 2018-12-6 | 2018-12-07 00:00:00 |
| a                    | aa | 1 | 12.888 | 10.1 | 2018-12-7 | 2018-12-07 00:00:00 |
| a                    | aa | 1 | 12.888 | 10.1 | 2018-12-8 | 2018-12-07 00:00:00 |
| a                    | aa | 1 | 12.888 | 10.1 | 2018-12-9 | 2018-12-07 00:00:00 |
+----------------------+----+---+--------+------+-----------+---------------------+
12 rows selected.
SQL> CREATE EXTERNAL TABLE T_LDBDIST_MANYDIR_001 (
   > a char(20),
   > b VARCHAR(20),
   > c int,
   > d decimal(5,3),
   > e float(2),
   > f date,
   > g timestamp
   > ) LOCATION ('ldbdist://192.168.1.71:54323/single,ldbdist://192.168.1.71:54323/files') FORMAT 'csv' (DELIMITER ',');
0 rows affected
SQL> select * from T_LDBDIST_MANYDIR_001 order by f;
+----------------------+----+---+--------+------+-----------+---------------------+
| A                    | B  | C | D      | E    | F         | G                   |
+----------------------+----+---+--------+------+-----------+---------------------+
| c                    | cc | 1 | 12.888 | 10.1 | <null>    | <null>              |
| c                    | cc | 1 | 12.888 | 10.1 | <null>    | <null>              |
| c                    | cc | 1 | 12.888 | 10.1 | <null>    | <null>              |
| c                    | cc | 1 | 12.888 | 10.1 | <null>    | <null>              |
| node1                | dd | 1 | 12.888 | 10.1 | <null>    | <null>              |
| node1                | dd | 1 | 12.888 | 10.1 | <null>    | <null>              |
| node1                | dd | 1 | 12.888 | 10.1 | <null>    | <null>              |
| node1                | dd | 1 | 12.888 | 10.1 | <null>    | <null>              |
| b                    | bb | 1 | 12.888 | 10.1 | <null>    | <null>              |
| b                    | bb | 1 | 12.888 | 10.1 | <null>    | <null>              |
| b                    | bb | 1 | 12.888 | 10.1 | <null>    | <null>              |
| b                    | bb | 1 | 12.888 | 10.1 | <null>    | <null>              |
| a                    | aa | 1 | 12.888 | 10.1 | 2018-12-6 | 2018-12-07 00:00:00 |
| a                    | aa | 1 | 12.888 | 10.1 | 2018-12-7 | 2018-12-07 00:00:00 |
| a                    | aa | 1 | 12.888 | 10.1 | 2018-12-8 | 2018-12-07 00:00:00 |
| a                    | aa | 1 | 12.888 | 10.1 | 2018-12-9 | 2018-12-07 00:00:00 |
+----------------------+----+---+--------+------+-----------+---------------------+
16 rows selected.
SQL> CREATE EXTERNAL TABLE T_LDBDIST_ZHENGZE_001 (
   > a char(20),
   > b VARCHAR(20),
   > c int,
   > d decimal(5,3),
   > e float(2),
   > f date,
   > g timestamp
   > )LOCATION ('ldbdist://192.168.1.71:54323/files/files[1-3].csv') FORMAT 'csv' (DELIMITER ',');
0 rows affected
SQL> select * from T_LDBDIST_ZHENGZE_001 order by f; 
+----------------------+----+---+--------+------+-----------+---------------------+
| A                    | B  | C | D      | E    | F         | G                   |
+----------------------+----+---+--------+------+-----------+---------------------+
| c                    | cc | 1 | 12.888 | 10.1 | <null>    | <null>              |
| c                    | cc | 1 | 12.888 | 10.1 | <null>    | <null>              |
| c                    | cc | 1 | 12.888 | 10.1 | <null>    | <null>              |
| c                    | cc | 1 | 12.888 | 10.1 | <null>    | <null>              |
| b                    | bb | 1 | 12.888 | 10.1 | <null>    | <null>              |
| b                    | bb | 1 | 12.888 | 10.1 | <null>    | <null>              |
| b                    | bb | 1 | 12.888 | 10.1 | <null>    | <null>              |
| b                    | bb | 1 | 12.888 | 10.1 | <null>    | <null>              |
| a                    | aa | 1 | 12.888 | 10.1 | 2018-12-6 | 2018-12-07 00:00:00 |
| a                    | aa | 1 | 12.888 | 10.1 | 2018-12-7 | 2018-12-07 00:00:00 |
| a                    | aa | 1 | 12.888 | 10.1 | 2018-12-8 | 2018-12-07 00:00:00 |
| a                    | aa | 1 | 12.888 | 10.1 | 2018-12-9 | 2018-12-07 00:00:00 |
+----------------------+----+---+--------+------+-----------+---------------------+
12 rows selected.
SQL> CREATE EXTERNAL TABLE T_LDBDIST_MIXFILE_001 (
   > a char(20),
   > b VARCHAR(20),
   > c int,
   > d decimal(5,3),
   > e float(2),
   > f date,
   > g timestamp
   > )LOCATION ('ldbdist://192.168.1.71:54323/files/files[1-3].csv,ldbdist://192.168.1.71:54323/single') FORMAT 'csv' (DELIMITER ',');
0 rows affected
SQL> select * from T_LDBDIST_MIXFILE_001 order by f;
+----------------------+----+---+--------+------+-----------+---------------------+
| A                    | B  | C | D      | E    | F         | G                   |
+----------------------+----+---+--------+------+-----------+---------------------+
| node1                | dd | 1 | 12.888 | 10.1 | <null>    | <null>              |
| node1                | dd | 1 | 12.888 | 10.1 | <null>    | <null>              |
| node1                | dd | 1 | 12.888 | 10.1 | <null>    | <null>              |
| node1                | dd | 1 | 12.888 | 10.1 | <null>    | <null>              |
| b                    | bb | 1 | 12.888 | 10.1 | <null>    | <null>              |
| b                    | bb | 1 | 12.888 | 10.1 | <null>    | <null>              |
| b                    | bb | 1 | 12.888 | 10.1 | <null>    | <null>              |
| b                    | bb | 1 | 12.888 | 10.1 | <null>    | <null>              |
| c                    | cc | 1 | 12.888 | 10.1 | <null>    | <null>              |
| c                    | cc | 1 | 12.888 | 10.1 | <null>    | <null>              |
| c                    | cc | 1 | 12.888 | 10.1 | <null>    | <null>              |
| c                    | cc | 1 | 12.888 | 10.1 | <null>    | <null>              |
| a                    | aa | 1 | 12.888 | 10.1 | 2018-12-6 | 2018-12-07 00:00:00 |
| a                    | aa | 1 | 12.888 | 10.1 | 2018-12-7 | 2018-12-07 00:00:00 |
| a                    | aa | 1 | 12.888 | 10.1 | 2018-12-8 | 2018-12-07 00:00:00 |
| a                    | aa | 1 | 12.888 | 10.1 | 2018-12-9 | 2018-12-07 00:00:00 |
+----------------------+----+---+--------+------+-----------+---------------------+
16 rows selected.
SQL> DROP TABLE T_LDBDIST_SINGFILE_001 if exists;
0 rows affected
SQL> DROP TABLE T_LDBDIST_MANYFILE_001 if exists;
0 rows affected
SQL> DROP TABLE T_LDBDIST_SINGDIR_001 if exists;
0 rows affected
SQL> DROP TABLE T_LDBDIST_MANYDIR_001 if exists;
0 rows affected
SQL> DROP TABLE T_LDBDIST_ZHENGZE_001 if exists;
0 rows affected
SQL> DROP TABLE T_LDBDIST_MIXFILE_001 if exists;
0 rows affected
SQL> exit
Disconnected.
