SQLCli Release 0.0.61
SQL> connect admin/123456
Database connected.
SQL> start OLAP_CUBE.sql
SQL> --    Description: OLAP_CUBE
   > --    Date:         2020-06-12
   > --    Author:       丁婷
SQL> set echo on
SQL> 
SQL> --652 T431 Extended grouping capabilities (previously "CUBE and ROLLUP operations")
SQL> drop table if exists T_OLAP_CUBE_ROOLLUP_001;
0 rows affected
SQL> create table T_OLAP_CUBE_ROOLLUP_001 (
   > id int, 
   > job varchar(100), 
   > name varchar(100), 
   > salary int
   > );
0 rows affected
SQL> insert into T_OLAP_CUBE_ROOLLUP_001 values 
   > (10,'Coding','Bruce',1000),
   > (10,'Programmer','Clair',1000),
   > (10,'Architect','Gideon',1000),
   > (10,'Director','Hill',1000),
   > (20,'Coding','Jason',2000),
   > (20,'Programmer','Joey',2000),
   > (20,'Architect','Martin',2000),
   > (20,'Director','Michael',2000),
   > (30,'Coding','Rebecca',3000),
   > (30,'Programmer','Rex',3000),
   > (30,'Architect','Richard',3000),
   > (30,'Director','Sabrina',3000),
   > (40,'Coding','Samuel',4000),
   > (40,'Programmer','Susy',4000),
   > (40,'Architect','Tina',4000),
   > (40,'Director','Wendy',4000);
16 rows affected
SQL> 
SQL> --预期结果是5
SQL> select count(*) from (
   > select id,sum(salary) from T_OLAP_CUBE_ROOLLUP_001 group by rollup(id));
+----+
| C1 |
+----+
| 5  |
+----+
1 row selected.
SQL> 
SQL> --预期结果是5
SQL> select count(*) from (
   > select id,sum(salary) from T_OLAP_CUBE_ROOLLUP_001 group by id with rollup);
+----+
| C1 |
+----+
| 5  |
+----+
1 row selected.
SQL> 
SQL> --预期结果是5
SQL> select count(*) from (
   > select id,sum(salary) from T_OLAP_CUBE_ROOLLUP_001 group by cube(id));
+----+
| C1 |
+----+
| 5  |
+----+
1 row selected.
SQL> 
SQL> --预期结果是5
SQL> select count(*) from (
   > select id,sum(salary) from T_OLAP_CUBE_ROOLLUP_001 group by id with cube);
+----+
| C1 |
+----+
| 5  |
+----+
1 row selected.
SQL> drop table if exists T_OLAP_CUBE_ROOLLUP_001;
0 rows affected
SQL> drop table if exists T_OLAP_CUBE_ROOLLUP_002;
0 rows affected
SQL> CREATE TABLE T_OLAP_CUBE_ROOLLUP_002 (
   >   fact_1_id   int,
   >   fact_2_id   int,
   >   fact_3_id   int,
   >   fact_4_id   int,
   >   sales_value numeric(5,2) NOT NULL
   > );
0 rows affected
SQL> insert into T_OLAP_CUBE_ROOLLUP_002 values 
   > (2,3,5,4,50.19),
   > (1,5,10,2,58.51),
   > (2,2,1,9,18.09),
   > (1,1,6,3,55.05),
   > (1,5,10,5,79.51),
   > (1,3,8,9,49.28),
   > (2,3,1,7,25.2),
   > (1,5,10,7,49.32),
   > (2,5,7,7,68.4),
   > (1,3,10,10,57.7);
10 rows affected
SQL> SELECT fact_1_id,
   >        fact_2_id,
   >        SUM(sales_value) AS sales_value
   > FROM   T_OLAP_CUBE_ROOLLUP_002
   > GROUP BY ROLLUP (fact_1_id, fact_2_id)
   > ORDER BY fact_1_id, fact_2_id;
+-----------+-----------+-------------+
| FACT_1_ID | FACT_2_ID | SALES_VALUE |
+-----------+-----------+-------------+
| <null>    | <null>    | 511.25      |
| 1         | <null>    | 349.37      |
| 1         | 1         | 55.05       |
| 1         | 3         | 106.98      |
| 1         | 5         | 187.34      |
| 2         | <null>    | 161.88      |
| 2         | 2         | 18.09       |
| 2         | 3         | 75.39       |
| 2         | 5         | 68.4        |
+-----------+-----------+-------------+
9 rows selected.
SQL> SELECT fact_1_id,
   >        fact_2_id,
   >        fact_3_id,
   >        SUM(sales_value) AS sales_value
   > FROM   T_OLAP_CUBE_ROOLLUP_002
   > GROUP BY ROLLUP (fact_1_id, fact_2_id, fact_3_id)
   > ORDER BY fact_1_id, fact_2_id, fact_3_id;
+-----------+-----------+-----------+-------------+
| FACT_1_ID | FACT_2_ID | FACT_3_ID | SALES_VALUE |
+-----------+-----------+-----------+-------------+
| <null>    | <null>    | <null>    | 511.25      |
| 1         | <null>    | <null>    | 349.37      |
| 1         | 1         | <null>    | 55.05       |
| 1         | 1         | 6         | 55.05       |
| 1         | 3         | <null>    | 106.98      |
| 1         | 3         | 8         | 49.28       |
| 1         | 3         | 10        | 57.7        |
| 1         | 5         | <null>    | 187.34      |
| 1         | 5         | 10        | 187.34      |
| 2         | <null>    | <null>    | 161.88      |
| 2         | 2         | <null>    | 18.09       |
| 2         | 2         | 1         | 18.09       |
| 2         | 3         | <null>    | 75.39       |
| 2         | 3         | 1         | 25.2        |
| 2         | 3         | 5         | 50.19       |
| 2         | 5         | <null>    | 68.4        |
| 2         | 5         | 7         | 68.4        |
+-----------+-----------+-----------+-------------+
17 rows selected.
SQL> SELECT fact_1_id,
   >        fact_2_id,
   >        fact_3_id,
   >        SUM(sales_value) AS sales_value
   > FROM   T_OLAP_CUBE_ROOLLUP_002
   > GROUP BY fact_1_id, ROLLUP (fact_2_id, fact_3_id)
   > ORDER BY fact_1_id, fact_2_id, fact_3_id;
+-----------+-----------+-----------+-------------+
| FACT_1_ID | FACT_2_ID | FACT_3_ID | SALES_VALUE |
+-----------+-----------+-----------+-------------+
| 1         | <null>    | <null>    | 349.37      |
| 1         | 1         | <null>    | 55.05       |
| 1         | 1         | 6         | 55.05       |
| 1         | 3         | <null>    | 106.98      |
| 1         | 3         | 8         | 49.28       |
| 1         | 3         | 10        | 57.7        |
| 1         | 5         | <null>    | 187.34      |
| 1         | 5         | 10        | 187.34      |
| 2         | <null>    | <null>    | 161.88      |
| 2         | 2         | <null>    | 18.09       |
| 2         | 2         | 1         | 18.09       |
| 2         | 3         | <null>    | 75.39       |
| 2         | 3         | 1         | 25.2        |
| 2         | 3         | 5         | 50.19       |
| 2         | 5         | <null>    | 68.4        |
| 2         | 5         | 7         | 68.4        |
+-----------+-----------+-----------+-------------+
16 rows selected.
SQL> SELECT fact_1_id,
   >        fact_2_id,
   >        SUM(sales_value) AS sales_value
   > FROM   T_OLAP_CUBE_ROOLLUP_002
   > GROUP BY CUBE (fact_1_id, fact_2_id)
   > ORDER BY fact_1_id, fact_2_id;
+-----------+-----------+-------------+
| FACT_1_ID | FACT_2_ID | SALES_VALUE |
+-----------+-----------+-------------+
| <null>    | <null>    | 511.25      |
| <null>    | 1         | 55.05       |
| <null>    | 2         | 18.09       |
| <null>    | 3         | 182.37      |
| <null>    | 5         | 255.74      |
| 1         | <null>    | 349.37      |
| 1         | 1         | 55.05       |
| 1         | 3         | 106.98      |
| 1         | 5         | 187.34      |
| 2         | <null>    | 161.88      |
| 2         | 2         | 18.09       |
| 2         | 3         | 75.39       |
| 2         | 5         | 68.4        |
+-----------+-----------+-------------+
13 rows selected.
SQL> SELECT fact_1_id,
   >        fact_2_id,
   >        fact_3_id,
   >        SUM(sales_value) AS sales_value
   > FROM   T_OLAP_CUBE_ROOLLUP_002
   > GROUP BY CUBE (fact_1_id, fact_2_id, fact_3_id)
   > ORDER BY fact_1_id, fact_2_id, fact_3_id;
+-----------+-----------+-----------+-------------+
| FACT_1_ID | FACT_2_ID | FACT_3_ID | SALES_VALUE |
+-----------+-----------+-----------+-------------+
| <null>    | <null>    | <null>    | 511.25      |
| <null>    | <null>    | 1         | 43.29       |
| <null>    | <null>    | 5         | 50.19       |
| <null>    | <null>    | 6         | 55.05       |
| <null>    | <null>    | 7         | 68.4        |
| <null>    | <null>    | 8         | 49.28       |
| <null>    | <null>    | 10        | 245.04      |
| <null>    | 1         | <null>    | 55.05       |
| <null>    | 1         | 6         | 55.05       |
| <null>    | 2         | <null>    | 18.09       |
| <null>    | 2         | 1         | 18.09       |
| <null>    | 3         | <null>    | 182.37      |
| <null>    | 3         | 1         | 25.2        |
| <null>    | 3         | 5         | 50.19       |
| <null>    | 3         | 8         | 49.28       |
| <null>    | 3         | 10        | 57.7        |
| <null>    | 5         | <null>    | 255.74      |
| <null>    | 5         | 7         | 68.4        |
| <null>    | 5         | 10        | 187.34      |
| 1         | <null>    | <null>    | 349.37      |
| 1         | <null>    | 6         | 55.05       |
| 1         | <null>    | 8         | 49.28       |
| 1         | <null>    | 10        | 245.04      |
| 1         | 1         | <null>    | 55.05       |
| 1         | 1         | 6         | 55.05       |
| 1         | 3         | <null>    | 106.98      |
| 1         | 3         | 8         | 49.28       |
| 1         | 3         | 10        | 57.7        |
| 1         | 5         | <null>    | 187.34      |
| 1         | 5         | 10        | 187.34      |
| 2         | <null>    | <null>    | 161.88      |
| 2         | <null>    | 1         | 43.29       |
| 2         | <null>    | 5         | 50.19       |
| 2         | <null>    | 7         | 68.4        |
| 2         | 2         | <null>    | 18.09       |
| 2         | 2         | 1         | 18.09       |
| 2         | 3         | <null>    | 75.39       |
| 2         | 3         | 1         | 25.2        |
| 2         | 3         | 5         | 50.19       |
| 2         | 5         | <null>    | 68.4        |
| 2         | 5         | 7         | 68.4        |
+-----------+-----------+-----------+-------------+
41 rows selected.
SQL> SELECT fact_1_id,
   >        fact_2_id,
   >        fact_3_id,
   >        SUM(sales_value) AS sales_value
   > FROM   T_OLAP_CUBE_ROOLLUP_002
   > GROUP BY fact_1_id, CUBE (fact_2_id, fact_3_id)
   > ORDER BY fact_1_id, fact_2_id, fact_3_id;
+-----------+-----------+-----------+-------------+
| FACT_1_ID | FACT_2_ID | FACT_3_ID | SALES_VALUE |
+-----------+-----------+-----------+-------------+
| 1         | <null>    | <null>    | 349.37      |
| 1         | <null>    | 6         | 55.05       |
| 1         | <null>    | 8         | 49.28       |
| 1         | <null>    | 10        | 245.04      |
| 1         | 1         | <null>    | 55.05       |
| 1         | 1         | 6         | 55.05       |
| 1         | 3         | <null>    | 106.98      |
| 1         | 3         | 8         | 49.28       |
| 1         | 3         | 10        | 57.7        |
| 1         | 5         | <null>    | 187.34      |
| 1         | 5         | 10        | 187.34      |
| 2         | <null>    | <null>    | 161.88      |
| 2         | <null>    | 1         | 43.29       |
| 2         | <null>    | 5         | 50.19       |
| 2         | <null>    | 7         | 68.4        |
| 2         | 2         | <null>    | 18.09       |
| 2         | 2         | 1         | 18.09       |
| 2         | 3         | <null>    | 75.39       |
| 2         | 3         | 1         | 25.2        |
| 2         | 3         | 5         | 50.19       |
| 2         | 5         | <null>    | 68.4        |
| 2         | 5         | 7         | 68.4        |
+-----------+-----------+-----------+-------------+
22 rows selected.
SQL> drop table if exists T_OLAP_CUBE_ROOLLUP_002;
0 rows affected
SQL> exit
Disconnected.
