SQLCli Release 0.0.74
SQL> connect admin/123456
Database connected.
SQL> start 11view.sql
SQL> --Description: doc 11 chapter view
   > --Date：2020-07-13
   > --Author：满意
SQL> drop table EMP if exists cascade;
0 rows affected
SQL> drop table DEPT if exists cascade;
0 rows affected
SQL> CREATE TABLE EMP (EMPNO INT,
   > ENAME VARCHAR(20),
   > JOB VARCHAR(20),
   > MGR INT,
   > HIREDATE DATE,
   > SAL INT,
   > COMM INT,
   > DEPTNO INT);
0 rows affected
SQL> INSERT INTO EMP VALUES (7369,'SMITH','CLERK',7902,TO_DATE('1980-12-17'
   > ,'yyyy-mm-dd'),800,NULL,20);
1 row affected
SQL> INSERT INTO EMP VALUES (7499,'ALLEN','SALESMAN',7698,TO_DATE('1981-2-20'
   > ,'yyyy-mm-dd'),1600,300,30);
1 row affected
SQL> INSERT INTO EMP VALUES (7521,'WARD','SALESMAN',7698,TO_DATE('1981-2-2'
   > ,'yyyy-mm-dd'),1250,500,30);
1 row affected
SQL> INSERT INTO EMP VALUES (7566,'JONES','MANAGER',7839,TO_DATE('1981-4-2'
   > ,'yyyy-mm-dd'),2975,NULL,20);
1 row affected
SQL> INSERT INTO EMP VALUES (7654,'MARTIN','SALESMAN',7698,TO_DATE('1981-9-28'
   > ,'yyyy-mm-dd'),1250,1400,30);
1 row affected
SQL> INSERT INTO EMP VALUES (7698,'BLAKE','MANAGER',7839,TO_DATE('1981-5-1'
   > ,'yyyy-mm-dd'),2850,NULL,30);
1 row affected
SQL> INSERT INTO EMP VALUES (7782,'CLARK','MANAGER',7839,TO_DATE('1981-6-9'
   > ,'yyyy-mm-dd'),2450,NULL,10);
1 row affected
SQL> INSERT INTO EMP VALUES (7839,'KING','PRESIDENT',NULL,TO_DATE('1981-11-17'
   > ,'yyyy-mm-dd'),5000,NULL,10);
1 row affected
SQL> INSERT INTO EMP VALUES (7844,'TURNER','SALESMAN',7698,TO_DATE('1981-9-8'
   > ,'yyyy-mm-dd'),1500,0,30);
1 row affected
SQL> INSERT INTO EMP VALUES (7900,'JAMES','CLERK',7698,TO_DATE('1981-12-3'
   > ,'yyyy-mm-dd'),950,NULL,30);
1 row affected
SQL> INSERT INTO EMP VALUES (7902,'FORD','ANALYST',7566,TO_DATE('1981-12-3'
   > ,'yyyy-mm-dd'),3000,NULL,20);
1 row affected
SQL> INSERT INTO EMP VALUES (7934,'MILLER','CLERK',7782,TO_DATE('1982-1-23'
   > ,'yyyy-mm-dd'),1300,NULL,10);
1 row affected
SQL> CREATE TABLE DEPT (DEPTNO INT,DNAME VARCHAR(20),LOC VARCHAR(20));
0 rows affected
SQL> INSERT INTO DEPT VALUES (10,'ACCOUNTING','NEW YORK');
1 row affected
SQL> INSERT INTO DEPT VALUES (20,'RESEARCH','DALLAS');
1 row affected
SQL> INSERT INTO DEPT VALUES (30,'SALES','CHICAGO');
1 row affected
SQL> INSERT INTO DEPT VALUES (40,'OPERATIONS','BOSTON');
1 row affected
SQL> drop view EMP_30 if exists;
0 rows affected
SQL> CREATE VIEW EMP_30
   > AS SELECT EMPNO
   > ,ENAME
   > ,SAL
   > FROM EMP
   > WHERE DEPTNO = 30;
0 rows affected
SQL> SELECT * FROM EMP_30 order by EMPNO;
+-------+--------+------+
| EMPNO | ENAME  | SAL  |
+-------+--------+------+
| 7499  | ALLEN  | 1600 |
| 7521  | WARD   | 1250 |
| 7654  | MARTIN | 1250 |
| 7698  | BLAKE  | 2850 |
| 7844  | TURNER | 1500 |
| 7900  | JAMES  | 950  |
+-------+--------+------+
6 rows selected.
SQL> drop view EMP_DEPT if exists;
0 rows affected
SQL> CREATE VIEW EMP_DEPT
   > AS SELECT e.EMPNO
   > ,e.ENAME
   > ,e.JOB
   > ,e.SAL
   > ,e.COMM
   > ,e.DEPTNO
   > ,d.DNAME
   > ,d.LOC
   > FROM EMP e
   > INNER JOIN DEPT d
   > ON e.DEPTNO = d.DEPTNO;
0 rows affected
SQL> SELECT * FROM EMP_DEPT order by EMPNO;
+-------+--------+-----------+------+--------+--------+------------+----------+
| EMPNO | ENAME  | JOB       | SAL  | COMM   | DEPTNO | DNAME      | LOC      |
+-------+--------+-----------+------+--------+--------+------------+----------+
| 7369  | SMITH  | CLERK     | 800  | <null> | 20     | RESEARCH   | DALLAS   |
| 7499  | ALLEN  | SALESMAN  | 1600 | 300    | 30     | SALES      | CHICAGO  |
| 7521  | WARD   | SALESMAN  | 1250 | 500    | 30     | SALES      | CHICAGO  |
| 7566  | JONES  | MANAGER   | 2975 | <null> | 20     | RESEARCH   | DALLAS   |
| 7654  | MARTIN | SALESMAN  | 1250 | 1400   | 30     | SALES      | CHICAGO  |
| 7698  | BLAKE  | MANAGER   | 2850 | <null> | 30     | SALES      | CHICAGO  |
| 7782  | CLARK  | MANAGER   | 2450 | <null> | 10     | ACCOUNTING | NEW YORK |
| 7839  | KING   | PRESIDENT | 5000 | <null> | 10     | ACCOUNTING | NEW YORK |
| 7844  | TURNER | SALESMAN  | 1500 | 0      | 30     | SALES      | CHICAGO  |
| 7900  | JAMES  | CLERK     | 950  | <null> | 30     | SALES      | CHICAGO  |
| 7902  | FORD   | ANALYST   | 3000 | <null> | 20     | RESEARCH   | DALLAS   |
| 7934  | MILLER | CLERK     | 1300 | <null> | 10     | ACCOUNTING | NEW YORK |
+-------+--------+-----------+------+--------+--------+------------+----------+
12 rows selected.
SQL> drop view EMP_RENAME if exists;
0 rows affected
SQL> CREATE VIEW EMP_RENAME
   > AS SELECT EMPNO E_NO
   > ,DEPTNO D_NO
   > ,ENAME E_NAME
   > ,SAL E_SAL
   > FROM EMP
   > WHERE DEPTNO = 20;
0 rows affected
SQL> SELECT * FROM EMP_RENAME order by E_NO;
+------+------+--------+-------+
| E_NO | D_NO | E_NAME | E_SAL |
+------+------+--------+-------+
| 7369 | 20   | SMITH  | 800   |
| 7566 | 20   | JONES  | 2975  |
| 7902 | 20   | FORD   | 3000  |
+------+------+--------+-------+
3 rows selected.
SQL> drop view EMP_SAL if exists;
0 rows affected
SQL> CREATE VIEW EMP_SAL
   > AS SELECT DEPTNO AS DEPT_NO
   > ,SUM (SAL) AS SAL_TOTAL
   > ,AVG (SAL) AS SAL_AVG
   > ,MAX (SAL) AS SAL_MAX
   > ,MIN (SAL) AS SAL_MIN
   > FROM EMP
   > GROUP BY DEPTNO;
0 rows affected
SQL> SELECT * FROM EMP_SAL order by DEPT_NO;
+---------+-----------+-------------+---------+---------+
| DEPT_NO | SAL_TOTAL | SAL_AVG     | SAL_MAX | SAL_MIN |
+---------+-----------+-------------+---------+---------+
| 10      | 8750      | 2916.666667 | 5000    | 1300    |
| 20      | 6775      | 2258.333333 | 3000    | 800     |
| 30      | 9400      | 1566.666667 | 2850    | 950     |
+---------+-----------+-------------+---------+---------+
3 rows selected.
SQL> drop view EMP_SAL2 if exists;
0 rows affected
SQL> CREATE VIEW EMP_SAL2
   > AS SELECT DEPTNO AS DEPT_NO
   > ,SUM (SAL) AS SAL_TOTAL
   > ,AVG (SAL) AS SAL_AVG
   > ,MAX (SAL) AS SAL_MAX
   > ,MIN (SAL) AS SAL_MIN
   > FROM emp
   > GROUP BY DEPTNO
   > HAVING AVG(SAL) < 2000 ;
0 rows affected
SQL> SELECT * FROM EMP_SAL2 order by DEPT_NO;
+---------+-----------+-------------+---------+---------+
| DEPT_NO | SAL_TOTAL | SAL_AVG     | SAL_MAX | SAL_MIN |
+---------+-----------+-------------+---------+---------+
| 30      | 9400      | 1566.666667 | 2850    | 950     |
+---------+-----------+-------------+---------+---------+
1 row selected.
SQL> exit
Disconnected.
