SQLCli Release 0.0.74
SQL> connect admin/123456
Database connected.
SQL> start 9_5_6_link_teradata.sql
SQL> --Description: doc 9.5.6 link teradata
   > --Date：2020-07-14
   > --Author：丁婷
SQL> drop database link td_link_doc_001 if exists cascade;
0 rows affected
SQL> create database link td_link_doc_001 connect to 'testdblink' identified by
   > 'testdblink' 
   > USING 'jdbc:teradata://192.168.1.136/CLIENT_CHARSET=cp936,TMODE=TERA,CHARSET=ASCII,LOB_SUPPORT=ON,COLUMN_NAME = ON,MAYBENULL = ON,database=testdblinkbase'
   > PROPERTIES ('host':'192.168.1.136' , 'schema':'testdblinkbase');
0 rows affected
SQL> RELOAD DATABASE LINK td_link_doc_001;
0 rows affected
SQL> DROP DATABASE LINK td_link_doc_001 IF EXISTS CASCADE;
0 rows affected
SQL> create database link td_link_doc_001 connect to 'testdblink' identified by
   > 'testdblink' 
   > USING 'jdbc:teradata://192.168.1.136/CLIENT_CHARSET=cp936,TMODE=TERA,CHARSET=ASCII,LOB_SUPPORT=ON,COLUMN_NAME = ON,MAYBENULL = ON,database=testdblinkbase'
   > PROPERTIES ('host':'192.168.1.136' , 'schema':'testdblinkbase');
0 rows affected
SQL> alter database link td_link_doc_001 connect to 'testdblink' identified by
   > 'testdblink' 
   > USING 'jdbc:teradata://192.168.1.136/CLIENT_CHARSET=cp936,TMODE=TERA,CHARSET=ASCII,LOB_SUPPORT=ON,COLUMN_NAME = ON,MAYBENULL = ON,database=testdblinkbase'
   > PROPERTIES ('host':'192.168.1.136' , 'schema':'testdblinkbase');
0 rows affected
SQL> DROP TABLE td_link_doc_001.T_TEST_TD_001 IF EXISTS cascade;
0 rows affected
SQL> CREATE TABLE td_link_doc_001.T_TEST_TD_001 (
   > ID INT,
   > NAME VARCHAR(20)
   > );
0 rows affected
SQL> INSERT INTO td_link_doc_001.T_TEST_TD_001 VALUES (1,'zs');
1 row affected
SQL> SELECT * FROM td_link_doc_001.T_TEST_TD_001; 
+----+------+
| ID | NAME |
+----+------+
| 1  | zs   |
+----+------+
1 row selected.
SQL> UPDATE td_link_doc_001.T_TEST_TD_001 SET ID = 2;
1 row affected
SQL> SELECT * FROM td_link_doc_001.T_TEST_TD_001; 
+----+------+
| ID | NAME |
+----+------+
| 2  | zs   |
+----+------+
1 row selected.
SQL> DELETE FROM td_link_doc_001.T_TEST_TD_001; 
1 row affected
SQL> SELECT * FROM td_link_doc_001.T_TEST_TD_001; 
0 rows selected.
SQL> drop view td_link_doc_001.T_VIEW1 if exists;
0 rows affected
SQL> INSERT INTO td_link_doc_001.T_TEST_TD_001 VALUES (1,'zs');
1 row affected
SQL> CREATE VIEW td_link_doc_001.T_VIEW1 AS SELECT * from td_link_doc_001.T_TEST_TD_001; 
0 rows affected
SQL> SELECT * FROM td_link_doc_001.T_VIEW1; 
+----+------+
| ID | NAME |
+----+------+
| 1  | zs   |
+----+------+
1 row selected.
SQL> DROP TABLE td_link_doc_001.TEST_COL IF EXISTS cascade;
0 rows affected
SQL> create table td_link_doc_001.TEST_COL ( c1 int, c2 VARCHAR(20), c3 smallint
   > );
0 rows affected
SQL> alter table td_link_doc_001.TEST_COL add c6 bigint;
0 rows affected
SQL> alter table td_link_doc_001.TEST_COL add c9 decimal;
0 rows affected
SQL> alter table td_link_doc_001.TEST_COL add c10 date;
0 rows affected
SQL> alter table td_link_doc_001.TEST_COL add c11 timestamp;
0 rows affected
SQL> alter table td_link_doc_001.TEST_COL add c12 char(6);
0 rows affected
SQL> show create table td_link_doc_001.TEST_COL;
+----------+------------------------------------------------------------------------------------------------------------------------------------------+
| TABLE    | CREATE_TABLE                                                                                                                             |
+----------+------------------------------------------------------------------------------------------------------------------------------------------+
| TEST_COL | CREATE TABLE TD_LINK_DOC_001.TEST_COL(C1 INTEGER,C2 VARCHAR(20),C3 SMALLINT,C6 BIGINT,C9 DECIMAL(38),C10 DATE,C11 TIMESTAMP,C12 CHAR(6)) |
+----------+------------------------------------------------------------------------------------------------------------------------------------------+
1 row selected.
SQL> ALTER TABLE td_link_doc_001.TEST_COL DROP COLUMN c11;
0 rows affected
SQL> show create table td_link_doc_001.TEST_COL;
+----------+----------------------------------------------------------------------------------------------------------------------------+
| TABLE    | CREATE_TABLE                                                                                                               |
+----------+----------------------------------------------------------------------------------------------------------------------------+
| TEST_COL | CREATE TABLE TD_LINK_DOC_001.TEST_COL(C1 INTEGER,C2 VARCHAR(20),C3 SMALLINT,C6 BIGINT,C9 DECIMAL(38),C10 DATE,C12 CHAR(6)) |
+----------+----------------------------------------------------------------------------------------------------------------------------+
1 row selected.
SQL> ALTER table td_link_doc_001.TEST_COL ALTER C3 RENAME TO salary; 
0 rows affected
SQL> show create table td_link_doc_001.TEST_COL;
+----------+--------------------------------------------------------------------------------------------------------------------------------+
| TABLE    | CREATE_TABLE                                                                                                                   |
+----------+--------------------------------------------------------------------------------------------------------------------------------+
| TEST_COL | CREATE TABLE TD_LINK_DOC_001.TEST_COL(C1 INTEGER,C2 VARCHAR(20),SALARY SMALLINT,C6 BIGINT,C9 DECIMAL(38),C10 DATE,C12 CHAR(6)) |
+----------+--------------------------------------------------------------------------------------------------------------------------------+
1 row selected.
SQL> alter table td_link_doc_001.TEST_COL alter column C6 set default 1; 
0 rows affected
SQL> show create table td_link_doc_001.TEST_COL;
+----------+------------------------------------------------------------------------------------------------------------------------------------------+
| TABLE    | CREATE_TABLE                                                                                                                             |
+----------+------------------------------------------------------------------------------------------------------------------------------------------+
| TEST_COL | CREATE TABLE TD_LINK_DOC_001.TEST_COL(C1 INTEGER,C2 VARCHAR(20),SALARY SMALLINT,C6 BIGINT DEFAULT 1,C9 DECIMAL(38),C10 DATE,C12 CHAR(6)) |
+----------+------------------------------------------------------------------------------------------------------------------------------------------+
1 row selected.
SQL> alter table td_link_doc_001.TEST_COL alter column C6 drop default; 
0 rows affected
SQL> show create table td_link_doc_001.TEST_COL;
+----------+--------------------------------------------------------------------------------------------------------------------------------+
| TABLE    | CREATE_TABLE                                                                                                                   |
+----------+--------------------------------------------------------------------------------------------------------------------------------+
| TEST_COL | CREATE TABLE TD_LINK_DOC_001.TEST_COL(C1 INTEGER,C2 VARCHAR(20),SALARY SMALLINT,C6 BIGINT,C9 DECIMAL(38),C10 DATE,C12 CHAR(6)) |
+----------+--------------------------------------------------------------------------------------------------------------------------------+
1 row selected.
SQL> DROP TABLE td_link_doc_001.TEST_TD_PK IF EXISTS cascade;
0 rows affected
SQL> create table td_link_doc_001.TEST_TD_PK ( id int, name VARCHAR(20), age int );
0 rows affected
SQL> alter table td_link_doc_001.TEST_TD_PK alter column age set not null; 
0 rows affected
SQL> alter table td_link_doc_001.TEST_TD_PK add constraint pk_t02 primary key(age);
0 rows affected
SQL> select * from INFORMATION_SCHEMA.TABLE_CONSTRAINTS where TABLE_NAME='TEST_TD_PK' and CONSTRAINT_NAME='PK_T02';
+--------------------+-------------------+-----------------+-----------------+---------------+-----------------+------------+---------------+--------------------+
| CONSTRAINT_CATALOG | CONSTRAINT_SCHEMA | CONSTRAINT_NAME | CONSTRAINT_TYPE | TABLE_CATALOG | TABLE_SCHEMA    | TABLE_NAME | IS_DEFERRABLE | INITIALLY_DEFERRED |
+--------------------+-------------------+-----------------+-----------------+---------------+-----------------+------------+---------------+--------------------+
| PUBLIC             | TD_LINK_DOC_001   | PK_T02          | PRIMARY KEY     | PUBLIC        | TD_LINK_DOC_001 | TEST_TD_PK | NO            | NO                 |
+--------------------+-------------------+-----------------+-----------------+---------------+-----------------+------------+---------------+--------------------+
1 row selected.
SQL> DROP TABLE td_link_doc_001.TEST_TD_UN IF EXISTS cascade;
0 rows affected
SQL> create table td_link_doc_001.TEST_TD_UN ( id int, name VARCHAR(20), age int );
0 rows affected
SQL> ALTER TABLE td_link_doc_001.TEST_TD_UN ADD CONSTRAINT uc_t03 UNIQUE (name,
   > age);
0 rows affected
SQL> select * from INFORMATION_SCHEMA.TABLE_CONSTRAINTS where TABLE_NAME='TEST_TD_UN' and CONSTRAINT_NAME='UC_T03';
+--------------------+-------------------+-----------------+-----------------+---------------+-----------------+------------+---------------+--------------------+
| CONSTRAINT_CATALOG | CONSTRAINT_SCHEMA | CONSTRAINT_NAME | CONSTRAINT_TYPE | TABLE_CATALOG | TABLE_SCHEMA    | TABLE_NAME | IS_DEFERRABLE | INITIALLY_DEFERRED |
+--------------------+-------------------+-----------------+-----------------+---------------+-----------------+------------+---------------+--------------------+
| PUBLIC             | TD_LINK_DOC_001   | UC_T03          | UNIQUE          | PUBLIC        | TD_LINK_DOC_001 | TEST_TD_UN | NO            | NO                 |
+--------------------+-------------------+-----------------+-----------------+---------------+-----------------+------------+---------------+--------------------+
1 row selected.
SQL> DROP TABLE td_link_doc_001.T_TD_FR_01 IF EXISTS cascade;
0 rows affected
SQL> DROP TABLE td_link_doc_001.T_TD_FR_02 IF EXISTS cascade;
0 rows affected
SQL> create table td_link_doc_001.T_TD_FR_01 (age int, name VARCHAR(20), id int);
0 rows affected
SQL> create table td_link_doc_001.T_TD_FR_02 ( id int , name VARCHAR(20), age int);
0 rows affected
SQL> alter table td_link_doc_001.T_TD_FR_01 alter column id set not null;
0 rows affected
SQL> alter table td_link_doc_001.T_TD_FR_01 add constraint pk_t04 primary key(id);
0 rows affected
SQL> alter table td_link_doc_001.T_TD_FR_02 alter column age set not null;
0 rows affected
SQL> alter table td_link_doc_001.T_TD_FR_02 add constraint pk_t05 primary key(age);
0 rows affected
SQL> ALTER TABLE td_link_doc_001.T_TD_FR_01 ADD CONSTRAINT fk_t04 FOREIGN KEY(ID)
   > REFERENCES td_link_doc_001.T_TD_FR_02(age);
0 rows affected
SQL> connect user admin password '123456';
Database connected.
SQL> drop user user_td_001 if exists cascade;
0 rows affected
SQL> drop DATABASE LINK td_link_doc_002 if exists cascade;
0 rows affected
SQL> CREATE USER user_td_001 PASSWORD '123456';
0 rows affected
SQL> create database link td_link_doc_002 connect to 'testdblink' identified by
   > 'testdblink' 
   > USING 'jdbc:teradata://192.168.1.136/CLIENT_CHARSET=cp936,TMODE=TERA,CHARSET=ASCII,LOB_SUPPORT=ON,COLUMN_NAME = ON,MAYBENULL = ON,database=testdblinkbase'
   > PROPERTIES ('host':'192.168.1.136' , 'schema':'testdblinkbase');
0 rows affected
SQL> DROP table td_link_doc_002.T_TEST_td_002 if exists;
0 rows affected
SQL> CREATE TABLE td_link_doc_002.T_TEST_td_002 (
   > ID INT,
   > NAME VARCHAR(20)
   > );
0 rows affected
SQL> GRANT INSERT,SELECT,UPDATE,DELETE ON td_link_doc_002.T_TEST_td_002 TO user_td_001;
0 rows affected
SQL> grant change_authorization to user_td_001; 
0 rows affected
SQL> connect user user_td_001 password '123456';
Database connected.
SQL> insert into td_link_doc_002.T_TEST_td_002 values(1,'zhangsan');
1 row affected
SQL> select * from td_link_doc_002.T_TEST_td_002;
+----+----------+
| ID | NAME     |
+----+----------+
| 1  | zhangsan |
+----+----------+
1 row selected.
SQL> UPDATE td_link_doc_002.T_TEST_td_002 SET ID = 2;
1 row affected
SQL> select * from td_link_doc_002.T_TEST_td_002;
+----+----------+
| ID | NAME     |
+----+----------+
| 2  | zhangsan |
+----+----------+
1 row selected.
SQL> delete from td_link_doc_002.T_TEST_td_002;
1 row affected
SQL> select * from td_link_doc_002.T_TEST_td_002;
0 rows selected.
SQL> exit
Disconnected.
