SQLCli Release 0.0.74
SQL> connect admin/123456
Database connected.
SQL> start 9_6_2_external_oracle.sql
SQL> --Description: doc 9.6.2 external oracle
   > --Date：2020-07-14
   > --Author：丁婷
SQL> drop table ORACLE_1 if exists;
0 rows affected
SQL> CREATE EXTERNAL TABLE ORACLE_1 (
   > ID INT,
   > NAME VARCHAR(20) ) FORMAT 'JDBC' PROPERTIES ('table':'T_DATA_EXPORT_002',
   > 'driver':'oracle.jdbc.driver.OracleDriver','url':'jdbc:oracle:thin:@192.168.1.72:1521:xe','user':'testlink1','password':'123456');
0 rows affected
SQL> select * from ORACLE_1 order by ID;
+----+----------+
| ID | NAME     |
+----+----------+
| 1  | zhangsan |
| 2  | lisi     |
+----+----------+
2 rows selected.
SQL> drop table ORACLE_1 if exists;
0 rows affected
SQL> CREATE EXTERNAL TABLE ORACLE_1 (
   > ID INT,
   > NAME VARCHAR(20) ) FORMAT 'JDBC' PROPERTIES ('table':'"t_data_oracle_001"'
   > ,'driver':'oracle.jdbc.driver.OracleDriver','url':'jdbc:oracle:thin:@192.168.1.72:1521:xe','user':'testlink1','password':'123456');
0 rows affected
SQL> select * from ORACLE_1 order by ID;
+----+----------+
| ID | NAME     |
+----+----------+
| 1  | zhangsan |
| 2  | lisi     |
+----+----------+
2 rows selected.
SQL> drop table ORACLE_2 if exists;
0 rows affected
SQL> CREATE EXTERNAL TABLE ORACLE_2 BY
   > jdbc('table':'T_DATA_EXPORT_002',
   > 'driver':'oracle.jdbc.driver.OracleDriver',
   > 'url':'jdbc:oracle:thin:@192.168.1.72:1521:xe',
   > 'user':'testlink1',
   > 'password':'123456');
0 rows affected
SQL> select * from ORACLE_2 order by ID;
+----+----------+
| ID | NAME     |
+----+----------+
| 1  | zhangsan |
| 2  | lisi     |
+----+----------+
2 rows selected.
SQL> drop table ORACLE_2 if exists;
0 rows affected
SQL> CREATE EXTERNAL TABLE ORACLE_2 BY
   > jdbc('table':'"t_data_oracle_001"',
   > 'driver':'oracle.jdbc.driver.OracleDriver',
   > 'url':'jdbc:oracle:thin:@192.168.1.72:1521:xe',
   > 'user':'testlink1',
   > 'password':'123456');
0 rows affected
SQL> select * from ORACLE_2 order by ID;
+----+----------+
| ID | NAME     |
+----+----------+
| 1  | zhangsan |
| 2  | lisi     |
+----+----------+
2 rows selected.
SQL> exit
Disconnected.
