SQLCli Release 0.0.74
SQL> connect admin/123456
Database connected.
SQL> start 2003_LDBX101-19_Create_schema_using_pallas_engine/CREATE_VIEW.sql
SQL> --    Description: 测试pallas create view
   > --    Date:         2020-07-01
   > --    Author:       丁婷
SQL> set echo on
SQL> DROP SCHEMA S_PALLAS_SCHEMA_002 IF EXISTS CASCADE;
0 rows affected
SQL> CREATE SCHEMA S_PALLAS_SCHEMA_002 engine pallas;
0 rows affected
SQL> DROP TABLE S_PALLAS_SCHEMA_002.T_PALLAS_TABLE_002 IF EXISTS CASCADE;
0 rows affected
SQL> CREATE TABLE S_PALLAS_SCHEMA_002.T_PALLAS_TABLE_002(
   > tid SMALLINT,
   > eid INTEGER,
   > tbigint BIGINT,
   > treal REAL,
   > tdouble DOUBLE,
   > tfloat FLOAT,
   > tdecimal DECIMAL(20,2),
   > tnumeric NUMERIC(38,30),
   > tdate DATE,
   > ttimestamp TIMESTAMP,
   > tvarchar VARCHAR(200),
   > tchar CHAR(200),
   > tboolean BOOLEAN,
   > PRIMARY KEY(tid,eid,tvarchar)
   > );
0 rows affected
SQL> INSERT INTO S_PALLAS_SCHEMA_002.T_PALLAS_TABLE_002 VALUES(1,1,1,1.234,1.23456,1.234567,123456789012345678.12,12345678.123456,'2010-08-07','1999-09-09 11:11:11','才能到交付给dsbjbdu%^&$^的保时捷的csdjhk','ddsajk打算北京你78678^&**第三年 dsda sd',true);
1 row affected
SQL> DROP VIEW S_PALLAS_SCHEMA_002.V_PALLAS_TABLE_001 IF EXISTS CASCADE;
0 rows affected
SQL> CREATE VIEW S_PALLAS_SCHEMA_002.V_PALLAS_TABLE_001 
   > AS SELECT tid,tfloat,tvarchar,tboolean FROM S_PALLAS_SCHEMA_002.T_PALLAS_TABLE_002
   > WHERE tid>=0 AND eid<=10 OR eid>=10;
0 rows affected
SQL> SELECT * FROM S_PALLAS_SCHEMA_002.V_PALLAS_TABLE_001 ORDER BY tid;
+-----+----------+------------------------------------------+----------+
| TID | TFLOAT   | TVARCHAR                                 | TBOOLEAN |
+-----+----------+------------------------------------------+----------+
| 1   | 1.234567 | 才能到交付给dsbjbdu%^&$^的保时捷的csdjhk | True     |
+-----+----------+------------------------------------------+----------+
1 row selected.
SQL> show CREATE TABLE S_PALLAS_SCHEMA_002.V_PALLAS_TABLE_001;
+--------------------+----------------------------------------------------------------------------------------------------------------------------------------------------------------------------------------------------------+
| TABLE              | CREATE_TABLE                                                                                                                                                                                             |
+--------------------+----------------------------------------------------------------------------------------------------------------------------------------------------------------------------------------------------------+
| V_PALLAS_TABLE_001 | CREATE VIEW S_PALLAS_SCHEMA_002.V_PALLAS_TABLE_001 (TID,TFLOAT,TVARCHAR,TBOOLEAN) AS SELECT TID,TFLOAT,TVARCHAR,TBOOLEAN FROM S_PALLAS_SCHEMA_002.T_PALLAS_TABLE_002 WHERE TID>=0 AND EID<=10 OR EID>=10 |
+--------------------+----------------------------------------------------------------------------------------------------------------------------------------------------------------------------------------------------------+
1 row selected.
SQL> exit
Disconnected.
