SQLCli Release 0.0.74
SQL> connect admin/123456
Database connected.
SQL> start 2003_LDBX101-19_Create_schema_using_pallas_engine/CREATE_DBLINK.sql
SQL> --    Description: 测试pallas dblink
   > --    Date:         2020-07-01
   > --    Author:       丁婷
SQL> set echo on
SQL> DROP SCHEMA S_PALLAS_SCHEMA_003 IF EXISTS CASCADE;
0 rows affected
SQL> CREATE SCHEMA S_PALLAS_SCHEMA_003 engine pallas;
0 rows affected
SQL> DROP DATABASE link LINK_ORACLE_PALLAS_001 IF EXISTS CASCADE;
0 rows affected
SQL> CREATE DATABASE LINK LINK_ORACLE_PALLAS_001 CONNECT TO 'linkoopdb' IDENTIFIED BY '123456' USING 'jdbc:oracle:thin:@192.168.1.72:1521:xe' properties ('maxActive':'5');
0 rows affected
SQL> DROP table LINK_ORACLE_PALLAS_001.T_LINK_PALLAS_001 IF EXISTS CASCADE;
0 rows affected
SQL> CREATE TABLE LINK_ORACLE_PALLAS_001.T_LINK_PALLAS_001(
   > id INT,
   > name VARCHAR(200),
   > sal NUMERIC(10,2)
   > );
0 rows affected
SQL> INSERT INTO LINK_ORACLE_PALLAS_001.T_LINK_PALLAS_001 VALUES
   > (1,'qqq',122.323),
   > (2,'www',344.454),
   > (3,'cnkh',349854.545);
3 rows affected
SQL> show CREATE TABLE LINK_ORACLE_PALLAS_001.T_LINK_PALLAS_001;
+-------------------+-------------------------------------------------------------------------------------------------------+
| TABLE             | CREATE_TABLE                                                                                          |
+-------------------+-------------------------------------------------------------------------------------------------------+
| T_LINK_PALLAS_001 | CREATE TABLE LINK_ORACLE_PALLAS_001.T_LINK_PALLAS_001(ID INTEGER,NAME VARCHAR(200),SAL NUMERIC(10,2)) |
+-------------------+-------------------------------------------------------------------------------------------------------+
1 row selected.
SQL> SELECT * FROM LINK_ORACLE_PALLAS_001.T_LINK_PALLAS_001 ORDER BY id;
+----+------+-----------+
| ID | NAME | SAL       |
+----+------+-----------+
| 1  | qqq  | 122.32    |
| 2  | www  | 344.45    |
| 3  | cnkh | 349854.55 |
+----+------+-----------+
3 rows selected.
SQL> DROP TABLE S_PALLAS_SCHEMA_003.T_LINK_PALLAS_002 IF EXISTS CASCADE;
0 rows affected
SQL> CREATE TABLE S_PALLAS_SCHEMA_003.T_LINK_PALLAS_002 AS 
   > (SELECT * FROM LINK_ORACLE_PALLAS_001.T_LINK_PALLAS_001) WITH DATA;
0 rows affected
SQL> show CREATE TABLE S_PALLAS_SCHEMA_003.T_LINK_PALLAS_002;
+-------------------+--------------------------------------------------------------------------------------------------------------------------------+
| TABLE             | CREATE_TABLE                                                                                                                   |
+-------------------+--------------------------------------------------------------------------------------------------------------------------------+
| T_LINK_PALLAS_002 | CREATE TABLE IF NOT EXISTS S_PALLAS_SCHEMA_003.T_LINK_PALLAS_002(ID INTEGER,NAME VARCHAR(200),SAL NUMERIC(10,2)) ENGINE PALLAS |
+-------------------+--------------------------------------------------------------------------------------------------------------------------------+
1 row selected.
SQL> SELECT * FROM S_PALLAS_SCHEMA_003.T_LINK_PALLAS_002 ORDER BY id;
+----+------+-----------+
| ID | NAME | SAL       |
+----+------+-----------+
| 1  | qqq  | 122.32    |
| 2  | www  | 344.45    |
| 3  | cnkh | 349854.55 |
+----+------+-----------+
3 rows selected.
SQL> exit
Disconnected.
