SQLCli Release 0.0.70
SQL> connect admin/123456
Database connected.
SQL> start external_table_basic_type_hdfs_orc_bigint.sql
SQL> --    Description: bigint边界值测试,bigint的数值范围是-9223372036854775808/9223372036854775807
   > --    Date:         2020-06-23
   > --    Author:       丁婷
   > --    hdfs external orc格式
SQL> set echo on 
SQL> 
SQL> -- 测试bigint边界值±1，超过bigint范围的double,以及超出bigint范围的varchar类型数字
SQL> drop table if exists t_external_hdfs_orc_bigint_001;
0 rows affected
SQL> drop table if exists t_external_hdfs_orc_bigint_002;
0 rows affected
SQL> CREATE EXTERNAL TABLE t_external_hdfs_orc_bigint_001(
   > a1 bigint,
   > a2 bigint,
   > a3 bigint,
   > a4 bigint
   > )
   > LOCATION ('hdfs://node73:8020/user/testdb73/external_file/type_orc/bigint1') FORMAT 'orc';
0 rows affected
SQL> select * from t_external_hdfs_orc_bigint_001;
+--------+--------+---------------------+--------+
| A1     | A2     | A3                  | A4     |
+--------+--------+---------------------+--------+
| <null> | <null> | 9223372036854775807 | <null> |
+--------+--------+---------------------+--------+
1 row selected.
SQL> 
SQL> 
SQL> -- 测试smallint的varchar，date,timestamp,boolean以及''等异常值
SQL> CREATE EXTERNAL TABLE t_external_hdfs_orc_bigint_002(
   > a1 bigint,
   > a2 bigint,
   > a3 bigint,
   > a4 bigint,
   > a5 bigint,
   > a6 bigint,
   > a7 bigint,
   > a8 bigint,
   > a9 bigint,
   > a10 bigint,
   > a11 bigint,
   > a12 bigint,
   > a13 bigint
   > )
   > LOCATION ('hdfs://node73:8020/user/testdb73/external_file/type_orc/common1') FORMAT 'orc';
0 rows affected
SQL> select * from t_external_hdfs_orc_bigint_002;
+--------+--------+--------+--------+--------+--------+--------+--------+--------+--------+------------+-----+-----+
| A1     | A2     | A3     | A4     | A5     | A6     | A7     | A8     | A9     | A10    | A11        | A12 | A13 |
+--------+--------+--------+--------+--------+--------+--------+--------+--------+--------+------------+-----+-----+
| <null> | <null> | <null> | <null> | <null> | <null> | <null> | <null> | <null> | <null> | 1588911541 | 1   | 0   |
+--------+--------+--------+--------+--------+--------+--------+--------+--------+--------+------------+-----+-----+
1 row selected.
SQL> exit
Disconnected.
