SQLCli Release 0.0.68
SQL> loaddriver C:\Users\耿晨雨\Desktop\linkoopdb-jdbc-2.2.3.jar
Driver loaded.
SQL> connect admin/123456
Database connected.
SQL> start E011-05 Numeric comparison.sql
SQL> drop table t_comparison  IF  EXISTS;
0 rows affected
SQL> CREATE TABLE t_comparison(
   > 	tbit BIT,
   > 	tbigint BIGINT,
   >     tint INTEGER,
   >     tsmallint SMALLINT,
   >     treal REAL,
   >     tdouble DOUBLE,
   >     tfloat FLOAT,
   >     tdecimal DECIMAL(10,2),
   >     tnumeric NUMERIC(10,2),
   >     tcharacter CHARACTER(20),
   >     tvarchar VARCHAR(20),
   >     tdate DATE,
   >     ttimestramp TIMESTAMP,
   >     tbinary BINARY(8000),
   >     tvarbinary VARBINARY(8000)
   > );
0 rows affected
SQL> INSERT INTO t_comparison VALUES
   > (1,1,1,1,1.23,23.43,546.56,789.90,-786.34,'weew','qouhdu','2019-01-03','2019-02-27 12:12:45','bW9ua2V5','bW9ua2V5'),
   > (0,2,2,2,23.78,32,546.56,377.90,212.33,'xchc','sdhhus','2018-03-21','2000-02-01 09:23:12','bW9ua2V52','4bW9ua2V5'),
   > (1,3,3,3,-38.09,98.09,546.56,89.78,-865.32,'mno','lpoi','2020-12-03','1998-07-31 23:13:08','bW9ua2V54','6bW9ua2V5');
3 rows affected
SQL> select * from t_comparison where tbigint>1 order by tbigint;
+-------+---------+------+-----------+--------+---------+--------+----------+----------+----------------------+----------+-----------+---------------------+-----------+------------+
| TBIT  | TBIGINT | TINT | TSMALLINT | TREAL  | TDOUBLE | TFLOAT | TDECIMAL | TNUMERIC | TCHARACTER           | TVARCHAR | TDATE     | TTIMESTRAMP         | TBINARY   | TVARBINARY |
+-------+---------+------+-----------+--------+---------+--------+----------+----------+----------------------+----------+-----------+---------------------+-----------+------------+
| False | 2       | 2    | 2         | 23.78  | 32      | 546.56 | 377.9    | 212.33   | xchc                 | sdhhus   | 2018-3-21 | 2000-02-01 09:23:12 | bW9ua2V52 | 4bW9ua2V5  |
| True  | 3       | 3    | 3         | -38.09 | 98.09   | 546.56 | 89.78    | -865.32  | mno                  | lpoi     | 2020-12-3 | 1998-07-31 23:13:08 | bW9ua2V54 | 6bW9ua2V5  |
+-------+---------+------+-----------+--------+---------+--------+----------+----------+----------------------+----------+-----------+---------------------+-----------+------------+
2 rows selected.
SQL> select * from t_comparison where tint>1 order by tbigint;
+-------+---------+------+-----------+--------+---------+--------+----------+----------+----------------------+----------+-----------+---------------------+-----------+------------+
| TBIT  | TBIGINT | TINT | TSMALLINT | TREAL  | TDOUBLE | TFLOAT | TDECIMAL | TNUMERIC | TCHARACTER           | TVARCHAR | TDATE     | TTIMESTRAMP         | TBINARY   | TVARBINARY |
+-------+---------+------+-----------+--------+---------+--------+----------+----------+----------------------+----------+-----------+---------------------+-----------+------------+
| False | 2       | 2    | 2         | 23.78  | 32      | 546.56 | 377.9    | 212.33   | xchc                 | sdhhus   | 2018-3-21 | 2000-02-01 09:23:12 | bW9ua2V52 | 4bW9ua2V5  |
| True  | 3       | 3    | 3         | -38.09 | 98.09   | 546.56 | 89.78    | -865.32  | mno                  | lpoi     | 2020-12-3 | 1998-07-31 23:13:08 | bW9ua2V54 | 6bW9ua2V5  |
+-------+---------+------+-----------+--------+---------+--------+----------+----------+----------------------+----------+-----------+---------------------+-----------+------------+
2 rows selected.
SQL> select * from t_comparison where tsmallint>1 order by tbigint;
+-------+---------+------+-----------+--------+---------+--------+----------+----------+----------------------+----------+-----------+---------------------+-----------+------------+
| TBIT  | TBIGINT | TINT | TSMALLINT | TREAL  | TDOUBLE | TFLOAT | TDECIMAL | TNUMERIC | TCHARACTER           | TVARCHAR | TDATE     | TTIMESTRAMP         | TBINARY   | TVARBINARY |
+-------+---------+------+-----------+--------+---------+--------+----------+----------+----------------------+----------+-----------+---------------------+-----------+------------+
| False | 2       | 2    | 2         | 23.78  | 32      | 546.56 | 377.9    | 212.33   | xchc                 | sdhhus   | 2018-3-21 | 2000-02-01 09:23:12 | bW9ua2V52 | 4bW9ua2V5  |
| True  | 3       | 3    | 3         | -38.09 | 98.09   | 546.56 | 89.78    | -865.32  | mno                  | lpoi     | 2020-12-3 | 1998-07-31 23:13:08 | bW9ua2V54 | 6bW9ua2V5  |
+-------+---------+------+-----------+--------+---------+--------+----------+----------+----------------------+----------+-----------+---------------------+-----------+------------+
2 rows selected.
SQL> select * from t_comparison where treal>1.1 order by tbigint;
+-------+---------+------+-----------+-------+---------+--------+----------+----------+----------------------+----------+-----------+---------------------+-----------+------------+
| TBIT  | TBIGINT | TINT | TSMALLINT | TREAL | TDOUBLE | TFLOAT | TDECIMAL | TNUMERIC | TCHARACTER           | TVARCHAR | TDATE     | TTIMESTRAMP         | TBINARY   | TVARBINARY |
+-------+---------+------+-----------+-------+---------+--------+----------+----------+----------------------+----------+-----------+---------------------+-----------+------------+
| True  | 1       | 1    | 1         | 1.23  | 23.43   | 546.56 | 789.9    | -786.34  | weew                 | qouhdu   | 2019-1-3  | 2019-02-27 12:12:45 | bW9ua2V5  | bW9ua2V5   |
| False | 2       | 2    | 2         | 23.78 | 32      | 546.56 | 377.9    | 212.33   | xchc                 | sdhhus   | 2018-3-21 | 2000-02-01 09:23:12 | bW9ua2V52 | 4bW9ua2V5  |
+-------+---------+------+-----------+-------+---------+--------+----------+----------+----------------------+----------+-----------+---------------------+-----------+------------+
2 rows selected.
SQL> select * from t_comparison where tdouble>2.2 order by tbigint;
+-------+---------+------+-----------+--------+---------+--------+----------+----------+----------------------+----------+-----------+---------------------+-----------+------------+
| TBIT  | TBIGINT | TINT | TSMALLINT | TREAL  | TDOUBLE | TFLOAT | TDECIMAL | TNUMERIC | TCHARACTER           | TVARCHAR | TDATE     | TTIMESTRAMP         | TBINARY   | TVARBINARY |
+-------+---------+------+-----------+--------+---------+--------+----------+----------+----------------------+----------+-----------+---------------------+-----------+------------+
| True  | 1       | 1    | 1         | 1.23   | 23.43   | 546.56 | 789.9    | -786.34  | weew                 | qouhdu   | 2019-1-3  | 2019-02-27 12:12:45 | bW9ua2V5  | bW9ua2V5   |
| False | 2       | 2    | 2         | 23.78  | 32      | 546.56 | 377.9    | 212.33   | xchc                 | sdhhus   | 2018-3-21 | 2000-02-01 09:23:12 | bW9ua2V52 | 4bW9ua2V5  |
| True  | 3       | 3    | 3         | -38.09 | 98.09   | 546.56 | 89.78    | -865.32  | mno                  | lpoi     | 2020-12-3 | 1998-07-31 23:13:08 | bW9ua2V54 | 6bW9ua2V5  |
+-------+---------+------+-----------+--------+---------+--------+----------+----------+----------------------+----------+-----------+---------------------+-----------+------------+
3 rows selected.
SQL> select * from t_comparison where tfloat>'3.3' order by tbigint;
+-------+---------+------+-----------+--------+---------+--------+----------+----------+----------------------+----------+-----------+---------------------+-----------+------------+
| TBIT  | TBIGINT | TINT | TSMALLINT | TREAL  | TDOUBLE | TFLOAT | TDECIMAL | TNUMERIC | TCHARACTER           | TVARCHAR | TDATE     | TTIMESTRAMP         | TBINARY   | TVARBINARY |
+-------+---------+------+-----------+--------+---------+--------+----------+----------+----------------------+----------+-----------+---------------------+-----------+------------+
| True  | 1       | 1    | 1         | 1.23   | 23.43   | 546.56 | 789.9    | -786.34  | weew                 | qouhdu   | 2019-1-3  | 2019-02-27 12:12:45 | bW9ua2V5  | bW9ua2V5   |
| False | 2       | 2    | 2         | 23.78  | 32      | 546.56 | 377.9    | 212.33   | xchc                 | sdhhus   | 2018-3-21 | 2000-02-01 09:23:12 | bW9ua2V52 | 4bW9ua2V5  |
| True  | 3       | 3    | 3         | -38.09 | 98.09   | 546.56 | 89.78    | -865.32  | mno                  | lpoi     | 2020-12-3 | 1998-07-31 23:13:08 | bW9ua2V54 | 6bW9ua2V5  |
+-------+---------+------+-----------+--------+---------+--------+----------+----------+----------------------+----------+-----------+---------------------+-----------+------------+
3 rows selected.
SQL> select * from t_comparison where tdecimal>4.4 order by tbigint;
+-------+---------+------+-----------+--------+---------+--------+----------+----------+----------------------+----------+-----------+---------------------+-----------+------------+
| TBIT  | TBIGINT | TINT | TSMALLINT | TREAL  | TDOUBLE | TFLOAT | TDECIMAL | TNUMERIC | TCHARACTER           | TVARCHAR | TDATE     | TTIMESTRAMP         | TBINARY   | TVARBINARY |
+-------+---------+------+-----------+--------+---------+--------+----------+----------+----------------------+----------+-----------+---------------------+-----------+------------+
| True  | 1       | 1    | 1         | 1.23   | 23.43   | 546.56 | 789.9    | -786.34  | weew                 | qouhdu   | 2019-1-3  | 2019-02-27 12:12:45 | bW9ua2V5  | bW9ua2V5   |
| False | 2       | 2    | 2         | 23.78  | 32      | 546.56 | 377.9    | 212.33   | xchc                 | sdhhus   | 2018-3-21 | 2000-02-01 09:23:12 | bW9ua2V52 | 4bW9ua2V5  |
| True  | 3       | 3    | 3         | -38.09 | 98.09   | 546.56 | 89.78    | -865.32  | mno                  | lpoi     | 2020-12-3 | 1998-07-31 23:13:08 | bW9ua2V54 | 6bW9ua2V5  |
+-------+---------+------+-----------+--------+---------+--------+----------+----------+----------------------+----------+-----------+---------------------+-----------+------------+
3 rows selected.
SQL> select * from t_comparison where tnumeric>5.5 order by tbigint;
+-------+---------+------+-----------+-------+---------+--------+----------+----------+----------------------+----------+-----------+---------------------+-----------+------------+
| TBIT  | TBIGINT | TINT | TSMALLINT | TREAL | TDOUBLE | TFLOAT | TDECIMAL | TNUMERIC | TCHARACTER           | TVARCHAR | TDATE     | TTIMESTRAMP         | TBINARY   | TVARBINARY |
+-------+---------+------+-----------+-------+---------+--------+----------+----------+----------------------+----------+-----------+---------------------+-----------+------------+
| False | 2       | 2    | 2         | 23.78 | 32      | 546.56 | 377.9    | 212.33   | xchc                 | sdhhus   | 2018-3-21 | 2000-02-01 09:23:12 | bW9ua2V52 | 4bW9ua2V5  |
+-------+---------+------+-----------+-------+---------+--------+----------+----------+----------------------+----------+-----------+---------------------+-----------+------------+
1 row selected.
SQL> exit
Disconnected.
