SQLCli Release 0.0.68
SQL> connect admin/123456
Database connected.
SQL> start E031-01-02-03.sql
SQL> set echo on
SQL>
SQL> -- 清空环境
SQL> drop table "t Delimited"  IF  EXISTS;
0 rows affected
SQL> drop table "t_Lower"  IF  EXISTS;
0 rows affected
SQL> drop table t_underscore_  IF  EXISTS;
0 rows affected
SQL> 
SQL> 
SQL> 
SQL> -- 创建表
SQL> CREATE TABLE IF NOT EXISTS "t Delimited" (
   > EMPNO INT,
   > ENAME VARCHAR(20),
   > JOB VARCHAR(20),
   > MGR INT,
   > HIREDATE DATE,
   > SAL INT,
   > COMM INT,
   > DEPTNO INT);
0 rows affected
SQL> 
SQL> -- 插入数据
SQL> INSERT INTO "t Delimited" VALUES (7369,'SMITH','CLERK',7902,TO_DATE('1980-12-17','yyyy-mm-dd'),800,NULL,20);
1 row affected
SQL> INSERT INTO "t Delimited" VALUES (7499,'ALLEN','SALESMAN',7698,TO_DATE('1981-2-20','yyyy-mm-dd'),1600,300,30);
1 row affected
SQL> INSERT INTO "t Delimited" VALUES (7521,'WARD','SALESMAN',7698,TO_DATE('1981-2-2','yyyy-mm-dd'),1250,500,30);
1 row affected
SQL> select * from "t Delimited" order by empno;
+-------+-------+----------+------+------------+------+--------+--------+
| EMPNO | ENAME | JOB      | MGR  | HIREDATE   | SAL  | COMM   | DEPTNO |
+-------+-------+----------+------+------------+------+--------+--------+
| 7369  | SMITH | CLERK    | 7902 | 1980-12-17 | 800  | <null> | 20     |
| 7499  | ALLEN | SALESMAN | 7698 | 1981-2-20  | 1600 | 300    | 30     |
| 7521  | WARD  | SALESMAN | 7698 | 1981-2-2   | 1250 | 500    | 30     |
+-------+-------+----------+------+------------+------+--------+--------+
3 rows selected.
SQL> 
SQL> -- 创建表
SQL> CREATE TABLE IF NOT EXISTS "t_Lower" (
   > EMPNO INT,
   > ENAME VARCHAR(20),
   > JOB VARCHAR(20),
   > MGR INT,
   > HIREDATE DATE,
   > SAL INT,
   > COMM INT,
   > DEPTNO INT);
0 rows affected
SQL> 
SQL> -- 插入数据
SQL> INSERT INTO "t_Lower" VALUES (7369,'SMITH','CLERK',7902,TO_DATE('1980-12-17','yyyy-mm-dd'),800,NULL,20);
1 row affected
SQL> INSERT INTO "t_Lower" VALUES (7499,'ALLEN','SALESMAN',7698,TO_DATE('1981-2-20','yyyy-mm-dd'),1600,300,30);
1 row affected
SQL> INSERT INTO "t_Lower" VALUES (7521,'WARD','SALESMAN',7698,TO_DATE('1981-2-2','yyyy-mm-dd'),1250,500,30);
1 row affected
SQL> select * from "t_Lower" order by empno;
+-------+-------+----------+------+------------+------+--------+--------+
| EMPNO | ENAME | JOB      | MGR  | HIREDATE   | SAL  | COMM   | DEPTNO |
+-------+-------+----------+------+------------+------+--------+--------+
| 7369  | SMITH | CLERK    | 7902 | 1980-12-17 | 800  | <null> | 20     |
| 7499  | ALLEN | SALESMAN | 7698 | 1981-2-20  | 1600 | 300    | 30     |
| 7521  | WARD  | SALESMAN | 7698 | 1981-2-2   | 1250 | 500    | 30     |
+-------+-------+----------+------+------------+------+--------+--------+
3 rows selected.
SQL> 
SQL> -- 创建表
SQL> CREATE TABLE IF NOT EXISTS t_underscore_ (
   > EMPNO INT,
   > ENAME VARCHAR(20),
   > JOB VARCHAR(20),
   > MGR INT,
   > HIREDATE DATE,
   > SAL INT,
   > COMM INT,
   > DEPTNO INT);
0 rows affected
SQL> 
SQL> 
SQL> -- 插入数据
SQL> INSERT INTO t_underscore_ VALUES (7369,'SMITH','CLERK',7902,TO_DATE('1980-12-17','yyyy-mm-dd'),800,NULL,20);
1 row affected
SQL> INSERT INTO t_underscore_ VALUES (7499,'ALLEN','SALESMAN',7698,TO_DATE('1981-2-20','yyyy-mm-dd'),1600,300,30);
1 row affected
SQL> INSERT INTO t_underscore_ VALUES (7521,'WARD','SALESMAN',7698,TO_DATE('1981-2-2','yyyy-mm-dd'),1250,500,30);
1 row affected
SQL> select * from t_underscore_ order by empno;
+-------+-------+----------+------+------------+------+--------+--------+
| EMPNO | ENAME | JOB      | MGR  | HIREDATE   | SAL  | COMM   | DEPTNO |
+-------+-------+----------+------+------------+------+--------+--------+
| 7369  | SMITH | CLERK    | 7902 | 1980-12-17 | 800  | <null> | 20     |
| 7499  | ALLEN | SALESMAN | 7698 | 1981-2-20  | 1600 | 300    | 30     |
| 7521  | WARD  | SALESMAN | 7698 | 1981-2-2   | 1250 | 500    | 30     |
+-------+-------+----------+------+------------+------+--------+--------+
3 rows selected.
SQL> exit
Disconnected.
