SQLCli Release 0.0.68
SQL> connect admin/123456
Database connected.
SQL> start F051-03 TIMESTAMP data type.sql
SQL> set echo on
SQL> -- 清空环境
SQL> drop table t_timestamp IF  EXISTS;
0 rows affected
SQL> drop table t_timestamp_0 IF  EXISTS;
0 rows affected
SQL> drop table t_timestamp_3 IF  EXISTS;
0 rows affected
SQL> drop table t_timestamp_6 IF  EXISTS;
0 rows affected
SQL> 
SQL> -- 创建包含timestamp 类型的表
SQL> create table IF NOT EXISTS t_timestamp(t timestamp);
0 rows affected
SQL> 
SQL> -- 插入数据
SQL> insert into t_timestamp values ('2019-01-01 10:10:30.123456');
1 row affected
SQL> 
SQL> -- 查询结果
SQL> select * from t_timestamp;
+----------------------------+
| T                          |
+----------------------------+
| 2019-01-01 10:10:30.123000 |
+----------------------------+
1 row selected.
SQL> 
SQL> -- 创建包含timestamp 类型的表
SQL> create table IF NOT EXISTS t_timestamp_0(t timestamp(0));
0 rows affected
SQL> 
SQL> -- 插入数据
SQL> insert into t_timestamp_0 values ('2019-01-01 10:10:30.123456');
1 row affected
SQL> 
SQL> -- 查询结果
SQL> select * from t_timestamp_0;
+---------------------+
| T                   |
+---------------------+
| 2019-01-01 10:10:30 |
+---------------------+
1 row selected.
SQL> 
SQL> -- 创建包含timestamp 类型的表
SQL> create table IF NOT EXISTS t_timestamp_3(t timestamp(3));
0 rows affected
SQL> 
SQL> -- 插入数据
SQL> insert into t_timestamp_3 values ('2019-01-01 10:10:30.123456');
1 row affected
SQL> 
SQL> -- 查询结果
SQL> select * from t_timestamp_3;
+----------------------------+
| T                          |
+----------------------------+
| 2019-01-01 10:10:30.123 |
+----------------------------+
1 row selected.
SQL> 
SQL> -- 创建包含timestamp 类型的表
SQL> create table IF NOT EXISTS t_timestamp_6(t timestamp(6));
0 rows affected
SQL> 
SQL> -- 插入数据
SQL> insert into t_timestamp_6 values ('2019-01-01 10:10:30.123456');
1 row affected
SQL> 
SQL> -- 查询结果
SQL> select * from t_timestamp_6;
+----------------------------+
| T                          |
+----------------------------+
| 2019-01-01 10:10:30.123456 |
+----------------------------+
1 row selected.
SQL> 
SQL> -- 使用DATE_FORMAT函数按指定格式输出
SQL> SELECT DATE_FORMAT(timestamp '2017-12-31 20:22:13', 'yyyy-MM-dd') FROM t_timestamp;
+------------+
| C1         |
+------------+
| 2017-12-31 |
+------------+
1 row selected.
SQL> exit
Disconnected.
