SQLCli Release 0.0.68
SQL> loaddriver C:\Users\耿晨雨\Desktop\linkoopdb-jdbc-2.2.3.jar
Driver loaded.
SQL> connect admin/123456
Database connected.
SQL> start F051-01 DATE data type (including support of DATE literal).sql
SQL> -- 清空环境
SQL> drop table t_date IF  EXISTS;
0 rows affected
SQL> 
SQL> -- 创建包含时间列的表
SQL> create table IF NOT EXISTS t_date (id int,name varchar(20),c3 date);
0 rows affected
SQL> 
SQL> -- 插入数据
SQL> insert into t_date values (
   > (1,'a','2018-08-01'),
   > (2,'b','2018-08-02'),
   > (3,'c','2018-08-03'),
   > (4,'d','2018-08-04'),
   > (5,'e','2018-08-05'),
   > (6,'f','2018-08-06'),
   > (7,'g','2018-08-07'),
   > (8,'h','2018-08-08'),
   > (9,'i','2018-08-09'));
9 rows affected
SQL> 
SQL> -- 查询结果
SQL> select * from t_date order by id;
+----+------+----------+
| ID | NAME | C3       |
+----+------+----------+
| 1  | a    | 2018-8-1 |
| 2  | b    | 2018-8-2 |
| 3  | c    | 2018-8-3 |
| 4  | d    | 2018-8-4 |
| 5  | e    | 2018-8-5 |
| 6  | f    | 2018-8-6 |
| 7  | g    | 2018-8-7 |
| 8  | h    | 2018-8-8 |
| 9  | i    | 2018-8-9 |
+----+------+----------+
9 rows selected.
SQL> 
SQL> -- 使用时间函数输出年份
SQL> select * from (select date_format(c3,'YYYY') d from t_date) order by d;
+------+
| D    |
+------+
| 2018 |
| 2018 |
| 2018 |
| 2018 |
| 2018 |
| 2018 |
| 2018 |
| 2018 |
| 2018 |
+------+
9 rows selected.
SQL> 
SQL> -- 使用时间函数输出日
SQL> select * from (select date_format(c3,'DD') d from t_date) order by d;
+----+
| D  |
+----+
| 01 |
| 02 |
| 03 |
| 04 |
| 05 |
| 06 |
| 07 |
| 08 |
| 09 |
+----+
9 rows selected.
SQL> exit
Disconnected.
