SQLCli Release 0.0.45
SQL> connect admin/123456
Database connected.
SQL> start float/float.sql
SQL> --Description：float data type
   > --Date：2020-05-22
   > --Author：李爱敏
   > 
   > -- float数据类型验证
   > --删除表T_TYPE_FLOAT
SQL> drop table T_TYPE_FLOAT if exists;
0 rows affected
SQL> 
SQL> --创建表T_TYPE_FLOAT
SQL> create table T_TYPE_FLOAT(
   > a1 float
   > );
0 rows affected
SQL> 
SQL> --验证float类型负数最小值-3.402823E+38
SQL> insert into T_TYPE_FLOAT values(-3.402823E+38);
1 row affected
SQL> --查询表T_TYPE_FLOAT
SQL> select * from T_TYPE_FLOAT; 
+-------------------------+
| A1                      |
+-------------------------+
| -3.4028230607370965e+38 |
+-------------------------+
1 row selected.
SQL>         
SQL> --验证float类型负数最小值的尾数-0.01，是否报错
SQL> insert into T_TYPE_FLOAT values(-3.412823E+38);
1 row affected
SQL> --查询表T_TYPE_FLOAT
SQL> select * from T_TYPE_FLOAT;
+-------------------------+
| A1                      |
+-------------------------+
| -inf                    |
| -3.4028230607370965e+38 |
+-------------------------+
2 rows selected.
SQL> 
SQL> --验证float类型负数最大值-1.175494E-38
SQL> insert into T_TYPE_FLOAT values(-1.175494E-38);
1 row affected
SQL> --查询表T_TYPE_FLOAT
SQL> select * from T_TYPE_FLOAT; 
+-------------------------+
| A1                      |
+-------------------------+
| -1.1754939304327482e-38 |
| -inf                    |
| -3.4028230607370965e+38 |
+-------------------------+
3 rows selected.
SQL>         
SQL> --验证float类型负数最大值的尾数+0.01，是否报错
SQL> insert into T_TYPE_FLOAT values(-1.165494E-38);
1 row affected
SQL> --查询表T_TYPE_FLOAT
SQL> select * from T_TYPE_FLOAT;
+-------------------------+
| A1                      |
+-------------------------+
| -1.1654939843316335e-38 |
| -1.1754939304327482e-38 |
| -inf                    |
| -3.4028230607370965e+38 |
+-------------------------+
4 rows selected.
SQL> 
SQL> --验证float类型值为0
SQL> insert into T_TYPE_FLOAT values(0);
1 row affected
SQL> --查询表T_TYPE_FLOAT
SQL> select * from T_TYPE_FLOAT;
+-------------------------+
| A1                      |
+-------------------------+
| 0.0                     |
| -1.1654939843316335e-38 |
| -1.1754939304327482e-38 |
| -inf                    |
| -3.4028230607370965e+38 |
+-------------------------+
5 rows selected.
SQL> 
SQL> --验证float类型正数最小值1.175494E-38
SQL> insert into T_TYPE_FLOAT values(1.175494E-38);
1 row affected
SQL> --查询表T_TYPE_FLOAT
SQL> select * from T_TYPE_FLOAT;
+-------------------------+
| A1                      |
+-------------------------+
| 1.1754939304327482e-38  |
| 0.0                     |
| -1.1654939843316335e-38 |
| -1.1754939304327482e-38 |
| -inf                    |
| -3.4028230607370965e+38 |
+-------------------------+
6 rows selected.
SQL> 
SQL> --验证float类型正数最小值的尾数-0.01，是否报错
SQL> insert into T_TYPE_FLOAT values(1.165494E-38);
1 row affected
SQL> --查询表T_TYPE_FLOAT
SQL> select * from T_TYPE_FLOAT;
+-------------------------+
| A1                      |
+-------------------------+
| 1.1654939843316335e-38  |
| 1.1754939304327482e-38  |
| 0.0                     |
| -1.1654939843316335e-38 |
| -1.1754939304327482e-38 |
| -inf                    |
| -3.4028230607370965e+38 |
+-------------------------+
7 rows selected.
SQL> 
SQL> --验证float类型正数最大值3.402823E+38
SQL> insert into T_TYPE_FLOAT values(3.402823E+38);
1 row affected
SQL> --查询表T_TYPE_FLOAT
SQL> select * from T_TYPE_FLOAT;
+-------------------------+
| A1                      |
+-------------------------+
| 3.4028230607370965e+38  |
| 1.1654939843316335e-38  |
| 1.1754939304327482e-38  |
| 0.0                     |
| -1.1654939843316335e-38 |
| -1.1754939304327482e-38 |
| -inf                    |
| -3.4028230607370965e+38 |
+-------------------------+
8 rows selected.
SQL> 
SQL> --验证float类型正数最大值的尾数+0.01，是否报错
SQL> insert into T_TYPE_FLOAT values(3.412823E+38);
1 row affected
SQL> --查询表T_TYPE_FLOAT
SQL> select * from T_TYPE_FLOAT;
+-------------------------+
| A1                      |
+-------------------------+
| inf                     |
| 3.4028230607370965e+38  |
| 1.1654939843316335e-38  |
| 1.1754939304327482e-38  |
| 0.0                     |
| -1.1654939843316335e-38 |
| -1.1754939304327482e-38 |
| -inf                    |
| -3.4028230607370965e+38 |
+-------------------------+
9 rows selected.
SQL> 
SQL>  --验证float类型有效位小于等于7
SQL> insert into T_TYPE_FLOAT values(1.234567);
1 row affected
SQL> --查询表T_TYPE_FLOAT
SQL> select * from T_TYPE_FLOAT;
+-------------------------+
| A1                      |
+-------------------------+
| 1.2345670461654663      |
| inf                     |
| 3.4028230607370965e+38  |
| 1.1654939843316335e-38  |
| 1.1754939304327482e-38  |
| 0.0                     |
| -1.1654939843316335e-38 |
| -1.1754939304327482e-38 |
| -inf                    |
| -3.4028230607370965e+38 |
+-------------------------+
10 rows selected.
SQL> 
SQL> --验证float类型的有效位超出7个，截断
SQL> insert into T_TYPE_FLOAT values(1.2345678);
1 row affected
SQL> --查询表T_TYPE_FLOAT
SQL> select * from T_TYPE_FLOAT;
+-------------------------+
| A1                      |
+-------------------------+
| 1.2345677614212036      |
| 1.2345670461654663      |
| inf                     |
| 3.4028230607370965e+38  |
| 1.1654939843316335e-38  |
| 1.1754939304327482e-38  |
| 0.0                     |
| -1.1654939843316335e-38 |
| -1.1754939304327482e-38 |
| -inf                    |
| -3.4028230607370965e+38 |
+-------------------------+
11 rows selected.
SQL> 
SQL> --验证插入int类型
SQL> insert into T_TYPE_FLOAT values(289);
1 row affected
SQL> --查询表T_TYPE_FLOAT
SQL> select * from T_TYPE_FLOAT;
+-------------------------+
| A1                      |
+-------------------------+
| 289.0                   |
| 1.2345677614212036      |
| 1.2345670461654663      |
| inf                     |
| 3.4028230607370965e+38  |
| 1.1654939843316335e-38  |
| 1.1754939304327482e-38  |
| 0.0                     |
| -1.1654939843316335e-38 |
| -1.1754939304327482e-38 |
| -inf                    |
| -3.4028230607370965e+38 |
+-------------------------+
12 rows selected.
SQL> 
SQL> --验证插入varchar类型，插入数字'1234.56'
SQL> insert into T_TYPE_FLOAT values('1234.56');
1 row affected
SQL> --查询表T_TYPE_FLOAT
SQL> select * from T_TYPE_FLOAT;
+-------------------------+
| A1                      |
+-------------------------+
| 1234.56005859375        |
| 289.0                   |
| 1.2345677614212036      |
| 1.2345670461654663      |
| inf                     |
| 3.4028230607370965e+38  |
| 1.1654939843316335e-38  |
| 1.1754939304327482e-38  |
| 0.0                     |
| -1.1654939843316335e-38 |
| -1.1754939304327482e-38 |
| -inf                    |
| -3.4028230607370965e+38 |
+-------------------------+
13 rows selected.
SQL> 
SQL> --验证插入varchar类型，插入英文字母'AAAbcd'
SQL> insert into T_TYPE_FLOAT values('AAAbcd');
1 row affected
SQL> --查询表T_TYPE_FLOAT
SQL> select * from T_TYPE_FLOAT;
+-------------------------+
| A1                      |
+-------------------------+
| <null>                  |
| 1234.56005859375        |
| 289.0                   |
| 1.2345677614212036      |
| 1.2345670461654663      |
| inf                     |
| 3.4028230607370965e+38  |
| 1.1654939843316335e-38  |
| 1.1754939304327482e-38  |
| 0.0                     |
| -1.1654939843316335e-38 |
| -1.1754939304327482e-38 |
| -inf                    |
| -3.4028230607370965e+38 |
+-------------------------+
14 rows selected.
SQL> 
SQL> --验证插入varchar类型，插入汉字'北京'
SQL> insert into T_TYPE_FLOAT values('北京');
1 row affected
SQL> --查询表T_TYPE_FLOAT
SQL> select * from T_TYPE_FLOAT;
+-------------------------+
| A1                      |
+-------------------------+
| <null>                  |
| <null>                  |
| 1234.56005859375        |
| 289.0                   |
| 1.2345677614212036      |
| 1.2345670461654663      |
| inf                     |
| 3.4028230607370965e+38  |
| 1.1654939843316335e-38  |
| 1.1754939304327482e-38  |
| 0.0                     |
| -1.1654939843316335e-38 |
| -1.1754939304327482e-38 |
| -inf                    |
| -3.4028230607370965e+38 |
+-------------------------+
15 rows selected.
SQL> 
SQL> --验证插入date类型，格式yyyy-mm-dd
SQL> insert into T_TYPE_FLOAT values(to_date('2020-05-08','yyyy-mm-dd'));
1 row affected
SQL> --查询表T_TYPE_FLOAT
SQL> select * from T_TYPE_FLOAT;
+-------------------------+
| A1                      |
+-------------------------+
| <null>                  |
| <null>                  |
| <null>                  |
| 1234.56005859375        |
| 289.0                   |
| 1.2345677614212036      |
| 1.2345670461654663      |
| inf                     |
| 3.4028230607370965e+38  |
| 1.1654939843316335e-38  |
| 1.1754939304327482e-38  |
| 0.0                     |
| -1.1654939843316335e-38 |
| -1.1754939304327482e-38 |
| -inf                    |
| -3.4028230607370965e+38 |
+-------------------------+
16 rows selected.
SQL> 
SQL> --验证插入timestamp类型，格式yyyy-mm-dd hh24:mi:ss
SQL> insert into T_TYPE_FLOAT values(TO_TIMESTAMP('2020-05-08 12:19:01', 'yyyy-mm-dd hh24:mi:ss'));
1 row affected
SQL> --查询表T_TYPE_FLOAT
SQL> select * from T_TYPE_FLOAT;
+-------------------------+
| A1                      |
+-------------------------+
| 1588911488.0            |
| <null>                  |
| <null>                  |
| <null>                  |
| 1234.56005859375        |
| 289.0                   |
| 1.2345677614212036      |
| 1.2345670461654663      |
| inf                     |
| 3.4028230607370965e+38  |
| 1.1654939843316335e-38  |
| 1.1754939304327482e-38  |
| 0.0                     |
| -1.1654939843316335e-38 |
| -1.1754939304327482e-38 |
| -inf                    |
| -3.4028230607370965e+38 |
+-------------------------+
17 rows selected.
SQL> 
SQL> --验证插入boolean类型，插入true                                                       
SQL> insert into T_TYPE_FLOAT values(true);
1 row affected
SQL> --查询表T_TYPE_FLOAT
SQL> select * from T_TYPE_FLOAT;
+-------------------------+
| A1                      |
+-------------------------+
| 1.0                     |
| 1588911488.0            |
| <null>                  |
| <null>                  |
| <null>                  |
| 1234.56005859375        |
| 289.0                   |
| 1.2345677614212036      |
| 1.2345670461654663      |
| inf                     |
| 3.4028230607370965e+38  |
| 1.1654939843316335e-38  |
| 1.1754939304327482e-38  |
| 0.0                     |
| -1.1654939843316335e-38 |
| -1.1754939304327482e-38 |
| -inf                    |
| -3.4028230607370965e+38 |
+-------------------------+
18 rows selected.
SQL> 
SQL> --验证插入boolean类型，插入false
SQL> insert into T_TYPE_FLOAT values(false); 
1 row affected
SQL> --查询表T_TYPE_FLOAT
SQL> select * from T_TYPE_FLOAT; 
+-------------------------+
| A1                      |
+-------------------------+
| 0.0                     |
| 1.0                     |
| 1588911488.0            |
| <null>                  |
| <null>                  |
| <null>                  |
| 1234.56005859375        |
| 289.0                   |
| 1.2345677614212036      |
| 1.2345670461654663      |
| inf                     |
| 3.4028230607370965e+38  |
| 1.1654939843316335e-38  |
| 1.1754939304327482e-38  |
| 0.0                     |
| -1.1654939843316335e-38 |
| -1.1754939304327482e-38 |
| -inf                    |
| -3.4028230607370965e+38 |
+-------------------------+
19 rows selected.
SQL> 
SQL> --验证插入空值''                                                   
SQL> insert into T_TYPE_FLOAT values('');     
1 row affected
SQL> --查询表T_TYPE_FLOAT
SQL> select * from T_TYPE_FLOAT;
+-------------------------+
| A1                      |
+-------------------------+
| <null>                  |
| 0.0                     |
| 1.0                     |
| 1588911488.0            |
| <null>                  |
| <null>                  |
| <null>                  |
| 1234.56005859375        |
| 289.0                   |
| 1.2345677614212036      |
| 1.2345670461654663      |
| inf                     |
| 3.4028230607370965e+38  |
| 1.1654939843316335e-38  |
| 1.1754939304327482e-38  |
| 0.0                     |
| -1.1654939843316335e-38 |
| -1.1754939304327482e-38 |
| -inf                    |
| -3.4028230607370965e+38 |
+-------------------------+
20 rows selected.
SQL> 
SQL> --验证插入空格' '                                                   
SQL> insert into T_TYPE_FLOAT values(' ');     
1 row affected
SQL> --查询表T_TYPE_FLOAT
SQL> select * from T_TYPE_FLOAT;
+-------------------------+
| A1                      |
+-------------------------+
| <null>                  |
| <null>                  |
| 0.0                     |
| 1.0                     |
| 1588911488.0            |
| <null>                  |
| <null>                  |
| <null>                  |
| 1234.56005859375        |
| 289.0                   |
| 1.2345677614212036      |
| 1.2345670461654663      |
| inf                     |
| 3.4028230607370965e+38  |
| 1.1654939843316335e-38  |
| 1.1754939304327482e-38  |
| 0.0                     |
| -1.1654939843316335e-38 |
| -1.1754939304327482e-38 |
| -inf                    |
| -3.4028230607370965e+38 |
+-------------------------+
21 rows selected.
SQL> 
SQL> --验证插入null                                                    
SQL> insert into T_TYPE_FLOAT values(null);  
1 row affected
SQL> --查询表T_TYPE_FLOAT
SQL> select * from T_TYPE_FLOAT;  
+-------------------------+
| A1                      |
+-------------------------+
| <null>                  |
| <null>                  |
| <null>                  |
| 0.0                     |
| 1.0                     |
| 1588911488.0            |
| <null>                  |
| <null>                  |
| <null>                  |
| 1234.56005859375        |
| 289.0                   |
| 1.2345677614212036      |
| 1.2345670461654663      |
| inf                     |
| 3.4028230607370965e+38  |
| 1.1654939843316335e-38  |
| 1.1754939304327482e-38  |
| 0.0                     |
| -1.1654939843316335e-38 |
| -1.1754939304327482e-38 |
| -inf                    |
| -3.4028230607370965e+38 |
+-------------------------+
22 rows selected.
SQL> 
SQL> --验证插入NULL                                                   
SQL> insert into T_TYPE_FLOAT values(NULL);  
1 row affected
SQL> --查询表T_TYPE_FLOAT
SQL> select * from T_TYPE_FLOAT;
+-------------------------+
| A1                      |
+-------------------------+
| <null>                  |
| <null>                  |
| <null>                  |
| <null>                  |
| 0.0                     |
| 1.0                     |
| 1588911488.0            |
| <null>                  |
| <null>                  |
| <null>                  |
| 1234.56005859375        |
| 289.0                   |
| 1.2345677614212036      |
| 1.2345670461654663      |
| inf                     |
| 3.4028230607370965e+38  |
| 1.1654939843316335e-38  |
| 1.1754939304327482e-38  |
| 0.0                     |
| -1.1654939843316335e-38 |
| -1.1754939304327482e-38 |
| -inf                    |
| -3.4028230607370965e+38 |
+-------------------------+
23 rows selected.
SQL> exit
Disconnected.
