SQLCli Release 0.0.52
SQL> start C:\Work\linkoop\linkoop-auto-test\linkoopdb\regression\demo\tke2.sql
SQL> connect admin/123456
Database connected.
SQL> DROP TABLE TKE2 IF EXISTS;
0 rows affected
SQL> CREATE TABLE TKE2
   > (ID INTEGER,
   >  NAME VARCHAR(20)
   > );
0 rows affected
SQL> INSERT INTO TKE2 VALUES(1,'HELLO');
1 row affected
SQL> INSERT INTO TKE2 VALUES(2,'LALAL');
1 row affected
SQL> COMMIT;
0 rows affected
SQL> DROP TABLE TKE3 IF EXISTS;
0 rows affected
SQL> CREATE TABLE TKE3
   > (ID INTEGER,
   >  NAME VARCHAR(20)
   > );
0 rows affected
SQL> INSERT INTO TKE3 VALUES(1,'Sun1');
1 row affected
SQL> INSERT INTO TKE3 VALUES(2,'Sun2');
1 row affected
SQL> COMMIT;
0 rows affected
SQL> DROP TABLE TKE4 IF EXISTS;
0 rows affected
SQL> CREATE TABLE TKE4
   > (ID INTEGER,
   >  NAME VARCHAR(20)
   > );
0 rows affected
SQL> INSERT INTO TKE4 VALUES(1,'Moon1');
1 row affected
SQL> INSERT INTO TKE4 VALUES(2,'Moon2');
1 row affected
SQL> COMMIT;
0 rows affected
SQL> SELECT * FROM TKE2 ORDER BY ID;
+----+-------+
| ID | NAME  |
+----+-------+
| 1  | HELLO |
| 2  | LALAL |
+----+-------+
2 rows selected.
SQL> SELECT * FROM TAB1 ORDER BY ID;
+----+------+
| ID | NAME |
+----+------+
| 1  | Sun1 |
| 2  | Sun2 |
+----+------+
2 rows selected.
SQL> exit
Disconnected.
