SQLCli Release 0.0.62
SQL> connect admin/123456
Database connected.
SQL> start string_function.sql
SQL> --Description:字符串函数补充测试用例
   > --Date：2020-06-09
   > --Author：贾路遥
SQL> set echo on
SQL> set timing on
Running time elapsed:      0.00 Seconds
SQL> 
SQL> --建表Test_Builtin_2
SQL> DROP TABLE Test_Builtin_2 IF EXISTS ;
0 rows affected
Running time elapsed:      0.09 Seconds
SQL> CREATE TABLE Test_Builtin_2 (id int,name VARCHAR(100));
0 rows affected
Running time elapsed:      0.06 Seconds
SQL> INSERT INTO Test_Builtin_2 VALUES (1,' Justin Bieber '),(2,' Hailey Baldwin  '),(3,'    Selena Gomez');
3 rows affected
Running time elapsed:      0.81 Seconds
SQL> INSERT INTO Test_Builtin_2 VALUES(4,' q az xe'),(5,'S D B J Y '),(6,'  z  xn  HJd UG'),(7,' cs sds dsd');
4 rows affected
Running time elapsed:      0.50 Seconds
SQL> 
SQL> 
SQL> --CHARACTER_LENGTH()函数
SQL> SELECT CHARACTER_LENGTH('  ') FROM Test_Builtin_2 limit 1;
+----+
| C1 |
+----+
| 2  |
+----+
1 row selected.
Running time elapsed:      0.56 Seconds
SQL> SELECT CHARACTER_LENGTH(name) FROM Test_Builtin_2 order by id;
+----+
| C1 |
+----+
| 15 |
| 17 |
| 16 |
| 8  |
| 10 |
| 15 |
| 11 |
+----+
7 rows selected.
Running time elapsed:      0.01 Seconds
SQL> 
SQL> --异常测试
SQL> SELECT CHARACTER_LENGTH(timestamp '2019-02-11 09:22:23') FROM Test_Builtin_2 limit 1;
java.sql.SQLSyntaxErrorException: incompatible data type in operation in statement [SELECT CHARACTER_LENGTH(timestamp '2019-02-11 09:22:23') FROM Test_Builtin_2 limit 1]
Running time elapsed:      0.00 Seconds
SQL> SELECT CHARACTER_LENGTH( ) FROM Test_Builtin_2 limit 1;
java.sql.SQLSyntaxErrorException: unexpected token: ) in statement [SELECT CHARACTER_LENGTH( ) FROM Test_Builtin_2 limit 1]
Running time elapsed:      0.00 Seconds
SQL> SELECT CHARACTER_LENGTH() FROM Test_Builtin_2 limit 1;
java.sql.SQLSyntaxErrorException: unexpected token: ) in statement [SELECT CHARACTER_LENGTH() FROM Test_Builtin_2 limit 1]
Running time elapsed:      0.00 Seconds
SQL> SELECT CHARACTER_LENGTH(abc) FROM Test_Builtin_2 limit 1;
java.sql.SQLSyntaxErrorException: user lacks privilege or object not found: ABC in statement [SELECT CHARACTER_LENGTH(abc) FROM Test_Builtin_2 limit 1]
Running time elapsed:      0.00 Seconds
SQL> 
SQL> --函数嵌套使用
SQL> SELECT CHARACTER_LENGTH(trim(both from name)) FROM Test_Builtin_2 order by id;
+----+
| C1 |
+----+
| 13 |
| 14 |
| 12 |
| 7  |
| 9  |
| 13 |
| 10 |
+----+
7 rows selected.
Running time elapsed:      1.53 Seconds
SQL> SELECT CHARACTER_LENGTH(trim(substring(' l i n ko o p d b ', 5))) FROM Test_Builtin_2 limit 1;
+----+
| C1 |
+----+
| 12 |
+----+
1 row selected.
Running time elapsed:      0.52 Seconds
SQL> 
SQL> --TRIM()函数
   > --TRIM (BOTH FROM <expression>)
SQL> SELECT trim(BOTH 'qw' FROM 'qww') FROM Test_Builtin_2 limit 1;
+----+
| C1 |
+----+
|    |
+----+
1 row selected.
Running time elapsed:      0.50 Seconds
SQL> SELECT trim(BOTH 'q' FROM 'qww') FROM Test_Builtin_2 limit 1;
+----+
| C1 |
+----+
| ww |
+----+
1 row selected.
Running time elapsed:      0.47 Seconds
SQL> SELECT trim(BOTH 'qwq' FROM 'qwwww') FROM Test_Builtin_2 limit 1;
+----+
| C1 |
+----+
|    |
+----+
1 row selected.
Running time elapsed:      0.47 Seconds
SQL> SELECT trim(both from name) FROM Test_Builtin_2 ORDER BY id;
+----------------+
| C1             |
+----------------+
| Justin Bieber  |
| Hailey Baldwin |
| Selena Gomez   |
| q az xe        |
| S D B J Y      |
| z  xn  HJd UG  |
| cs sds dsd     |
+----------------+
7 rows selected.
Running time elapsed:      0.81 Seconds
SQL> SELECT trim(both from '  ') FROM Test_Builtin_2 limit 1;
+----+
| C1 |
+----+
|    |
+----+
1 row selected.
Running time elapsed:      0.48 Seconds
SQL> SELECT trim(BOTH 'a' FROM 'abc a b') FROM Test_Builtin_2 limit 1;
+--------+
| C1     |
+--------+
| bc a b |
+--------+
1 row selected.
Running time elapsed:      0.49 Seconds
SQL> SELECT trim(name) FROM Test_Builtin_2 ORDER BY id;
+----------------+
| C1             |
+----------------+
| Justin Bieber  |
| Hailey Baldwin |
| Selena Gomez   |
| q az xe        |
| S D B J Y      |
| z  xn  HJd UG  |
| cs sds dsd     |
+----------------+
7 rows selected.
Running time elapsed:      0.72 Seconds
SQL> SELECT trim('  ') FROM Test_Builtin_2 limit 1;
+----+
| C1 |
+----+
|    |
+----+
1 row selected.
Running time elapsed:      0.45 Seconds
SQL> SELECT trim(TRAILING FROM name) FROM Test_Builtin_2 ORDER BY id;
+------------------+
| C1               |
+------------------+
|  Justin Bieber   |
|  Hailey Baldwin  |
|     Selena Gomez |
|  q az xe         |
| S D B J Y        |
|   z  xn  HJd UG  |
|  cs sds dsd      |
+------------------+
7 rows selected.
Running time elapsed:      0.70 Seconds
SQL> SELECT trim(TRAILING FROM '  ') FROM Test_Builtin_2 limit 1;
+----+
| C1 |
+----+
|    |
+----+
1 row selected.
Running time elapsed:      0.46 Seconds
SQL> SELECT trim(TRAILING FROM 12 3 ) FROM Test_Builtin_2 limit 1;
java.sql.SQLSyntaxErrorException: unexpected token: 3 in statement [SELECT trim(TRAILING FROM 12 3 ) FROM Test_Builtin_2 limit 1]
Running time elapsed:      0.00 Seconds
SQL> SELECT trim(LEADING FROM name) FROM Test_Builtin_2 ORDER BY id;
+------------------+
| C1               |
+------------------+
| Justin Bieber    |
| Hailey Baldwin   |
| Selena Gomez     |
| q az xe          |
| S D B J Y        |
| z  xn  HJd UG    |
| cs sds dsd       |
+------------------+
7 rows selected.
Running time elapsed:      0.77 Seconds
SQL> SELECT trim(LEADING FROM '  ') FROM Test_Builtin_2 limit 1;
+----+
| C1 |
+----+
|    |
+----+
1 row selected.
Running time elapsed:      0.45 Seconds
SQL> SELECT trim(LEADING FROM 12 3 ) FROM Test_Builtin_2 limit 1;
java.sql.SQLSyntaxErrorException: unexpected token: 3 in statement [SELECT trim(LEADING FROM 12 3 ) FROM Test_Builtin_2 limit 1]
Running time elapsed:      0.00 Seconds
SQL> SELECT trim('a' FROM 'abc a ba') FROM Test_Builtin_2 limit 1;
+--------+
| C1     |
+--------+
| bc a b |
+--------+
1 row selected.
Running time elapsed:      0.47 Seconds
SQL> SELECT trim('SL' FROM 'SLINKOOPDBL') FROM Test_Builtin_2 limit 1;
+----------+
| C1       |
+----------+
| INKOOPDB |
+----------+
1 row selected.
Running time elapsed:      0.47 Seconds
SQL> SELECT trim('SL' FROM 'SINKOOPDBL') FROM Test_Builtin_2 limit 1;
+----------+
| C1       |
+----------+
| INKOOPDB |
+----------+
1 row selected.
Running time elapsed:      0.45 Seconds
SQL> --异常测试
SQL> SELECT trim(12 3 ) FROM Test_Builtin_2 limit 1;
java.sql.SQLSyntaxErrorException: unexpected token: 3 in statement [SELECT trim(12 3 ) FROM Test_Builtin_2 limit 1]
Running time elapsed:      0.00 Seconds
SQL> SELECT trim(both from 12 3 ) FROM Test_Builtin_2 limit 1;
java.sql.SQLSyntaxErrorException: unexpected token: 3 in statement [SELECT trim(both from 12 3 ) FROM Test_Builtin_2 limit 1]
Running time elapsed:      0.00 Seconds
SQL> SELECT trim('a' 'b') FROM Test_Builtin_2 limit 1;
+----+
| C1 |
+----+
| ab |
+----+
1 row selected.
Running time elapsed:      0.74 Seconds
SQL> SELECT trim('a' 'abc a ba') FROM Test_Builtin_2 limit 1;
+-----------+
| C1        |
+-----------+
| aabc a ba |
+-----------+
1 row selected.
Running time elapsed:      0.44 Seconds
SQL> SELECT trim('a' ,'abc a b') FROM Test_Builtin_2 limit 1;
java.sql.SQLSyntaxErrorException: unexpected token: , in statement [SELECT trim('a' ,'abc a b') FROM Test_Builtin_2 limit 1]
Running time elapsed:      0.00 Seconds
SQL> 
SQL> 
SQL> --对日期的格式化处理
   > --to_date()函数
SQL> SELECT to_date('2018-09-01','YYYY-MM-DD') FROM Test_Builtin_2 limit 1;
+----------+
| C1       |
+----------+
| 2018-9-1 |
+----------+
1 row selected.
Running time elapsed:      0.56 Seconds
SQL> SELECT to_date('2018-09-01','YYYY-DD-MM') FROM Test_Builtin_2 limit 1;
+----------+
| C1       |
+----------+
| 2018-1-9 |
+----------+
1 row selected.
Running time elapsed:      0.52 Seconds
SQL> SELECT to_date('2018-09-01','YYYY-MM') FROM Test_Builtin_2 limit 1;
+----------+
| C1       |
+----------+
| 2018-9-1 |
+----------+
1 row selected.
Running time elapsed:      0.49 Seconds
SQL> SELECT to_date('2018-09-01','YYYY-DD') FROM Test_Builtin_2 limit 1;
+----------+
| C1       |
+----------+
| 2018-1-9 |
+----------+
1 row selected.
Running time elapsed:      0.45 Seconds
SQL> SELECT to_date('2018-09-11','YYYY-DD') FROM Test_Builtin_2 limit 1;
+----------+
| C1       |
+----------+
| 2018-1-9 |
+----------+
1 row selected.
Running time elapsed:      0.49 Seconds
SQL> SELECT to_date('2018-09-01','YYYY') FROM Test_Builtin_2 limit 1;
+----------+
| C1       |
+----------+
| 2018-1-1 |
+----------+
1 row selected.
Running time elapsed:      0.51 Seconds
SQL> SELECT to_date('2018-09-01','YY') FROM Test_Builtin_2 limit 1;
+----------+
| C1       |
+----------+
| 2018-1-1 |
+----------+
1 row selected.
Running time elapsed:      0.47 Seconds
SQL> 
SQL> 
SQL> --英文月份
SQL> SELECT to_date('23-JUN-99','dd-MON-YY')FROM Test_Builtin_2 LIMIT 1;
+-----------+
| C1        |
+-----------+
| 1999-6-23 |
+-----------+
1 row selected.
Running time elapsed:      0.49 Seconds
SQL> SELECT to_date('99-JUN-23','YY-MON-DD')FROM Test_Builtin_2 LIMIT 1;
+-----------+
| C1        |
+-----------+
| 1999-6-23 |
+-----------+
1 row selected.
Running time elapsed:      0.48 Seconds
SQL> SELECT to_date('23-JUN-03','dd-MON-YY')FROM Test_Builtin_2 LIMIT 1;
+-----------+
| C1        |
+-----------+
| 2003-6-23 |
+-----------+
1 row selected.
Running time elapsed:      0.51 Seconds
SQL> SELECT to_date('99-JUN-23','YY-MON-DD')FROM Test_Builtin_2 LIMIT 1;
+-----------+
| C1        |
+-----------+
| 1999-6-23 |
+-----------+
1 row selected.
Running time elapsed:      0.58 Seconds
SQL> SELECT to_date('13-FEB-23','YY-MON-DD')FROM Test_Builtin_2 LIMIT 1;
+-----------+
| C1        |
+-----------+
| 2013-2-23 |
+-----------+
1 row selected.
Running time elapsed:      0.49 Seconds
SQL> SELECT to_date('13-MAR-23','YY-MON-DD')FROM Test_Builtin_2 LIMIT 1;
+-----------+
| C1        |
+-----------+
| 2013-3-23 |
+-----------+
1 row selected.
Running time elapsed:      0.53 Seconds
SQL> SELECT to_date('13-APR-23','YY-MON-DD')FROM Test_Builtin_2 LIMIT 1;
+-----------+
| C1        |
+-----------+
| 2013-4-23 |
+-----------+
1 row selected.
Running time elapsed:      0.53 Seconds
SQL> SELECT to_date('13-MAY-23','YY-MON-DD')FROM Test_Builtin_2 LIMIT 1;
+-----------+
| C1        |
+-----------+
| 2013-5-23 |
+-----------+
1 row selected.
Running time elapsed:      0.53 Seconds
SQL> SELECT to_date('13-Aug-23','YY-MON-DD')FROM Test_Builtin_2 LIMIT 1;
+-----------+
| C1        |
+-----------+
| 2013-8-23 |
+-----------+
1 row selected.
Running time elapsed:      0.49 Seconds
SQL> SELECT to_date('13-JAN-23','YY-MON-DD')FROM Test_Builtin_2 LIMIT 1;
+-----------+
| C1        |
+-----------+
| 2013-1-23 |
+-----------+
1 row selected.
Running time elapsed:      0.53 Seconds
SQL> SELECT to_date('13-July-23','YY-MON-DD')FROM Test_Builtin_2 LIMIT 1;
+-----------+
| C1        |
+-----------+
| 2013-7-23 |
+-----------+
1 row selected.
Running time elapsed:      0.50 Seconds
SQL> SELECT to_date('13-Sep-23','YY-MON-DD')FROM Test_Builtin_2 LIMIT 1;
+-----------+
| C1        |
+-----------+
| 2013-9-23 |
+-----------+
1 row selected.
Running time elapsed:      0.49 Seconds
SQL> SELECT to_date('13-Oct-23','YY-MON-DD')FROM Test_Builtin_2 LIMIT 1;
+------------+
| C1         |
+------------+
| 2013-10-23 |
+------------+
1 row selected.
Running time elapsed:      0.54 Seconds
SQL> SELECT to_date('13-nov-23','YY-MON-DD')FROM Test_Builtin_2 LIMIT 1;
+------------+
| C1         |
+------------+
| 2013-11-23 |
+------------+
1 row selected.
Running time elapsed:      0.84 Seconds
SQL> SELECT to_date('13-dec-23','YY-MON-DD')FROM Test_Builtin_2 LIMIT 1;
+------------+
| C1         |
+------------+
| 2013-12-23 |
+------------+
1 row selected.
Running time elapsed:      0.49 Seconds
SQL> SELECT to_date('13-dec-23','dd-MON-yy')FROM Test_Builtin_2 LIMIT 1;
+------------+
| C1         |
+------------+
| 2023-12-13 |
+------------+
1 row selected.
Running time elapsed:      0.52 Seconds
SQL> SELECT to_date('2018-nov-01','YYYY-MONTH-DD') FROM Test_Builtin_2 limit 1;
+-----------+
| C1        |
+-----------+
| 2018-11-1 |
+-----------+
1 row selected.
Running time elapsed:      0.50 Seconds
SQL> 
SQL> --NULL
SQL> SELECT to_date('20180901','MMDD') FROM Test_Builtin_2 limit 1;
+--------+
| C1     |
+--------+
| <null> |
+--------+
1 row selected.
Running time elapsed:      0.50 Seconds
SQL> SELECT to_date('2018-09-01','MM') FROM Test_Builtin_2 limit 1;
+--------+
| C1     |
+--------+
| <null> |
+--------+
1 row selected.
Running time elapsed:      0.47 Seconds
SQL> SELECT to_date('2018-09-01','DD') FROM Test_Builtin_2 limit 1;
+--------+
| C1     |
+--------+
| <null> |
+--------+
1 row selected.
Running time elapsed:      0.49 Seconds
SQL> SELECT to_date('2018-09-01','MMDD') FROM Test_Builtin_2 limit 1;
+--------+
| C1     |
+--------+
| <null> |
+--------+
1 row selected.
Running time elapsed:      0.50 Seconds
SQL> SELECT to_date('2018-09-01','YYYYMMDD') FROM Test_Builtin_2 limit 1;
+--------+
| C1     |
+--------+
| <null> |
+--------+
1 row selected.
Running time elapsed:      0.49 Seconds
SQL> SELECT to_date('2018-09-01','YYYYMM') FROM Test_Builtin_2 limit 1;
+--------+
| C1     |
+--------+
| <null> |
+--------+
1 row selected.
Running time elapsed:      0.44 Seconds
SQL> SELECT to_date('2018-09-01','YYYYDD') FROM Test_Builtin_2 limit 1;
+--------+
| C1     |
+--------+
| <null> |
+--------+
1 row selected.
Running time elapsed:      0.46 Seconds
SQL> SELECT to_date('20180901','YYYYMM') FROM Test_Builtin_2 limit 1;
+--------+
| C1     |
+--------+
| <null> |
+--------+
1 row selected.
Running time elapsed:      0.45 Seconds
SQL> SELECT to_date('20180901','YYYYDD') FROM Test_Builtin_2 limit 1;
+--------+
| C1     |
+--------+
| <null> |
+--------+
1 row selected.
Running time elapsed:      0.48 Seconds
SQL> SELECT to_date('2018-09-01','DDD') FROM Test_Builtin_2 limit 1;
+--------+
| C1     |
+--------+
| <null> |
+--------+
1 row selected.
Running time elapsed:      0.46 Seconds
SQL> SELECT to_date('2018-09-01','YYYY-MM-DDD') FROM Test_Builtin_2 limit 1;
+--------+
| C1     |
+--------+
| <null> |
+--------+
1 row selected.
Running time elapsed:      0.47 Seconds
SQL> SELECT to_date('2018-09-01','MM-DDD') FROM Test_Builtin_2 limit 1;
+--------+
| C1     |
+--------+
| <null> |
+--------+
1 row selected.
Running time elapsed:      0.43 Seconds
SQL> SELECT to_date('2018-09-01','YYYY-MON-DD') FROM Test_Builtin_2 limit 1;
+--------+
| C1     |
+--------+
| <null> |
+--------+
1 row selected.
Running time elapsed:      0.46 Seconds
SQL> SELECT to_date('2018-09-01','MON') FROM Test_Builtin_2 limit 1;
+--------+
| C1     |
+--------+
| <null> |
+--------+
1 row selected.
Running time elapsed:      0.50 Seconds
SQL> SELECT to_date('2018-09-01','MONTH') FROM Test_Builtin_2 limit 1;
+--------+
| C1     |
+--------+
| <null> |
+--------+
1 row selected.
Running time elapsed:      0.48 Seconds
SQL> SELECT to_date('2018-09-01','YYYY-MONTH-DD') FROM Test_Builtin_2 limit 1;
+--------+
| C1     |
+--------+
| <null> |
+--------+
1 row selected.
Running time elapsed:      0.45 Seconds
SQL> 
SQL> 
SQL> --函数嵌套使用
SQL> SELECT to_date(to_timestamp('2018-11-22 23:12:13','YYYY-MM-DD HH24:MI:SS')) FROM Test_Builtin_2 limit 1;
+------------+
| C1         |
+------------+
| 2018-11-22 |
+------------+
1 row selected.
Running time elapsed:      0.51 Seconds
SQL> SELECT to_date(CURRENT_TIMESTAMP) FROM Test_Builtin_2 LIMIT 1;
+-----------+
| C1        |
+-----------+
| 2020-6-16 |
+-----------+
1 row selected.
Running time elapsed:      0.48 Seconds
SQL> 
SQL> 
SQL> --TO_TIMESTAMP()函数
SQL> SELECT  TO_TIMESTAMP('2018-11-22 11:12:13','YYYY-MM-DD HH:MI:SS') FROM Test_Builtin_2 limit 1;
+---------------------+
| C1                  |
+---------------------+
| 2018-11-22 11:12:13 |
+---------------------+
1 row selected.
Running time elapsed:      0.54 Seconds
SQL> SELECT  TO_TIMESTAMP('2018-11-22 11:12:13','YYYY-MM-DD HH:MI') FROM Test_Builtin_2 limit 1;
+---------------------+
| C1                  |
+---------------------+
| 2018-11-22 11:12:00 |
+---------------------+
1 row selected.
Running time elapsed:      0.52 Seconds
SQL> SELECT  TO_TIMESTAMP('2018-11-22 11:12:13','YYYY-MM-DD HH:SS') FROM Test_Builtin_2 limit 1;
+---------------------+
| C1                  |
+---------------------+
| 2018-11-22 11:00:12 |
+---------------------+
1 row selected.
Running time elapsed:      0.90 Seconds
SQL> SELECT  TO_TIMESTAMP('2018-11-22 11:12:13','YYYY-MM-DD HH12') FROM Test_Builtin_2 limit 1;
+---------------------+
| C1                  |
+---------------------+
| 2018-11-22 11:00:00 |
+---------------------+
1 row selected.
Running time elapsed:      0.47 Seconds
SQL> SELECT  TO_TIMESTAMP('2018-11-22 11:12:13','YYYY-MM-DD HH12:MI') FROM Test_Builtin_2 limit 1;
+---------------------+
| C1                  |
+---------------------+
| 2018-11-22 11:12:00 |
+---------------------+
1 row selected.
Running time elapsed:      0.50 Seconds
SQL> SELECT  TO_TIMESTAMP('2018-11-22 11:12:13','YYYY-MM-DD HH12:SS') FROM Test_Builtin_2 limit 1;
+---------------------+
| C1                  |
+---------------------+
| 2018-11-22 11:00:12 |
+---------------------+
1 row selected.
Running time elapsed:      0.47 Seconds
SQL> SELECT  TO_TIMESTAMP('2018-11-22 23:12:13','YYYY-MM-DD HH24:MI:SS') FROM Test_Builtin_2 limit 1;
+---------------------+
| C1                  |
+---------------------+
| 2018-11-22 23:12:13 |
+---------------------+
1 row selected.
Running time elapsed:      0.50 Seconds
SQL> SELECT  TO_TIMESTAMP('2018-11-22 23:12:13','YYYY-MM-DD HH24:MI') FROM Test_Builtin_2 limit 1;
+---------------------+
| C1                  |
+---------------------+
| 2018-11-22 23:12:00 |
+---------------------+
1 row selected.
Running time elapsed:      0.48 Seconds
SQL> SELECT  TO_TIMESTAMP('2018-11-22 23:12:13','YYYY-MM-DD HH24:SS') FROM Test_Builtin_2 limit 1;
+---------------------+
| C1                  |
+---------------------+
| 2018-11-22 23:00:12 |
+---------------------+
1 row selected.
Running time elapsed:      0.00 Seconds
SQL> 
SQL> --NULL
SQL> SELECT  TO_TIMESTAMP('2018-11-22 11:12:13','HH') FROM Test_Builtin_2 limit 1;
+--------+
| C1     |
+--------+
| <null> |
+--------+
1 row selected.
Running time elapsed:      0.52 Seconds
SQL> SELECT  TO_TIMESTAMP('2018-11-22 11:12:13','HH12') FROM Test_Builtin_2 limit 1;
+--------+
| C1     |
+--------+
| <null> |
+--------+
1 row selected.
Running time elapsed:      0.47 Seconds
SQL> SELECT  TO_TIMESTAMP('2018-11-22 11:12:13','MI') FROM Test_Builtin_2 limit 1;
+--------+
| C1     |
+--------+
| <null> |
+--------+
1 row selected.
Running time elapsed:      0.49 Seconds
SQL> SELECT  TO_TIMESTAMP('2018-11-22 11:12:13','SS') FROM Test_Builtin_2 limit 1;
+--------+
| C1     |
+--------+
| <null> |
+--------+
1 row selected.
Running time elapsed:      0.48 Seconds
SQL> SELECT  TO_TIMESTAMP('2018-11-22 23:12:13','YYYY-MM-DD HH12') FROM Test_Builtin_2 limit 1;
+--------+
| C1     |
+--------+
| <null> |
+--------+
1 row selected.
Running time elapsed:      0.47 Seconds
SQL> SELECT  TO_TIMESTAMP('2018-11-22 13:12:13','YYYY-MM-DD HH12:MI:SS') FROM Test_Builtin_2 limit 1;
+--------+
| C1     |
+--------+
| <null> |
+--------+
1 row selected.
Running time elapsed:      0.49 Seconds
SQL> SELECT  TO_TIMESTAMP('2018-11-22 23:12:13','YYYY-MM-DD HH12:MI:SS') FROM Test_Builtin_2 limit 1;
+--------+
| C1     |
+--------+
| <null> |
+--------+
1 row selected.
Running time elapsed:      0.49 Seconds
SQL> SELECT  TO_TIMESTAMP('2018-11-22 23:12:13','YYYY-MM-DD HH12:MI') FROM Test_Builtin_2 limit 1;
+--------+
| C1     |
+--------+
| <null> |
+--------+
1 row selected.
Running time elapsed:      0.45 Seconds
SQL> SELECT  TO_TIMESTAMP('2018-11-22 23:12:13','YYYY-MM-DD HH12:SS') FROM Test_Builtin_2 limit 1;
+--------+
| C1     |
+--------+
| <null> |
+--------+
1 row selected.
Running time elapsed:      0.48 Seconds
SQL> 
SQL> --函数嵌套使用
SQL> SELECT to_timestamp(to_date('2018-11-22','YYYY-MM-DD')) FROM Test_Builtin_2 limit 1;
+---------------------+
| C1                  |
+---------------------+
| 2018-11-22 00:00:00 |
+---------------------+
1 row selected.
Running time elapsed:      0.49 Seconds
SQL> SELECT to_timestamp(to_date(ADD_MONTHS(timestamp '2011-01-01 21:01:33',6))) FROM Test_Builtin_2 LIMIT 1;
+---------------------+
| C1                  |
+---------------------+
| 2011-07-01 00:00:00 |
+---------------------+
1 row selected.
Running time elapsed:      0.51 Seconds
SQL> SELECT to_timestamp(CURRENT_DATE) FROM Test_Builtin_2 LIMIT 1;
+---------------------+
| C1                  |
+---------------------+
| 2020-06-16 00:00:00 |
+---------------------+
1 row selected.
Running time elapsed:      0.49 Seconds
SQL> 
SQL> 
SQL> --substring()函数
SQL> SELECT substring('linkoopdb', 5) FROM Test_Builtin_2 limit 1;
+-------+
| C1    |
+-------+
| oopdb |
+-------+
1 row selected.
Running time elapsed:      0.48 Seconds
SQL> SELECT substring('linkoopdb', 100) FROM Test_Builtin_2 limit 1;
+----+
| C1 |
+----+
|    |
+----+
1 row selected.
Running time elapsed:      0.48 Seconds
SQL> SELECT substring('linkoopdb', -100) FROM Test_Builtin_2 limit 1;
+-----------+
| C1        |
+-----------+
| linkoopdb |
+-----------+
1 row selected.
Running time elapsed:      0.46 Seconds
SQL> SELECT substring('linkoopdb', 0) FROM Test_Builtin_2 limit 1;
+-----------+
| C1        |
+-----------+
| linkoopdb |
+-----------+
1 row selected.
Running time elapsed:      0.47 Seconds
SQL> SELECT substring('linkoopdb', -1) FROM Test_Builtin_2 limit 1;
+----+
| C1 |
+----+
| b  |
+----+
1 row selected.
Running time elapsed:      0.43 Seconds
SQL> SELECT substring(' l i n ko o p d b ', 5) FROM Test_Builtin_2 limit 1;
+----------------+
| C1             |
+----------------+
|  n ko o p d b  |
+----------------+
1 row selected.
Running time elapsed:      0.46 Seconds
SQL> SELECT substring('linkoopdb', 100,100) FROM Test_Builtin_2 limit 1;
+----+
| C1 |
+----+
|    |
+----+
1 row selected.
Running time elapsed:      0.00 Seconds
SQL> SELECT substring('linkoopdb', 1,2) FROM Test_Builtin_2 limit 1;
+----+
| C1 |
+----+
| li |
+----+
1 row selected.
Running time elapsed:      0.81 Seconds
SQL> SELECT substring('linkoopdb', -100,-100) FROM Test_Builtin_2 limit 1;
+----+
| C1 |
+----+
|    |
+----+
1 row selected.
Running time elapsed:      0.43 Seconds
SQL> SELECT substring('linkoopdb', 0,0) FROM Test_Builtin_2 limit 1;
+----+
| C1 |
+----+
|    |
+----+
1 row selected.
Running time elapsed:      0.49 Seconds
SQL> SELECT substring('linkoopdb', -1,-2) FROM Test_Builtin_2 limit 1;
+----+
| C1 |
+----+
|    |
+----+
1 row selected.
Running time elapsed:      0.45 Seconds
SQL> SELECT substring('linkoopdb', 5,3) FROM Test_Builtin_2 limit 1;
+-----+
| C1  |
+-----+
| oop |
+-----+
1 row selected.
Running time elapsed:      0.45 Seconds
SQL> SELECT substring('linkoopdb', 5,0) FROM Test_Builtin_2 limit 1;
+----+
| C1 |
+----+
|    |
+----+
1 row selected.
Running time elapsed:      0.48 Seconds
SQL> SELECT substring('linkoopdb', 5,100) FROM Test_Builtin_2 limit 1;
+-------+
| C1    |
+-------+
| oopdb |
+-------+
1 row selected.
Running time elapsed:      0.47 Seconds
Running time elapsed:     51.14 Seconds
SQL> exit
Disconnected.
