SQLCli Release 0.0.97
SQL> connect admin/123456
Database connected.
SQL> start partition/partition_aggregate.sql
SQL> --Description:partition
   > --Date：2020-07-21
   > --Author：满意
SQL> SET ECHO ON
SQL> SET TIMING ON
Running time elapsed:      0.00 Seconds
SQL> drop table pagg_tab IF EXISTS;
0 rows affected
Running time elapsed:      0.05 Seconds
SQL> CREATE TABLE pagg_tab (A INT, B INT, C VARCHAR(20), D INT) PARTITIONED BY (A);
0 rows affected
Running time elapsed:      0.06 Seconds
SQL> INSERT INTO pagg_tab VALUES (null,0,'0000',0),(1,null,'0001',1),(2,2,'0002',2),(3,3,'0003',3),(4,4,null,4),(10,10,'0010',10),(11,11,'0011',11),(12,12,'0012',null),(13,13,'0013',13),(14,14,'0014',14),(0,0,'0000',0),(null,null,'0001',1),(2,2,'0002',2),(3,3,'0003',null),(4,4,'0004',4),(4,4,'0004',4),(null,10,'0010',10),(0,0,'0000',0),(1,1,'0001',1);
19 rows affected
Running time elapsed:      1.34 Seconds
SQL> SELECT c, sum(a), avg(b), count(*), min(a), max(b) FROM pagg_tab GROUP BY c HAVING avg(d) < 5 ORDER BY 1, 2, 3;
+--------+----+----+----+----+----+
| C      | C2 | C3 | C4 | C5 | C6 |
+--------+----+----+----+----+----+
| <null> | 4  | 4  | 1  | 4  | 4  |
| 0000   | 0  | 0  | 3  | 0  | 0  |
| 0001   | 2  | 1  | 3  | 1  | 1  |
| 0002   | 4  | 2  | 2  | 2  | 2  |
| 0003   | 6  | 3  | 2  | 3  | 3  |
| 0004   | 8  | 4  | 2  | 4  | 4  |
+--------+----+----+----+----+----+
6 rows selected.
Running time elapsed:      3.84 Seconds
SQL> SELECT a, sum(b), avg(b), count(*), min(a), max(b) FROM pagg_tab GROUP BY a HAVING avg(d) < 5 ORDER BY 1, 2, 3;
+--------+----+----+----+--------+----+
| A      | C2 | C3 | C4 | C5     | C6 |
+--------+----+----+----+--------+----+
| <null> | 10 | 5  | 3  | <null> | 10 |
| 0      | 0  | 0  | 2  | 0      | 0  |
| 1      | 1  | 1  | 2  | 1      | 1  |
| 2      | 4  | 2  | 2  | 2      | 2  |
| 3      | 6  | 3  | 2  | 3      | 3  |
| 4      | 12 | 4  | 3  | 4      | 4  |
+--------+----+----+----+--------+----+
6 rows selected.
Running time elapsed:      4.67 Seconds
SQL> 
SQL> -- Check with multiple columns in GROUP BY
SQL> SELECT a, c, count(*) FROM pagg_tab GROUP BY a, c;
+--------+--------+----+
| A      | C      | C3 |
+--------+--------+----+
| 12     | 0012   | 1  |
| 10     | 0010   | 1  |
| 11     | 0011   | 1  |
| 3      | 0003   | 2  |
| 1      | 0001   | 2  |
| 4      | <null> | 1  |
| <null> | 0010   | 1  |
| 2      | 0002   | 2  |
| 14     | 0014   | 1  |
| <null> | 0001   | 1  |
| 13     | 0013   | 1  |
| 4      | 0004   | 2  |
| <null> | 0000   | 1  |
| 0      | 0000   | 2  |
+--------+--------+----+
14 rows selected.
Running time elapsed:      9.28 Seconds
SQL> -- Check with multiple columns in GROUP BY, order in GROUP BY is reversed
SQL> SELECT a, c, count(*) FROM pagg_tab GROUP BY c, a;
+--------+--------+----+
| A      | C      | C3 |
+--------+--------+----+
| 1      | 0001   | 2  |
| 12     | 0012   | 1  |
| 10     | 0010   | 1  |
| 0      | 0000   | 2  |
| 2      | 0002   | 2  |
| 14     | 0014   | 1  |
| 4      | <null> | 1  |
| <null> | 0010   | 1  |
| <null> | 0001   | 1  |
| 13     | 0013   | 1  |
| 11     | 0011   | 1  |
| 3      | 0003   | 2  |
| <null> | 0000   | 1  |
| 4      | 0004   | 2  |
+--------+--------+----+
14 rows selected.
Running time elapsed:      5.43 Seconds
SQL> -- Check with multiple columns in GROUP BY, order in target-list is reversed
SQL> SELECT c, a, count(*) FROM pagg_tab GROUP BY a, c;
+--------+--------+----+
| C      | A      | C3 |
+--------+--------+----+
| 0012   | 12     | 1  |
| 0010   | 10     | 1  |
| 0011   | 11     | 1  |
| 0003   | 3      | 2  |
| 0001   | 1      | 2  |
| <null> | 4      | 1  |
| 0010   | <null> | 1  |
| 0002   | 2      | 2  |
| 0014   | 14     | 1  |
| 0001   | <null> | 1  |
| 0013   | 13     | 1  |
| 0004   | 4      | 2  |
| 0000   | <null> | 1  |
| 0000   | 0      | 2  |
+--------+--------+----+
14 rows selected.
Running time elapsed:      5.50 Seconds
SQL> 
SQL> 
SQL> -- Test when input relation for grouping is dummy
SQL> SELECT c, sum(a) FROM pagg_tab WHERE 1 = 2 GROUP BY c;
0 rows selected.
Running time elapsed:      0.21 Seconds
SQL> SELECT c, sum(a) FROM pagg_tab WHERE 1 = 2 GROUP BY c;
0 rows selected.
Running time elapsed:      0.17 Seconds
SQL> SELECT c, sum(a) FROM pagg_tab WHERE c = 'x' GROUP BY c;
0 rows selected.
Running time elapsed:      5.06 Seconds
SQL> SELECT c, sum(a), avg(b), count(*) FROM pagg_tab GROUP BY 1 HAVING avg(d) < 5 ORDER BY 1, 2, 3;
+--------+----+----+----+
| C      | C2 | C3 | C4 |
+--------+----+----+----+
| <null> | 4  | 4  | 1  |
| 0000   | 0  | 0  | 3  |
| 0001   | 2  | 1  | 3  |
| 0002   | 4  | 2  | 2  |
| 0003   | 6  | 3  | 2  |
| 0004   | 8  | 4  | 2  |
+--------+----+----+----+
6 rows selected.
Running time elapsed:      1.80 Seconds
SQL> SELECT c FROM pagg_tab GROUP BY c ORDER BY 1;
+--------+
| C      |
+--------+
| <null> |
| 0000   |
| 0001   |
| 0002   |
| 0003   |
| 0004   |
| 0010   |
| 0011   |
| 0012   |
| 0013   |
| 0014   |
+--------+
11 rows selected.
Running time elapsed:      1.42 Seconds
SQL> 
SQL> -- ROLLUP, partitionwise aggregation does not apply
SQL> SELECT c, sum(a) FROM pagg_tab GROUP BY rollup(c) ORDER BY 1, 2;
+--------+----+
| C      | C2 |
+--------+----+
| <null> | 4  |
| <null> | 84 |
| 0000   | 0  |
| 0001   | 2  |
| 0002   | 4  |
| 0003   | 6  |
| 0004   | 8  |
| 0010   | 10 |
| 0011   | 11 |
| 0012   | 12 |
| 0013   | 13 |
| 0014   | 14 |
+--------+----+
12 rows selected.
Running time elapsed:      1.85 Seconds
Running time elapsed:     40.70 Seconds
SQL> exit
Disconnected.
