SQLCli Release 0.0.53
SQL> connect admin/123456
Database connected.
SQL> start join_number.sql
SQL> -- 删除128张hdfs表
SQL> DROP TABLE IF EXISTS T_join_h_a1;
0 rows affected
SQL> DROP TABLE IF EXISTS T_join_h_a2;
0 rows affected
SQL> DROP TABLE IF EXISTS T_join_h_a3;
0 rows affected
SQL> DROP TABLE IF EXISTS T_join_h_a4;
0 rows affected
SQL> DROP TABLE IF EXISTS T_join_h_a5;
0 rows affected
SQL> DROP TABLE IF EXISTS T_join_h_a6;
0 rows affected
SQL> DROP TABLE IF EXISTS T_join_h_a7;
0 rows affected
SQL> DROP TABLE IF EXISTS T_join_h_a8;
0 rows affected
SQL> DROP TABLE IF EXISTS T_join_h_a9;
0 rows affected
SQL> DROP TABLE IF EXISTS T_join_h_a10;
0 rows affected
SQL> DROP TABLE IF EXISTS T_join_h_a11;
0 rows affected
SQL> DROP TABLE IF EXISTS T_join_h_a12;
0 rows affected
SQL> DROP TABLE IF EXISTS T_join_h_a13;
0 rows affected
SQL> DROP TABLE IF EXISTS T_join_h_a14;
0 rows affected
SQL> DROP TABLE IF EXISTS T_join_h_a15;
0 rows affected
SQL> DROP TABLE IF EXISTS T_join_h_a16;
0 rows affected
SQL> DROP TABLE IF EXISTS T_join_h_a17;
0 rows affected
SQL> DROP TABLE IF EXISTS T_join_h_a18;
0 rows affected
SQL> DROP TABLE IF EXISTS T_join_h_a19;
0 rows affected
SQL> DROP TABLE IF EXISTS T_join_h_a20;
0 rows affected
SQL> DROP TABLE IF EXISTS T_join_h_a21;
0 rows affected
SQL> DROP TABLE IF EXISTS T_join_h_a22;
0 rows affected
SQL> DROP TABLE IF EXISTS T_join_h_a23;
0 rows affected
SQL> DROP TABLE IF EXISTS T_join_h_a24;
0 rows affected
SQL> DROP TABLE IF EXISTS T_join_h_a25;
0 rows affected
SQL> DROP TABLE IF EXISTS T_join_h_a26;
0 rows affected
SQL> DROP TABLE IF EXISTS T_join_h_a27;
0 rows affected
SQL> DROP TABLE IF EXISTS T_join_h_a28;
0 rows affected
SQL> DROP TABLE IF EXISTS T_join_h_a29;
0 rows affected
SQL> DROP TABLE IF EXISTS T_join_h_a30;
0 rows affected
SQL> DROP TABLE IF EXISTS T_join_h_a31;
0 rows affected
SQL> DROP TABLE IF EXISTS T_join_h_a32;
0 rows affected
SQL> DROP TABLE IF EXISTS T_join_h_a33;
0 rows affected
SQL> DROP TABLE IF EXISTS T_join_h_a34;
0 rows affected
SQL> DROP TABLE IF EXISTS T_join_h_a35;
0 rows affected
SQL> DROP TABLE IF EXISTS T_join_h_a36;
0 rows affected
SQL> DROP TABLE IF EXISTS T_join_h_a37;
0 rows affected
SQL> DROP TABLE IF EXISTS T_join_h_a38;
0 rows affected
SQL> DROP TABLE IF EXISTS T_join_h_a39;
0 rows affected
SQL> DROP TABLE IF EXISTS T_join_h_a40;
0 rows affected
SQL> DROP TABLE IF EXISTS T_join_h_a41;
0 rows affected
SQL> DROP TABLE IF EXISTS T_join_h_a42;
0 rows affected
SQL> DROP TABLE IF EXISTS T_join_h_a43;
0 rows affected
SQL> DROP TABLE IF EXISTS T_join_h_a44;
0 rows affected
SQL> DROP TABLE IF EXISTS T_join_h_a45;
0 rows affected
SQL> DROP TABLE IF EXISTS T_join_h_a46;
0 rows affected
SQL> DROP TABLE IF EXISTS T_join_h_a47;
0 rows affected
SQL> DROP TABLE IF EXISTS T_join_h_a48;
0 rows affected
SQL> DROP TABLE IF EXISTS T_join_h_a49;
0 rows affected
SQL> DROP TABLE IF EXISTS T_join_h_a50;
0 rows affected
SQL> DROP TABLE IF EXISTS T_join_h_a51;
0 rows affected
SQL> DROP TABLE IF EXISTS T_join_h_a52;
0 rows affected
SQL> DROP TABLE IF EXISTS T_join_h_a53;
0 rows affected
SQL> DROP TABLE IF EXISTS T_join_h_a54;
0 rows affected
SQL> DROP TABLE IF EXISTS T_join_h_a55;
0 rows affected
SQL> DROP TABLE IF EXISTS T_join_h_a56;
0 rows affected
SQL> DROP TABLE IF EXISTS T_join_h_a57;
0 rows affected
SQL> DROP TABLE IF EXISTS T_join_h_a58;
0 rows affected
SQL> DROP TABLE IF EXISTS T_join_h_a59;
0 rows affected
SQL> DROP TABLE IF EXISTS T_join_h_a60;
0 rows affected
SQL> DROP TABLE IF EXISTS T_join_h_a61;
0 rows affected
SQL> DROP TABLE IF EXISTS T_join_h_a62;
0 rows affected
SQL> DROP TABLE IF EXISTS T_join_h_a63;
0 rows affected
SQL> DROP TABLE IF EXISTS T_join_h_a64;
0 rows affected
SQL> DROP TABLE IF EXISTS T_join_h_a65;
0 rows affected
SQL> DROP TABLE IF EXISTS T_join_h_a66;
0 rows affected
SQL> DROP TABLE IF EXISTS T_join_h_a67;
0 rows affected
SQL> DROP TABLE IF EXISTS T_join_h_a68;
0 rows affected
SQL> DROP TABLE IF EXISTS T_join_h_a69;
0 rows affected
SQL> DROP TABLE IF EXISTS T_join_h_a70;
0 rows affected
SQL> DROP TABLE IF EXISTS T_join_h_a71;
0 rows affected
SQL> DROP TABLE IF EXISTS T_join_h_a72;
0 rows affected
SQL> DROP TABLE IF EXISTS T_join_h_a73;
0 rows affected
SQL> DROP TABLE IF EXISTS T_join_h_a74;
0 rows affected
SQL> DROP TABLE IF EXISTS T_join_h_a75;
0 rows affected
SQL> DROP TABLE IF EXISTS T_join_h_a76;
0 rows affected
SQL> DROP TABLE IF EXISTS T_join_h_a77;
0 rows affected
SQL> DROP TABLE IF EXISTS T_join_h_a78;
0 rows affected
SQL> DROP TABLE IF EXISTS T_join_h_a79;
0 rows affected
SQL> DROP TABLE IF EXISTS T_join_h_a80;
0 rows affected
SQL> DROP TABLE IF EXISTS T_join_h_a81;
0 rows affected
SQL> DROP TABLE IF EXISTS T_join_h_a82;
0 rows affected
SQL> DROP TABLE IF EXISTS T_join_h_a83;
0 rows affected
SQL> DROP TABLE IF EXISTS T_join_h_a84;
0 rows affected
SQL> DROP TABLE IF EXISTS T_join_h_a85;
0 rows affected
SQL> DROP TABLE IF EXISTS T_join_h_a86;
0 rows affected
SQL> DROP TABLE IF EXISTS T_join_h_a87;
0 rows affected
SQL> DROP TABLE IF EXISTS T_join_h_a88;
0 rows affected
SQL> DROP TABLE IF EXISTS T_join_h_a89;
0 rows affected
SQL> DROP TABLE IF EXISTS T_join_h_a90;
0 rows affected
SQL> DROP TABLE IF EXISTS T_join_h_a91;
0 rows affected
SQL> DROP TABLE IF EXISTS T_join_h_a92;
0 rows affected
SQL> DROP TABLE IF EXISTS T_join_h_a93;
0 rows affected
SQL> DROP TABLE IF EXISTS T_join_h_a94;
0 rows affected
SQL> DROP TABLE IF EXISTS T_join_h_a95;
0 rows affected
SQL> DROP TABLE IF EXISTS T_join_h_a96;
0 rows affected
SQL> DROP TABLE IF EXISTS T_join_h_a97;
0 rows affected
SQL> DROP TABLE IF EXISTS T_join_h_a98;
0 rows affected
SQL> DROP TABLE IF EXISTS T_join_h_a99;
0 rows affected
SQL> DROP TABLE IF EXISTS T_join_h_a100;
0 rows affected
SQL> DROP TABLE IF EXISTS T_join_h_a101;
0 rows affected
SQL> DROP TABLE IF EXISTS T_join_h_a102;
0 rows affected
SQL> DROP TABLE IF EXISTS T_join_h_a103;
0 rows affected
SQL> DROP TABLE IF EXISTS T_join_h_a104;
0 rows affected
SQL> DROP TABLE IF EXISTS T_join_h_a105;
0 rows affected
SQL> DROP TABLE IF EXISTS T_join_h_a106;
0 rows affected
SQL> DROP TABLE IF EXISTS T_join_h_a107;
0 rows affected
SQL> DROP TABLE IF EXISTS T_join_h_a108;
0 rows affected
SQL> DROP TABLE IF EXISTS T_join_h_a109;
0 rows affected
SQL> DROP TABLE IF EXISTS T_join_h_a110;
0 rows affected
SQL> DROP TABLE IF EXISTS T_join_h_a111;
0 rows affected
SQL> DROP TABLE IF EXISTS T_join_h_a112;
0 rows affected
SQL> DROP TABLE IF EXISTS T_join_h_a113;
0 rows affected
SQL> DROP TABLE IF EXISTS T_join_h_a114;
0 rows affected
SQL> DROP TABLE IF EXISTS T_join_h_a115;
0 rows affected
SQL> DROP TABLE IF EXISTS T_join_h_a116;
0 rows affected
SQL> DROP TABLE IF EXISTS T_join_h_a117;
0 rows affected
SQL> DROP TABLE IF EXISTS T_join_h_a118;
0 rows affected
SQL> DROP TABLE IF EXISTS T_join_h_a119;
0 rows affected
SQL> DROP TABLE IF EXISTS T_join_h_a120;
0 rows affected
SQL> DROP TABLE IF EXISTS T_join_h_a121;
0 rows affected
SQL> DROP TABLE IF EXISTS T_join_h_a122;
0 rows affected
SQL> DROP TABLE IF EXISTS T_join_h_a123;
0 rows affected
SQL> DROP TABLE IF EXISTS T_join_h_a124;
0 rows affected
SQL> DROP TABLE IF EXISTS T_join_h_a125;
0 rows affected
SQL> DROP TABLE IF EXISTS T_join_h_a126;
0 rows affected
SQL> DROP TABLE IF EXISTS T_join_h_a127;
0 rows affected
SQL> DROP TABLE IF EXISTS T_join_h_a128;
0 rows affected
SQL> 
SQL> -- 创建128张HDFS表
SQL> create table T_join_h_a1(id int,name varchar(30),classid int);
0 rows affected
SQL> create table T_join_h_a2(id int,name varchar(30),classid int);
0 rows affected
SQL> create table T_join_h_a3(id int,name varchar(30),classid int);
0 rows affected
SQL> create table T_join_h_a4(id int,name varchar(30),classid int);
0 rows affected
SQL> create table T_join_h_a5(id int,name varchar(30),classid int);
0 rows affected
SQL> create table T_join_h_a6(id int,name varchar(30),classid int);
0 rows affected
SQL> create table T_join_h_a7(id int,name varchar(30),classid int);
0 rows affected
SQL> create table T_join_h_a8(id int,name varchar(30),classid int);
0 rows affected
SQL> create table T_join_h_a9(id int,name varchar(30),classid int);
0 rows affected
SQL> create table T_join_h_a10(id int,name varchar(30),classid int);
0 rows affected
SQL> create table T_join_h_a11(id int,name varchar(30),classid int);
0 rows affected
SQL> create table T_join_h_a12(id int,name varchar(30),classid int);
0 rows affected
SQL> create table T_join_h_a13(id int,name varchar(30),classid int);
0 rows affected
SQL> create table T_join_h_a14(id int,name varchar(30),classid int);
0 rows affected
SQL> create table T_join_h_a15(id int,name varchar(30),classid int);
0 rows affected
SQL> create table T_join_h_a16(id int,name varchar(30),classid int);
0 rows affected
SQL> create table T_join_h_a17(id int,name varchar(30),classid int);
0 rows affected
SQL> create table T_join_h_a18(id int,name varchar(30),classid int);
0 rows affected
SQL> create table T_join_h_a19(id int,name varchar(30),classid int);
0 rows affected
SQL> create table T_join_h_a20(id int,name varchar(30),classid int);
0 rows affected
SQL> create table T_join_h_a21(id int,name varchar(30),classid int);
0 rows affected
SQL> create table T_join_h_a22(id int,name varchar(30),classid int);
0 rows affected
SQL> create table T_join_h_a23(id int,name varchar(30),classid int);
0 rows affected
SQL> create table T_join_h_a24(id int,name varchar(30),classid int);
0 rows affected
SQL> create table T_join_h_a25(id int,name varchar(30),classid int);
0 rows affected
SQL> create table T_join_h_a26(id int,name varchar(30),classid int);
0 rows affected
SQL> create table T_join_h_a27(id int,name varchar(30),classid int);
0 rows affected
SQL> create table T_join_h_a28(id int,name varchar(30),classid int);
0 rows affected
SQL> create table T_join_h_a29(id int,name varchar(30),classid int);
0 rows affected
SQL> create table T_join_h_a30(id int,name varchar(30),classid int);
0 rows affected
SQL> create table T_join_h_a31(id int,name varchar(30),classid int);
0 rows affected
SQL> create table T_join_h_a32(id int,name varchar(30),classid int);
0 rows affected
SQL> create table T_join_h_a33(id int,name varchar(30),classid int);
0 rows affected
SQL> create table T_join_h_a34(id int,name varchar(30),classid int);
0 rows affected
SQL> create table T_join_h_a35(id int,name varchar(30),classid int);
0 rows affected
SQL> create table T_join_h_a36(id int,name varchar(30),classid int);
0 rows affected
SQL> create table T_join_h_a37(id int,name varchar(30),classid int);
0 rows affected
SQL> create table T_join_h_a38(id int,name varchar(30),classid int);
0 rows affected
SQL> create table T_join_h_a39(id int,name varchar(30),classid int);
0 rows affected
SQL> create table T_join_h_a40(id int,name varchar(30),classid int);
0 rows affected
SQL> create table T_join_h_a41(id int,name varchar(30),classid int);
0 rows affected
SQL> create table T_join_h_a42(id int,name varchar(30),classid int);
0 rows affected
SQL> create table T_join_h_a43(id int,name varchar(30),classid int);
0 rows affected
SQL> create table T_join_h_a44(id int,name varchar(30),classid int);
0 rows affected
SQL> create table T_join_h_a45(id int,name varchar(30),classid int);
0 rows affected
SQL> create table T_join_h_a46(id int,name varchar(30),classid int);
0 rows affected
SQL> create table T_join_h_a47(id int,name varchar(30),classid int);
0 rows affected
SQL> create table T_join_h_a48(id int,name varchar(30),classid int);
0 rows affected
SQL> create table T_join_h_a49(id int,name varchar(30),classid int);
0 rows affected
SQL> create table T_join_h_a50(id int,name varchar(30),classid int);
0 rows affected
SQL> create table T_join_h_a51(id int,name varchar(30),classid int);
0 rows affected
SQL> create table T_join_h_a52(id int,name varchar(30),classid int);
0 rows affected
SQL> create table T_join_h_a53(id int,name varchar(30),classid int);
0 rows affected
SQL> create table T_join_h_a54(id int,name varchar(30),classid int);
0 rows affected
SQL> create table T_join_h_a55(id int,name varchar(30),classid int);
0 rows affected
SQL> create table T_join_h_a56(id int,name varchar(30),classid int);
0 rows affected
SQL> create table T_join_h_a57(id int,name varchar(30),classid int);
0 rows affected
SQL> create table T_join_h_a58(id int,name varchar(30),classid int);
0 rows affected
SQL> create table T_join_h_a59(id int,name varchar(30),classid int);
0 rows affected
SQL> create table T_join_h_a60(id int,name varchar(30),classid int);
0 rows affected
SQL> create table T_join_h_a61(id int,name varchar(30),classid int);
0 rows affected
SQL> create table T_join_h_a62(id int,name varchar(30),classid int);
0 rows affected
SQL> create table T_join_h_a63(id int,name varchar(30),classid int);
0 rows affected
SQL> create table T_join_h_a64(id int,name varchar(30),classid int);
0 rows affected
SQL> create table T_join_h_a65(id int,name varchar(30),classid int);
0 rows affected
SQL> create table T_join_h_a66(id int,name varchar(30),classid int);
0 rows affected
SQL> create table T_join_h_a67(id int,name varchar(30),classid int);
0 rows affected
SQL> create table T_join_h_a68(id int,name varchar(30),classid int);
0 rows affected
SQL> create table T_join_h_a69(id int,name varchar(30),classid int);
0 rows affected
SQL> create table T_join_h_a70(id int,name varchar(30),classid int);
0 rows affected
SQL> create table T_join_h_a71(id int,name varchar(30),classid int);
0 rows affected
SQL> create table T_join_h_a72(id int,name varchar(30),classid int);
0 rows affected
SQL> create table T_join_h_a73(id int,name varchar(30),classid int);
0 rows affected
SQL> create table T_join_h_a74(id int,name varchar(30),classid int);
0 rows affected
SQL> create table T_join_h_a75(id int,name varchar(30),classid int);
0 rows affected
SQL> create table T_join_h_a76(id int,name varchar(30),classid int);
0 rows affected
SQL> create table T_join_h_a77(id int,name varchar(30),classid int);
0 rows affected
SQL> create table T_join_h_a78(id int,name varchar(30),classid int);
0 rows affected
SQL> create table T_join_h_a79(id int,name varchar(30),classid int);
0 rows affected
SQL> create table T_join_h_a80(id int,name varchar(30),classid int);
0 rows affected
SQL> create table T_join_h_a81(id int,name varchar(30),classid int);
0 rows affected
SQL> create table T_join_h_a82(id int,name varchar(30),classid int);
0 rows affected
SQL> create table T_join_h_a83(id int,name varchar(30),classid int);
0 rows affected
SQL> create table T_join_h_a84(id int,name varchar(30),classid int);
0 rows affected
SQL> create table T_join_h_a85(id int,name varchar(30),classid int);
0 rows affected
SQL> create table T_join_h_a86(id int,name varchar(30),classid int);
0 rows affected
SQL> create table T_join_h_a87(id int,name varchar(30),classid int);
0 rows affected
SQL> create table T_join_h_a88(id int,name varchar(30),classid int);
0 rows affected
SQL> create table T_join_h_a89(id int,name varchar(30),classid int);
0 rows affected
SQL> create table T_join_h_a90(id int,name varchar(30),classid int);
0 rows affected
SQL> create table T_join_h_a91(id int,name varchar(30),classid int);
0 rows affected
SQL> create table T_join_h_a92(id int,name varchar(30),classid int);
0 rows affected
SQL> create table T_join_h_a93(id int,name varchar(30),classid int);
0 rows affected
SQL> create table T_join_h_a94(id int,name varchar(30),classid int);
0 rows affected
SQL> create table T_join_h_a95(id int,name varchar(30),classid int);
0 rows affected
SQL> create table T_join_h_a96(id int,name varchar(30),classid int);
0 rows affected
SQL> create table T_join_h_a97(id int,name varchar(30),classid int);
0 rows affected
SQL> create table T_join_h_a98(id int,name varchar(30),classid int);
0 rows affected
SQL> create table T_join_h_a99(id int,name varchar(30),classid int);
0 rows affected
SQL> create table T_join_h_a100(id int,name varchar(30),classid int);
0 rows affected
SQL> create table T_join_h_a101(id int,name varchar(30),classid int);
0 rows affected
SQL> create table T_join_h_a102(id int,name varchar(30),classid int);
0 rows affected
SQL> create table T_join_h_a103(id int,name varchar(30),classid int);
0 rows affected
SQL> create table T_join_h_a104(id int,name varchar(30),classid int);
0 rows affected
SQL> create table T_join_h_a105(id int,name varchar(30),classid int);
0 rows affected
SQL> create table T_join_h_a106(id int,name varchar(30),classid int);
0 rows affected
SQL> create table T_join_h_a107(id int,name varchar(30),classid int);
0 rows affected
SQL> create table T_join_h_a108(id int,name varchar(30),classid int);
0 rows affected
SQL> create table T_join_h_a109(id int,name varchar(30),classid int);
0 rows affected
SQL> create table T_join_h_a110(id int,name varchar(30),classid int);
0 rows affected
SQL> create table T_join_h_a111(id int,name varchar(30),classid int);
0 rows affected
SQL> create table T_join_h_a112(id int,name varchar(30),classid int);
0 rows affected
SQL> create table T_join_h_a113(id int,name varchar(30),classid int);
0 rows affected
SQL> create table T_join_h_a114(id int,name varchar(30),classid int);
0 rows affected
SQL> create table T_join_h_a115(id int,name varchar(30),classid int);
0 rows affected
SQL> create table T_join_h_a116(id int,name varchar(30),classid int);
0 rows affected
SQL> create table T_join_h_a117(id int,name varchar(30),classid int);
0 rows affected
SQL> create table T_join_h_a118(id int,name varchar(30),classid int);
0 rows affected
SQL> create table T_join_h_a119(id int,name varchar(30),classid int);
0 rows affected
SQL> create table T_join_h_a120(id int,name varchar(30),classid int);
0 rows affected
SQL> create table T_join_h_a121(id int,name varchar(30),classid int);
0 rows affected
SQL> create table T_join_h_a122(id int,name varchar(30),classid int);
0 rows affected
SQL> create table T_join_h_a123(id int,name varchar(30),classid int);
0 rows affected
SQL> create table T_join_h_a124(id int,name varchar(30),classid int);
0 rows affected
SQL> create table T_join_h_a125(id int,name varchar(30),classid int);
0 rows affected
SQL> create table T_join_h_a126(id int,name varchar(30),classid int);
0 rows affected
SQL> create table T_join_h_a127(id int,name varchar(30),classid int);
0 rows affected
SQL> create table T_join_h_a128(id int,name varchar(30),classid int);
0 rows affected
SQL> 
SQL> 
SQL> -- 128张hdfs表插入一条数据
SQL> insert into T_join_h_a1 values(1,'zhangsan1',1);
1 row affected
SQL> insert into T_join_h_a2 values(1,'zhangsan2',2);
1 row affected
SQL> insert into T_join_h_a3 values(1,'zhangsan3',3);
1 row affected
SQL> insert into T_join_h_a4 values(1,'zhangsan4',4);
1 row affected
SQL> insert into T_join_h_a5 values(1,'zhangsan5',5);
1 row affected
SQL> insert into T_join_h_a6 values(1,'zhangsan6',6);
1 row affected
SQL> insert into T_join_h_a7 values(1,'zhangsan7',7);
1 row affected
SQL> insert into T_join_h_a8 values(1,'zhangsan8',8);
1 row affected
SQL> insert into T_join_h_a9 values(1,'zhangsan9',9);
1 row affected
SQL> insert into T_join_h_a10 values(1,'zhangsan10',10);
1 row affected
SQL> insert into T_join_h_a11 values(1,'zhangsan11',11);
1 row affected
SQL> insert into T_join_h_a12 values(1,'zhangsan12',12);
1 row affected
SQL> insert into T_join_h_a13 values(1,'zhangsan13',13);
1 row affected
SQL> insert into T_join_h_a14 values(1,'zhangsan14',14);
1 row affected
SQL> insert into T_join_h_a15 values(1,'zhangsan15',15);
1 row affected
SQL> insert into T_join_h_a16 values(1,'zhangsan16',16);
1 row affected
SQL> insert into T_join_h_a17 values(1,'zhangsan17',17);
1 row affected
SQL> insert into T_join_h_a18 values(1,'zhangsan18',18);
1 row affected
SQL> insert into T_join_h_a19 values(1,'zhangsan19',19);
1 row affected
SQL> insert into T_join_h_a20 values(1,'zhangsan20',20);
1 row affected
SQL> insert into T_join_h_a21 values(1,'zhangsan21',21);
1 row affected
SQL> insert into T_join_h_a22 values(1,'zhangsan22',22);
1 row affected
SQL> insert into T_join_h_a23 values(1,'zhangsan23',23);
1 row affected
SQL> insert into T_join_h_a24 values(1,'zhangsan24',24);
1 row affected
SQL> insert into T_join_h_a25 values(1,'zhangsan25',25);
1 row affected
SQL> insert into T_join_h_a26 values(1,'zhangsan26',26);
1 row affected
SQL> insert into T_join_h_a27 values(1,'zhangsan27',27);
1 row affected
SQL> insert into T_join_h_a28 values(1,'zhangsan28',28);
1 row affected
SQL> insert into T_join_h_a29 values(1,'zhangsan29',29);
1 row affected
SQL> insert into T_join_h_a30 values(1,'zhangsan30',30);
1 row affected
SQL> insert into T_join_h_a31 values(1,'zhangsan31',31);
1 row affected
SQL> insert into T_join_h_a32 values(1,'zhangsan32',32);
1 row affected
SQL> insert into T_join_h_a33 values(1,'zhangsan33',33);
1 row affected
SQL> insert into T_join_h_a34 values(1,'zhangsan34',34);
1 row affected
SQL> insert into T_join_h_a35 values(1,'zhangsan35',35);
1 row affected
SQL> insert into T_join_h_a36 values(1,'zhangsan36',36);
1 row affected
SQL> insert into T_join_h_a37 values(1,'zhangsan37',37);
1 row affected
SQL> insert into T_join_h_a38 values(1,'zhangsan38',38);
1 row affected
SQL> insert into T_join_h_a39 values(1,'zhangsan39',39);
1 row affected
SQL> insert into T_join_h_a40 values(1,'zhangsan40',40);
1 row affected
SQL> insert into T_join_h_a41 values(1,'zhangsan41',41);
1 row affected
SQL> insert into T_join_h_a42 values(1,'zhangsan42',42);
1 row affected
SQL> insert into T_join_h_a43 values(1,'zhangsan43',43);
1 row affected
SQL> insert into T_join_h_a44 values(1,'zhangsan44',44);
1 row affected
SQL> insert into T_join_h_a45 values(1,'zhangsan45',45);
1 row affected
SQL> insert into T_join_h_a46 values(1,'zhangsan46',46);
1 row affected
SQL> insert into T_join_h_a47 values(1,'zhangsan47',47);
1 row affected
SQL> insert into T_join_h_a48 values(1,'zhangsan48',48);
1 row affected
SQL> insert into T_join_h_a49 values(1,'zhangsan49',49);
1 row affected
SQL> insert into T_join_h_a50 values(1,'zhangsan50',50);
1 row affected
SQL> insert into T_join_h_a51 values(1,'zhangsan51',51);
1 row affected
SQL> insert into T_join_h_a52 values(1,'zhangsan52',52);
1 row affected
SQL> insert into T_join_h_a53 values(1,'zhangsan53',53);
1 row affected
SQL> insert into T_join_h_a54 values(1,'zhangsan54',54);
1 row affected
SQL> insert into T_join_h_a55 values(1,'zhangsan55',55);
1 row affected
SQL> insert into T_join_h_a56 values(1,'zhangsan56',56);
1 row affected
SQL> insert into T_join_h_a57 values(1,'zhangsan57',57);
1 row affected
SQL> insert into T_join_h_a58 values(1,'zhangsan58',58);
1 row affected
SQL> insert into T_join_h_a59 values(1,'zhangsan59',59);
1 row affected
SQL> insert into T_join_h_a60 values(1,'zhangsan60',60);
1 row affected
SQL> insert into T_join_h_a61 values(1,'zhangsan61',61);
1 row affected
SQL> insert into T_join_h_a62 values(1,'zhangsan62',62);
1 row affected
SQL> insert into T_join_h_a63 values(1,'zhangsan63',63);
1 row affected
SQL> insert into T_join_h_a64 values(1,'zhangsan64',64);
1 row affected
SQL> insert into T_join_h_a65 values(1,'zhangsan65',65);
1 row affected
SQL> insert into T_join_h_a66 values(1,'zhangsan66',66);
1 row affected
SQL> insert into T_join_h_a67 values(1,'zhangsan67',67);
1 row affected
SQL> insert into T_join_h_a68 values(1,'zhangsan68',68);
1 row affected
SQL> insert into T_join_h_a69 values(1,'zhangsan69',69);
1 row affected
SQL> insert into T_join_h_a70 values(1,'zhangsan70',70);
1 row affected
SQL> insert into T_join_h_a71 values(1,'zhangsan71',71);
1 row affected
SQL> insert into T_join_h_a72 values(1,'zhangsan72',72);
1 row affected
SQL> insert into T_join_h_a73 values(1,'zhangsan73',73);
1 row affected
SQL> insert into T_join_h_a74 values(1,'zhangsan74',74);
1 row affected
SQL> insert into T_join_h_a75 values(1,'zhangsan75',75);
1 row affected
SQL> insert into T_join_h_a76 values(1,'zhangsan76',76);
1 row affected
SQL> insert into T_join_h_a77 values(1,'zhangsan77',77);
1 row affected
SQL> insert into T_join_h_a78 values(1,'zhangsan78',78);
1 row affected
SQL> insert into T_join_h_a79 values(1,'zhangsan79',79);
1 row affected
SQL> insert into T_join_h_a80 values(1,'zhangsan80',80);
1 row affected
SQL> insert into T_join_h_a81 values(1,'zhangsan81',81);
1 row affected
SQL> insert into T_join_h_a82 values(1,'zhangsan82',82);
1 row affected
SQL> insert into T_join_h_a83 values(1,'zhangsan83',83);
1 row affected
SQL> insert into T_join_h_a84 values(1,'zhangsan84',84);
1 row affected
SQL> insert into T_join_h_a85 values(1,'zhangsan85',85);
1 row affected
SQL> insert into T_join_h_a86 values(1,'zhangsan86',86);
1 row affected
SQL> insert into T_join_h_a87 values(1,'zhangsan87',87);
1 row affected
SQL> insert into T_join_h_a88 values(1,'zhangsan88',88);
1 row affected
SQL> insert into T_join_h_a89 values(1,'zhangsan89',89);
1 row affected
SQL> insert into T_join_h_a90 values(1,'zhangsan90',90);
1 row affected
SQL> insert into T_join_h_a91 values(1,'zhangsan91',91);
1 row affected
SQL> insert into T_join_h_a92 values(1,'zhangsan92',92);
1 row affected
SQL> insert into T_join_h_a93 values(1,'zhangsan93',93);
1 row affected
SQL> insert into T_join_h_a94 values(1,'zhangsan94',94);
1 row affected
SQL> insert into T_join_h_a95 values(1,'zhangsan95',95);
1 row affected
SQL> insert into T_join_h_a96 values(1,'zhangsan96',96);
1 row affected
SQL> insert into T_join_h_a97 values(1,'zhangsan97',97);
1 row affected
SQL> insert into T_join_h_a98 values(1,'zhangsan98',98);
1 row affected
SQL> insert into T_join_h_a99 values(1,'zhangsan99',99);
1 row affected
SQL> insert into T_join_h_a100 values(1,'zhangsan100',100);
1 row affected
SQL> insert into T_join_h_a101 values(1,'zhangsan101',101);
1 row affected
SQL> insert into T_join_h_a102 values(1,'zhangsan102',102);
1 row affected
SQL> insert into T_join_h_a103 values(1,'zhangsan103',103);
1 row affected
SQL> insert into T_join_h_a104 values(1,'zhangsan104',104);
1 row affected
SQL> insert into T_join_h_a105 values(1,'zhangsan105',105);
1 row affected
SQL> insert into T_join_h_a106 values(1,'zhangsan106',106);
1 row affected
SQL> insert into T_join_h_a107 values(1,'zhangsan107',107);
1 row affected
SQL> insert into T_join_h_a108 values(1,'zhangsan108',108);
1 row affected
SQL> insert into T_join_h_a109 values(1,'zhangsan109',109);
1 row affected
SQL> insert into T_join_h_a110 values(1,'zhangsan110',110);
1 row affected
SQL> insert into T_join_h_a111 values(1,'zhangsan111',111);
1 row affected
SQL> insert into T_join_h_a112 values(1,'zhangsan112',112);
1 row affected
SQL> insert into T_join_h_a113 values(1,'zhangsan113',113);
1 row affected
SQL> insert into T_join_h_a114 values(1,'zhangsan114',114);
1 row affected
SQL> insert into T_join_h_a115 values(1,'zhangsan115',115);
1 row affected
SQL> insert into T_join_h_a116 values(1,'zhangsan116',116);
1 row affected
SQL> insert into T_join_h_a117 values(1,'zhangsan117',117);
1 row affected
SQL> insert into T_join_h_a118 values(1,'zhangsan118',118);
1 row affected
SQL> insert into T_join_h_a119 values(1,'zhangsan119',119);
1 row affected
SQL> insert into T_join_h_a120 values(1,'zhangsan120',120);
1 row affected
SQL> insert into T_join_h_a121 values(1,'zhangsan121',121);
1 row affected
SQL> insert into T_join_h_a122 values(1,'zhangsan122',122);
1 row affected
SQL> insert into T_join_h_a123 values(1,'zhangsan123',123);
1 row affected
SQL> insert into T_join_h_a124 values(1,'zhangsan124',124);
1 row affected
SQL> insert into T_join_h_a125 values(1,'zhangsan125',125);
1 row affected
SQL> insert into T_join_h_a126 values(1,'zhangsan126',126);
1 row affected
SQL> insert into T_join_h_a127 values(1,'zhangsan127',127);
1 row affected
SQL> insert into T_join_h_a128 values(1,'zhangsan128',128);
1 row affected
SQL> 
SQL> 
SQL> -- 执行32张hdfs表join
SQL> SELECT h1.id,h2.name,h5.classid,h22.name FROM  T_join_h_a1 h1
   > JOIN T_join_h_a2  h2 ON h1.id=h2.id
   > JOIN T_join_h_a3  h3 ON h1.id=h3.id
   > JOIN T_join_h_a4  h4 ON h1.id=h4.id
   > JOIN T_join_h_a5  h5 ON h1.id=h5.id
   > JOIN T_join_h_a6  h6 ON h1.id=h6.id
   > JOIN T_join_h_a7  h7 ON h1.id=h7.id
   > JOIN T_join_h_a8  h8 ON h1.id=h8.id
   > JOIN T_join_h_a9  h9 ON h1.id=h9.id
   > JOIN T_join_h_a10 h10 ON h1.id=h10.id
   > JOIN T_join_h_a11 h11 ON h1.id=h11.id
   > JOIN T_join_h_a12 h12 ON h1.id=h12.id
   > JOIN T_join_h_a13 h13 ON h1.id=h13.id
   > JOIN T_join_h_a14 h14 ON h1.id=h14.id
   > JOIN T_join_h_a15 h15 ON h1.id=h15.id
   > JOIN T_join_h_a16 h16 ON h1.id=h16.id
   > JOIN T_join_h_a17 h17 ON h1.id=h17.id
   > JOIN T_join_h_a18 h18 ON h1.id=h18.id
   > JOIN T_join_h_a19 h19 ON h1.id=h19.id
   > JOIN T_join_h_a20 h20 ON h1.id=h20.id
   > JOIN T_join_h_a21 h21 ON h1.id=h21.id
   > JOIN T_join_h_a22 h22 ON h1.id=h22.id
   > JOIN T_join_h_a23 h23 ON h1.id=h23.id
   > JOIN T_join_h_a24 h24 ON h1.id=h24.id
   > JOIN T_join_h_a25 h25 ON h1.id=h25.id
   > JOIN T_join_h_a26 h26 ON h1.id=h26.id
   > JOIN T_join_h_a27 h27 ON h1.id=h27.id
   > JOIN T_join_h_a28 h28 ON h1.id=h28.id
   > JOIN T_join_h_a29 h29 ON h1.id=h29.id
   > JOIN T_join_h_a30 h30 ON h1.id=h30.id
   > JOIN T_join_h_a31 h31 ON h1.id=h31.id
   > JOIN T_join_h_a32 h32 ON h1.id=h32.id;
+----+-----------+---------+------------+
| ID | NAME      | CLASSID | NAME       |
+----+-----------+---------+------------+
| 1  | zhangsan2 | 5       | zhangsan22 |
+----+-----------+---------+------------+
1 row selected.
SQL> 
SQL> 
SQL> -- 执行64张hdfs表join
SQL> SELECT h1.id,h2.name,h5.classid,h56.name  FROM  T_join_h_a1 h1
   > JOIN T_join_h_a2  h2 ON h1.id=h2.id
   > JOIN T_join_h_a3  h3 ON h1.id=h3.id
   > JOIN T_join_h_a4  h4 ON h1.id=h4.id
   > JOIN T_join_h_a5  h5 ON h1.id=h5.id
   > JOIN T_join_h_a6  h6 ON h1.id=h6.id
   > JOIN T_join_h_a7  h7 ON h1.id=h7.id
   > JOIN T_join_h_a8  h8 ON h1.id=h8.id
   > JOIN T_join_h_a9  h9 ON h1.id=h9.id
   > JOIN T_join_h_a10 h10 ON h1.id=h10.id
   > JOIN T_join_h_a11 h11 ON h1.id=h11.id
   > JOIN T_join_h_a12 h12 ON h1.id=h12.id
   > JOIN T_join_h_a13 h13 ON h1.id=h13.id
   > JOIN T_join_h_a14 h14 ON h1.id=h14.id
   > JOIN T_join_h_a15 h15 ON h1.id=h15.id
   > JOIN T_join_h_a16 h16 ON h1.id=h16.id
   > JOIN T_join_h_a17 h17 ON h1.id=h17.id
   > JOIN T_join_h_a18 h18 ON h1.id=h18.id
   > JOIN T_join_h_a19 h19 ON h1.id=h19.id
   > JOIN T_join_h_a20 h20 ON h1.id=h20.id
   > JOIN T_join_h_a21 h21 ON h1.id=h21.id
   > JOIN T_join_h_a22 h22 ON h1.id=h22.id
   > JOIN T_join_h_a23 h23 ON h1.id=h23.id
   > JOIN T_join_h_a24 h24 ON h1.id=h24.id
   > JOIN T_join_h_a25 h25 ON h1.id=h25.id
   > JOIN T_join_h_a26 h26 ON h1.id=h26.id
   > JOIN T_join_h_a27 h27 ON h1.id=h27.id
   > JOIN T_join_h_a28 h28 ON h1.id=h28.id
   > JOIN T_join_h_a29 h29 ON h1.id=h29.id
   > JOIN T_join_h_a30 h30 ON h1.id=h30.id
   > JOIN T_join_h_a31 h31 ON h1.id=h31.id
   > JOIN T_join_h_a32 h32 ON h1.id=h32.id
   > JOIN T_join_h_a33 h33 ON h1.id=h33.id
   > JOIN T_join_h_a34 h34 ON h1.id=h34.id
   > JOIN T_join_h_a35 h35 ON h1.id=h35.id
   > JOIN T_join_h_a36 h36 ON h1.id=h36.id
   > JOIN T_join_h_a37 h37 ON h1.id=h37.id
   > JOIN T_join_h_a38 h38 ON h1.id=h38.id
   > JOIN T_join_h_a39 h39 ON h1.id=h39.id
   > JOIN T_join_h_a40 h40 ON h1.id=h40.id
   > JOIN T_join_h_a41 h41 ON h1.id=h41.id
   > JOIN T_join_h_a42 h42 ON h1.id=h42.id
   > JOIN T_join_h_a43 h43 ON h1.id=h43.id
   > JOIN T_join_h_a44 h44 ON h1.id=h44.id
   > JOIN T_join_h_a45 h45 ON h1.id=h45.id
   > JOIN T_join_h_a46 h46 ON h1.id=h46.id
   > JOIN T_join_h_a47 h47 ON h1.id=h47.id
   > JOIN T_join_h_a48 h48 ON h1.id=h48.id
   > JOIN T_join_h_a49 h49 ON h1.id=h49.id
   > JOIN T_join_h_a50 h50 ON h1.id=h50.id
   > JOIN T_join_h_a51 h51 ON h1.id=h51.id
   > JOIN T_join_h_a52 h52 ON h1.id=h52.id
   > JOIN T_join_h_a53 h53 ON h1.id=h53.id
   > JOIN T_join_h_a54 h54 ON h1.id=h54.id
   > JOIN T_join_h_a55 h55 ON h1.id=h55.id
   > JOIN T_join_h_a56 h56 ON h1.id=h56.id
   > JOIN T_join_h_a57 h57 ON h1.id=h57.id
   > JOIN T_join_h_a58 h58 ON h1.id=h58.id
   > JOIN T_join_h_a59 h59 ON h1.id=h59.id
   > JOIN T_join_h_a60 h60 ON h1.id=h60.id
   > JOIN T_join_h_a61 h61 ON h1.id=h61.id
   > JOIN T_join_h_a62 h62 ON h1.id=h62.id
   > JOIN T_join_h_a63 h63 ON h1.id=h63.id
   > JOIN T_join_h_a64 h64 ON h1.id=h64.id;
+----+-----------+---------+------------+
| ID | NAME      | CLASSID | NAME       |
+----+-----------+---------+------------+
| 1  | zhangsan2 | 5       | zhangsan56 |
+----+-----------+---------+------------+
1 row selected.
SQL> 
SQL> --执行128张hdfs表join
SQL> SELECT h1.id,h2.name,h5.classid,h56.name,h119.name  FROM  T_join_h_a1 h1
   > JOIN T_join_h_a2  h2 ON h1.id=h2.id
   > JOIN T_join_h_a3  h3 ON h1.id=h3.id
   > JOIN T_join_h_a4  h4 ON h1.id=h4.id
   > JOIN T_join_h_a5  h5 ON h1.id=h5.id
   > JOIN T_join_h_a6  h6 ON h1.id=h6.id
   > JOIN T_join_h_a7  h7 ON h1.id=h7.id
   > JOIN T_join_h_a8  h8 ON h1.id=h8.id
   > JOIN T_join_h_a9  h9 ON h1.id=h9.id
   > JOIN T_join_h_a10 h10 ON h1.id=h10.id
   > JOIN T_join_h_a11 h11 ON h1.id=h11.id
   > JOIN T_join_h_a12 h12 ON h1.id=h12.id
   > JOIN T_join_h_a13 h13 ON h1.id=h13.id
   > JOIN T_join_h_a14 h14 ON h1.id=h14.id
   > JOIN T_join_h_a15 h15 ON h1.id=h15.id
   > JOIN T_join_h_a16 h16 ON h1.id=h16.id
   > JOIN T_join_h_a17 h17 ON h1.id=h17.id
   > JOIN T_join_h_a18 h18 ON h1.id=h18.id
   > JOIN T_join_h_a19 h19 ON h1.id=h19.id
   > JOIN T_join_h_a20 h20 ON h1.id=h20.id
   > JOIN T_join_h_a21 h21 ON h1.id=h21.id
   > JOIN T_join_h_a22 h22 ON h1.id=h22.id
   > JOIN T_join_h_a23 h23 ON h1.id=h23.id
   > JOIN T_join_h_a24 h24 ON h1.id=h24.id
   > JOIN T_join_h_a25 h25 ON h1.id=h25.id
   > JOIN T_join_h_a26 h26 ON h1.id=h26.id
   > JOIN T_join_h_a27 h27 ON h1.id=h27.id
   > JOIN T_join_h_a28 h28 ON h1.id=h28.id
   > JOIN T_join_h_a29 h29 ON h1.id=h29.id
   > JOIN T_join_h_a30 h30 ON h1.id=h30.id
   > JOIN T_join_h_a31 h31 ON h1.id=h31.id
   > JOIN T_join_h_a32 h32 ON h1.id=h32.id
   > JOIN T_join_h_a33 h33 ON h1.id=h33.id
   > JOIN T_join_h_a34 h34 ON h1.id=h34.id
   > JOIN T_join_h_a35 h35 ON h1.id=h35.id
   > JOIN T_join_h_a36 h36 ON h1.id=h36.id
   > JOIN T_join_h_a37 h37 ON h1.id=h37.id
   > JOIN T_join_h_a38 h38 ON h1.id=h38.id
   > JOIN T_join_h_a39 h39 ON h1.id=h39.id
   > JOIN T_join_h_a40 h40 ON h1.id=h40.id
   > JOIN T_join_h_a41 h41 ON h1.id=h41.id
   > JOIN T_join_h_a42 h42 ON h1.id=h42.id
   > JOIN T_join_h_a43 h43 ON h1.id=h43.id
   > JOIN T_join_h_a44 h44 ON h1.id=h44.id
   > JOIN T_join_h_a45 h45 ON h1.id=h45.id
   > JOIN T_join_h_a46 h46 ON h1.id=h46.id
   > JOIN T_join_h_a47 h47 ON h1.id=h47.id
   > JOIN T_join_h_a48 h48 ON h1.id=h48.id
   > JOIN T_join_h_a49 h49 ON h1.id=h49.id
   > JOIN T_join_h_a50 h50 ON h1.id=h50.id
   > JOIN T_join_h_a51 h51 ON h1.id=h51.id
   > JOIN T_join_h_a52 h52 ON h1.id=h52.id
   > JOIN T_join_h_a53 h53 ON h1.id=h53.id
   > JOIN T_join_h_a54 h54 ON h1.id=h54.id
   > JOIN T_join_h_a55 h55 ON h1.id=h55.id
   > JOIN T_join_h_a56 h56 ON h1.id=h56.id
   > JOIN T_join_h_a57 h57 ON h1.id=h57.id
   > JOIN T_join_h_a58 h58 ON h1.id=h58.id
   > JOIN T_join_h_a59 h59 ON h1.id=h59.id
   > JOIN T_join_h_a60 h60 ON h1.id=h60.id
   > JOIN T_join_h_a61 h61 ON h1.id=h61.id
   > JOIN T_join_h_a62 h62 ON h1.id=h62.id
   > JOIN T_join_h_a63 h63 ON h1.id=h63.id
   > JOIN T_join_h_a64 h64 ON h1.id=h64.id
   > JOIN T_join_h_a65 h65 ON h1.id=h65.id
   > JOIN T_join_h_a66 h66 ON h1.id=h66.id
   > JOIN T_join_h_a67 h67 ON h1.id=h67.id
   > JOIN T_join_h_a68 h68 ON h1.id=h68.id
   > JOIN T_join_h_a69 h69 ON h1.id=h69.id
   > JOIN T_join_h_a60 h60 ON h1.id=h60.id
   > JOIN T_join_h_a61 h61 ON h1.id=h61.id
   > JOIN T_join_h_a62 h62 ON h1.id=h62.id
   > JOIN T_join_h_a63 h63 ON h1.id=h63.id
   > JOIN T_join_h_a64 h64 ON h1.id=h64.id
   > JOIN T_join_h_a65 h65 ON h1.id=h65.id
   > JOIN T_join_h_a66 h66 ON h1.id=h66.id
   > JOIN T_join_h_a67 h67 ON h1.id=h67.id
   > JOIN T_join_h_a68 h68 ON h1.id=h68.id
   > JOIN T_join_h_a69 h69 ON h1.id=h69.id
   > JOIN T_join_h_a70 h70 ON h1.id=h70.id
   > JOIN T_join_h_a71 h71 ON h1.id=h71.id
   > JOIN T_join_h_a72 h72 ON h1.id=h72.id
   > JOIN T_join_h_a73 h73 ON h1.id=h73.id
   > JOIN T_join_h_a74 h74 ON h1.id=h74.id
   > JOIN T_join_h_a75 h75 ON h1.id=h75.id
   > JOIN T_join_h_a76 h76 ON h1.id=h76.id
   > JOIN T_join_h_a77 h77 ON h1.id=h77.id
   > JOIN T_join_h_a78 h78 ON h1.id=h78.id
   > JOIN T_join_h_a79 h79 ON h1.id=h79.id
   > JOIN T_join_h_a80 h80 ON h1.id=h80.id
   > JOIN T_join_h_a81 h81 ON h1.id=h81.id
   > JOIN T_join_h_a82 h82 ON h1.id=h82.id
   > JOIN T_join_h_a83 h83 ON h1.id=h83.id
   > JOIN T_join_h_a84 h84 ON h1.id=h84.id
   > JOIN T_join_h_a85 h85 ON h1.id=h85.id
   > JOIN T_join_h_a86 h86 ON h1.id=h86.id
   > JOIN T_join_h_a87 h87 ON h1.id=h87.id
   > JOIN T_join_h_a88 h88 ON h1.id=h88.id
   > JOIN T_join_h_a89 h89 ON h1.id=h89.id
   > JOIN T_join_h_a90 h90 ON h1.id=h90.id
   > JOIN T_join_h_a91 h91 ON h1.id=h91.id
   > JOIN T_join_h_a92 h92 ON h1.id=h92.id
   > JOIN T_join_h_a93 h93 ON h1.id=h93.id
   > JOIN T_join_h_a94 h94 ON h1.id=h94.id
   > JOIN T_join_h_a95 h95 ON h1.id=h95.id
   > JOIN T_join_h_a96 h96 ON h1.id=h96.id
   > JOIN T_join_h_a97 h97 ON h1.id=h97.id
   > JOIN T_join_h_a98 h98 ON h1.id=h98.id
   > JOIN T_join_h_a99 h99 ON h1.id=h99.id
   > JOIN T_join_h_a100 h100 ON h1.id=h100.id
   > JOIN T_join_h_a101 h101 ON h1.id=h101.id
   > JOIN T_join_h_a102 h102 ON h1.id=h102.id
   > JOIN T_join_h_a103 h103 ON h1.id=h103.id
   > JOIN T_join_h_a104 h104 ON h1.id=h104.id
   > JOIN T_join_h_a105 h105 ON h1.id=h105.id
   > JOIN T_join_h_a106 h106 ON h1.id=h106.id
   > JOIN T_join_h_a107 h107 ON h1.id=h107.id
   > JOIN T_join_h_a108 h108 ON h1.id=h108.id
   > JOIN T_join_h_a109 h109 ON h1.id=h109.id
   > JOIN T_join_h_a110 h110 ON h1.id=h110.id
   > JOIN T_join_h_a111 h111 ON h1.id=h111.id
   > JOIN T_join_h_a112 h112 ON h1.id=h112.id
   > JOIN T_join_h_a113 h113 ON h1.id=h113.id
   > JOIN T_join_h_a114 h114 ON h1.id=h114.id
   > JOIN T_join_h_a115 h115 ON h1.id=h115.id
   > JOIN T_join_h_a116 h116 ON h1.id=h116.id
   > JOIN T_join_h_a117 h117 ON h1.id=h117.id
   > JOIN T_join_h_a118 h118 ON h1.id=h118.id
   > JOIN T_join_h_a119 h119 ON h1.id=h119.id
   > JOIN T_join_h_a120 h120 ON h1.id=h120.id
   > JOIN T_join_h_a121 h121 ON h1.id=h121.id
   > JOIN T_join_h_a122 h122 ON h1.id=h122.id
   > JOIN T_join_h_a123 h123 ON h1.id=h123.id
   > JOIN T_join_h_a124 h124 ON h1.id=h124.id
   > JOIN T_join_h_a125 h125 ON h1.id=h125.id
   > JOIN T_join_h_a126 h126 ON h1.id=h126.id
   > JOIN T_join_h_a127 h127 ON h1.id=h127.id
   > JOIN T_join_h_a128 h128 ON h1.id=h128.id;
+----+-----------+---------+------------+-------------+
| ID | NAME      | CLASSID | NAME       | NAME        |
+----+-----------+---------+------------+-------------+
| 1  | zhangsan2 | 5       | zhangsan56 | zhangsan119 |
+----+-----------+---------+------------+-------------+
1 row selected.
SQL> 
SQL> 
SQL> -- 删除128张pallas表
SQL> DROP TABLE IF EXISTS T_join_p_a1;
0 rows affected
SQL> DROP TABLE IF EXISTS T_join_p_a2;
0 rows affected
SQL> DROP TABLE IF EXISTS T_join_p_a3;
0 rows affected
SQL> DROP TABLE IF EXISTS T_join_p_a4;
0 rows affected
SQL> DROP TABLE IF EXISTS T_join_p_a5;
0 rows affected
SQL> DROP TABLE IF EXISTS T_join_p_a6;
0 rows affected
SQL> DROP TABLE IF EXISTS T_join_p_a7;
0 rows affected
SQL> DROP TABLE IF EXISTS T_join_p_a8;
0 rows affected
SQL> DROP TABLE IF EXISTS T_join_p_a9;
0 rows affected
SQL> DROP TABLE IF EXISTS T_join_p_a10;
0 rows affected
SQL> DROP TABLE IF EXISTS T_join_p_a11;
0 rows affected
SQL> DROP TABLE IF EXISTS T_join_p_a12;
0 rows affected
SQL> DROP TABLE IF EXISTS T_join_p_a13;
0 rows affected
SQL> DROP TABLE IF EXISTS T_join_p_a14;
0 rows affected
SQL> DROP TABLE IF EXISTS T_join_p_a15;
0 rows affected
SQL> DROP TABLE IF EXISTS T_join_p_a16;
0 rows affected
SQL> DROP TABLE IF EXISTS T_join_p_a17;
0 rows affected
SQL> DROP TABLE IF EXISTS T_join_p_a18;
0 rows affected
SQL> DROP TABLE IF EXISTS T_join_p_a19;
0 rows affected
SQL> DROP TABLE IF EXISTS T_join_p_a20;
0 rows affected
SQL> DROP TABLE IF EXISTS T_join_p_a21;
0 rows affected
SQL> DROP TABLE IF EXISTS T_join_p_a22;
0 rows affected
SQL> DROP TABLE IF EXISTS T_join_p_a23;
0 rows affected
SQL> DROP TABLE IF EXISTS T_join_p_a24;
0 rows affected
SQL> DROP TABLE IF EXISTS T_join_p_a25;
0 rows affected
SQL> DROP TABLE IF EXISTS T_join_p_a26;
0 rows affected
SQL> DROP TABLE IF EXISTS T_join_p_a27;
0 rows affected
SQL> DROP TABLE IF EXISTS T_join_p_a28;
0 rows affected
SQL> DROP TABLE IF EXISTS T_join_p_a29;
0 rows affected
SQL> DROP TABLE IF EXISTS T_join_p_a30;
0 rows affected
SQL> DROP TABLE IF EXISTS T_join_p_a31;
0 rows affected
SQL> DROP TABLE IF EXISTS T_join_p_a32;
0 rows affected
SQL> DROP TABLE IF EXISTS T_join_p_a33;
0 rows affected
SQL> DROP TABLE IF EXISTS T_join_p_a34;
0 rows affected
SQL> DROP TABLE IF EXISTS T_join_p_a35;
0 rows affected
SQL> DROP TABLE IF EXISTS T_join_p_a36;
0 rows affected
SQL> DROP TABLE IF EXISTS T_join_p_a37;
0 rows affected
SQL> DROP TABLE IF EXISTS T_join_p_a38;
0 rows affected
SQL> DROP TABLE IF EXISTS T_join_p_a39;
0 rows affected
SQL> DROP TABLE IF EXISTS T_join_p_a40;
0 rows affected
SQL> DROP TABLE IF EXISTS T_join_p_a41;
0 rows affected
SQL> DROP TABLE IF EXISTS T_join_p_a42;
0 rows affected
SQL> DROP TABLE IF EXISTS T_join_p_a43;
0 rows affected
SQL> DROP TABLE IF EXISTS T_join_p_a44;
0 rows affected
SQL> DROP TABLE IF EXISTS T_join_p_a45;
0 rows affected
SQL> DROP TABLE IF EXISTS T_join_p_a46;
0 rows affected
SQL> DROP TABLE IF EXISTS T_join_p_a47;
0 rows affected
SQL> DROP TABLE IF EXISTS T_join_p_a48;
0 rows affected
SQL> DROP TABLE IF EXISTS T_join_p_a49;
0 rows affected
SQL> DROP TABLE IF EXISTS T_join_p_a50;
0 rows affected
SQL> DROP TABLE IF EXISTS T_join_p_a51;
0 rows affected
SQL> DROP TABLE IF EXISTS T_join_p_a52;
0 rows affected
SQL> DROP TABLE IF EXISTS T_join_p_a53;
0 rows affected
SQL> DROP TABLE IF EXISTS T_join_p_a54;
0 rows affected
SQL> DROP TABLE IF EXISTS T_join_p_a55;
0 rows affected
SQL> DROP TABLE IF EXISTS T_join_p_a56;
0 rows affected
SQL> DROP TABLE IF EXISTS T_join_p_a57;
0 rows affected
SQL> DROP TABLE IF EXISTS T_join_p_a58;
0 rows affected
SQL> DROP TABLE IF EXISTS T_join_p_a59;
0 rows affected
SQL> DROP TABLE IF EXISTS T_join_p_a60;
0 rows affected
SQL> DROP TABLE IF EXISTS T_join_p_a61;
0 rows affected
SQL> DROP TABLE IF EXISTS T_join_p_a62;
0 rows affected
SQL> DROP TABLE IF EXISTS T_join_p_a63;
0 rows affected
SQL> DROP TABLE IF EXISTS T_join_p_a64;
0 rows affected
SQL> DROP TABLE IF EXISTS T_join_p_a65;
0 rows affected
SQL> DROP TABLE IF EXISTS T_join_p_a66;
0 rows affected
SQL> DROP TABLE IF EXISTS T_join_p_a67;
0 rows affected
SQL> DROP TABLE IF EXISTS T_join_p_a68;
0 rows affected
SQL> DROP TABLE IF EXISTS T_join_p_a69;
0 rows affected
SQL> DROP TABLE IF EXISTS T_join_p_a70;
0 rows affected
SQL> DROP TABLE IF EXISTS T_join_p_a71;
0 rows affected
SQL> DROP TABLE IF EXISTS T_join_p_a72;
0 rows affected
SQL> DROP TABLE IF EXISTS T_join_p_a73;
0 rows affected
SQL> DROP TABLE IF EXISTS T_join_p_a74;
0 rows affected
SQL> DROP TABLE IF EXISTS T_join_p_a75;
0 rows affected
SQL> DROP TABLE IF EXISTS T_join_p_a76;
0 rows affected
SQL> DROP TABLE IF EXISTS T_join_p_a77;
0 rows affected
SQL> DROP TABLE IF EXISTS T_join_p_a78;
0 rows affected
SQL> DROP TABLE IF EXISTS T_join_p_a79;
0 rows affected
SQL> DROP TABLE IF EXISTS T_join_p_a80;
0 rows affected
SQL> DROP TABLE IF EXISTS T_join_p_a81;
0 rows affected
SQL> DROP TABLE IF EXISTS T_join_p_a82;
0 rows affected
SQL> DROP TABLE IF EXISTS T_join_p_a83;
0 rows affected
SQL> DROP TABLE IF EXISTS T_join_p_a84;
0 rows affected
SQL> DROP TABLE IF EXISTS T_join_p_a85;
0 rows affected
SQL> DROP TABLE IF EXISTS T_join_p_a86;
0 rows affected
SQL> DROP TABLE IF EXISTS T_join_p_a87;
0 rows affected
SQL> DROP TABLE IF EXISTS T_join_p_a88;
0 rows affected
SQL> DROP TABLE IF EXISTS T_join_p_a89;
0 rows affected
SQL> DROP TABLE IF EXISTS T_join_p_a90;
0 rows affected
SQL> DROP TABLE IF EXISTS T_join_p_a91;
0 rows affected
SQL> DROP TABLE IF EXISTS T_join_p_a92;
0 rows affected
SQL> DROP TABLE IF EXISTS T_join_p_a93;
0 rows affected
SQL> DROP TABLE IF EXISTS T_join_p_a94;
0 rows affected
SQL> DROP TABLE IF EXISTS T_join_p_a95;
0 rows affected
SQL> DROP TABLE IF EXISTS T_join_p_a96;
0 rows affected
SQL> DROP TABLE IF EXISTS T_join_p_a97;
0 rows affected
SQL> DROP TABLE IF EXISTS T_join_p_a98;
0 rows affected
SQL> DROP TABLE IF EXISTS T_join_p_a99;
0 rows affected
SQL> DROP TABLE IF EXISTS T_join_p_a100;
0 rows affected
SQL> DROP TABLE IF EXISTS T_join_p_a101;
0 rows affected
SQL> DROP TABLE IF EXISTS T_join_p_a102;
0 rows affected
SQL> DROP TABLE IF EXISTS T_join_p_a103;
0 rows affected
SQL> DROP TABLE IF EXISTS T_join_p_a104;
0 rows affected
SQL> DROP TABLE IF EXISTS T_join_p_a105;
0 rows affected
SQL> DROP TABLE IF EXISTS T_join_p_a106;
0 rows affected
SQL> DROP TABLE IF EXISTS T_join_p_a107;
0 rows affected
SQL> DROP TABLE IF EXISTS T_join_p_a108;
0 rows affected
SQL> DROP TABLE IF EXISTS T_join_p_a109;
0 rows affected
SQL> DROP TABLE IF EXISTS T_join_p_a110;
0 rows affected
SQL> DROP TABLE IF EXISTS T_join_p_a111;
0 rows affected
SQL> DROP TABLE IF EXISTS T_join_p_a112;
0 rows affected
SQL> DROP TABLE IF EXISTS T_join_p_a113;
0 rows affected
SQL> DROP TABLE IF EXISTS T_join_p_a114;
0 rows affected
SQL> DROP TABLE IF EXISTS T_join_p_a115;
0 rows affected
SQL> DROP TABLE IF EXISTS T_join_p_a116;
0 rows affected
SQL> DROP TABLE IF EXISTS T_join_p_a117;
0 rows affected
SQL> DROP TABLE IF EXISTS T_join_p_a118;
0 rows affected
SQL> DROP TABLE IF EXISTS T_join_p_a119;
0 rows affected
SQL> DROP TABLE IF EXISTS T_join_p_a120;
0 rows affected
SQL> DROP TABLE IF EXISTS T_join_p_a121;
0 rows affected
SQL> DROP TABLE IF EXISTS T_join_p_a122;
0 rows affected
SQL> DROP TABLE IF EXISTS T_join_p_a123;
0 rows affected
SQL> DROP TABLE IF EXISTS T_join_p_a124;
0 rows affected
SQL> DROP TABLE IF EXISTS T_join_p_a125;
0 rows affected
SQL> DROP TABLE IF EXISTS T_join_p_a126;
0 rows affected
SQL> DROP TABLE IF EXISTS T_join_p_a127;
0 rows affected
SQL> DROP TABLE IF EXISTS T_join_p_a128;
0 rows affected
SQL> 
SQL> -- 创建128张pallas表
SQL> create table T_join_p_a1(id int,name varchar(30),classid int) engine pallas;
0 rows affected
SQL> create table T_join_p_a2(id int,name varchar(30),classid int) engine pallas;
0 rows affected
SQL> create table T_join_p_a3(id int,name varchar(30),classid int) engine pallas;
0 rows affected
SQL> create table T_join_p_a4(id int,name varchar(30),classid int) engine pallas;
0 rows affected
SQL> create table T_join_p_a5(id int,name varchar(30),classid int) engine pallas;
0 rows affected
SQL> create table T_join_p_a6(id int,name varchar(30),classid int) engine pallas;
0 rows affected
SQL> create table T_join_p_a7(id int,name varchar(30),classid int) engine pallas;
0 rows affected
SQL> create table T_join_p_a8(id int,name varchar(30),classid int) engine pallas;
0 rows affected
SQL> create table T_join_p_a9(id int,name varchar(30),classid int) engine pallas;
0 rows affected
SQL> create table T_join_p_a10(id int,name varchar(30),classid int) engine pallas;
0 rows affected
SQL> create table T_join_p_a11(id int,name varchar(30),classid int) engine pallas;
0 rows affected
SQL> create table T_join_p_a12(id int,name varchar(30),classid int) engine pallas;
0 rows affected
SQL> create table T_join_p_a13(id int,name varchar(30),classid int) engine pallas;
0 rows affected
SQL> create table T_join_p_a14(id int,name varchar(30),classid int) engine pallas;
0 rows affected
SQL> create table T_join_p_a15(id int,name varchar(30),classid int) engine pallas;
0 rows affected
SQL> create table T_join_p_a16(id int,name varchar(30),classid int) engine pallas;
0 rows affected
SQL> create table T_join_p_a17(id int,name varchar(30),classid int) engine pallas;
0 rows affected
SQL> create table T_join_p_a18(id int,name varchar(30),classid int) engine pallas;
0 rows affected
SQL> create table T_join_p_a19(id int,name varchar(30),classid int) engine pallas;
0 rows affected
SQL> create table T_join_p_a20(id int,name varchar(30),classid int) engine pallas;
0 rows affected
SQL> create table T_join_p_a21(id int,name varchar(30),classid int) engine pallas;
0 rows affected
SQL> create table T_join_p_a22(id int,name varchar(30),classid int) engine pallas;
0 rows affected
SQL> create table T_join_p_a23(id int,name varchar(30),classid int) engine pallas;
0 rows affected
SQL> create table T_join_p_a24(id int,name varchar(30),classid int) engine pallas;
0 rows affected
SQL> create table T_join_p_a25(id int,name varchar(30),classid int) engine pallas;
0 rows affected
SQL> create table T_join_p_a26(id int,name varchar(30),classid int) engine pallas;
0 rows affected
SQL> create table T_join_p_a27(id int,name varchar(30),classid int) engine pallas;
0 rows affected
SQL> create table T_join_p_a28(id int,name varchar(30),classid int) engine pallas;
0 rows affected
SQL> create table T_join_p_a29(id int,name varchar(30),classid int) engine pallas;
0 rows affected
SQL> create table T_join_p_a30(id int,name varchar(30),classid int) engine pallas;
0 rows affected
SQL> create table T_join_p_a31(id int,name varchar(30),classid int) engine pallas;
0 rows affected
SQL> create table T_join_p_a32(id int,name varchar(30),classid int) engine pallas;
0 rows affected
SQL> create table T_join_p_a33(id int,name varchar(30),classid int) engine pallas;
0 rows affected
SQL> create table T_join_p_a34(id int,name varchar(30),classid int) engine pallas;
0 rows affected
SQL> create table T_join_p_a35(id int,name varchar(30),classid int) engine pallas;
0 rows affected
SQL> create table T_join_p_a36(id int,name varchar(30),classid int) engine pallas;
0 rows affected
SQL> create table T_join_p_a37(id int,name varchar(30),classid int) engine pallas;
0 rows affected
SQL> create table T_join_p_a38(id int,name varchar(30),classid int) engine pallas;
0 rows affected
SQL> create table T_join_p_a39(id int,name varchar(30),classid int) engine pallas;
0 rows affected
SQL> create table T_join_p_a40(id int,name varchar(30),classid int) engine pallas;
0 rows affected
SQL> create table T_join_p_a41(id int,name varchar(30),classid int) engine pallas;
0 rows affected
SQL> create table T_join_p_a42(id int,name varchar(30),classid int) engine pallas;
0 rows affected
SQL> create table T_join_p_a43(id int,name varchar(30),classid int) engine pallas;
0 rows affected
SQL> create table T_join_p_a44(id int,name varchar(30),classid int) engine pallas;
0 rows affected
SQL> create table T_join_p_a45(id int,name varchar(30),classid int) engine pallas;
0 rows affected
SQL> create table T_join_p_a46(id int,name varchar(30),classid int) engine pallas;
0 rows affected
SQL> create table T_join_p_a47(id int,name varchar(30),classid int) engine pallas;
0 rows affected
SQL> create table T_join_p_a48(id int,name varchar(30),classid int) engine pallas;
0 rows affected
SQL> create table T_join_p_a49(id int,name varchar(30),classid int) engine pallas;
0 rows affected
SQL> create table T_join_p_a50(id int,name varchar(30),classid int) engine pallas;
0 rows affected
SQL> create table T_join_p_a51(id int,name varchar(30),classid int) engine pallas;
0 rows affected
SQL> create table T_join_p_a52(id int,name varchar(30),classid int) engine pallas;
0 rows affected
SQL> create table T_join_p_a53(id int,name varchar(30),classid int) engine pallas;
0 rows affected
SQL> create table T_join_p_a54(id int,name varchar(30),classid int) engine pallas;
0 rows affected
SQL> create table T_join_p_a55(id int,name varchar(30),classid int) engine pallas;
0 rows affected
SQL> create table T_join_p_a56(id int,name varchar(30),classid int) engine pallas;
0 rows affected
SQL> create table T_join_p_a57(id int,name varchar(30),classid int) engine pallas;
0 rows affected
SQL> create table T_join_p_a58(id int,name varchar(30),classid int) engine pallas;
0 rows affected
SQL> create table T_join_p_a59(id int,name varchar(30),classid int) engine pallas;
0 rows affected
SQL> create table T_join_p_a60(id int,name varchar(30),classid int) engine pallas;
0 rows affected
SQL> create table T_join_p_a61(id int,name varchar(30),classid int) engine pallas;
0 rows affected
SQL> create table T_join_p_a62(id int,name varchar(30),classid int) engine pallas;
0 rows affected
SQL> create table T_join_p_a63(id int,name varchar(30),classid int) engine pallas;
0 rows affected
SQL> create table T_join_p_a64(id int,name varchar(30),classid int) engine pallas;
0 rows affected
SQL> create table T_join_p_a65(id int,name varchar(30),classid int) engine pallas;
0 rows affected
SQL> create table T_join_p_a66(id int,name varchar(30),classid int) engine pallas;
0 rows affected
SQL> create table T_join_p_a67(id int,name varchar(30),classid int) engine pallas;
0 rows affected
SQL> create table T_join_p_a68(id int,name varchar(30),classid int) engine pallas;
0 rows affected
SQL> create table T_join_p_a69(id int,name varchar(30),classid int) engine pallas;
0 rows affected
SQL> create table T_join_p_a70(id int,name varchar(30),classid int) engine pallas;
0 rows affected
SQL> create table T_join_p_a71(id int,name varchar(30),classid int) engine pallas;
0 rows affected
SQL> create table T_join_p_a72(id int,name varchar(30),classid int) engine pallas;
0 rows affected
SQL> create table T_join_p_a73(id int,name varchar(30),classid int) engine pallas;
0 rows affected
SQL> create table T_join_p_a74(id int,name varchar(30),classid int) engine pallas;
0 rows affected
SQL> create table T_join_p_a75(id int,name varchar(30),classid int) engine pallas;
0 rows affected
SQL> create table T_join_p_a76(id int,name varchar(30),classid int) engine pallas;
0 rows affected
SQL> create table T_join_p_a77(id int,name varchar(30),classid int) engine pallas;
0 rows affected
SQL> create table T_join_p_a78(id int,name varchar(30),classid int) engine pallas;
0 rows affected
SQL> create table T_join_p_a79(id int,name varchar(30),classid int) engine pallas;
0 rows affected
SQL> create table T_join_p_a80(id int,name varchar(30),classid int) engine pallas;
0 rows affected
SQL> create table T_join_p_a81(id int,name varchar(30),classid int) engine pallas;
0 rows affected
SQL> create table T_join_p_a82(id int,name varchar(30),classid int) engine pallas;
0 rows affected
SQL> create table T_join_p_a83(id int,name varchar(30),classid int) engine pallas;
0 rows affected
SQL> create table T_join_p_a84(id int,name varchar(30),classid int) engine pallas;
0 rows affected
SQL> create table T_join_p_a85(id int,name varchar(30),classid int) engine pallas;
0 rows affected
SQL> create table T_join_p_a86(id int,name varchar(30),classid int) engine pallas;
0 rows affected
SQL> create table T_join_p_a87(id int,name varchar(30),classid int) engine pallas;
0 rows affected
SQL> create table T_join_p_a88(id int,name varchar(30),classid int) engine pallas;
0 rows affected
SQL> create table T_join_p_a89(id int,name varchar(30),classid int) engine pallas;
0 rows affected
SQL> create table T_join_p_a90(id int,name varchar(30),classid int) engine pallas;
0 rows affected
SQL> create table T_join_p_a91(id int,name varchar(30),classid int) engine pallas;
0 rows affected
SQL> create table T_join_p_a92(id int,name varchar(30),classid int) engine pallas;
0 rows affected
SQL> create table T_join_p_a93(id int,name varchar(30),classid int) engine pallas;
0 rows affected
SQL> create table T_join_p_a94(id int,name varchar(30),classid int) engine pallas;
0 rows affected
SQL> create table T_join_p_a95(id int,name varchar(30),classid int) engine pallas;
0 rows affected
SQL> create table T_join_p_a96(id int,name varchar(30),classid int) engine pallas;
0 rows affected
SQL> create table T_join_p_a97(id int,name varchar(30),classid int) engine pallas;
0 rows affected
SQL> create table T_join_p_a98(id int,name varchar(30),classid int) engine pallas;
0 rows affected
SQL> create table T_join_p_a99(id int,name varchar(30),classid int) engine pallas;
0 rows affected
SQL> create table T_join_p_a100(id int,name varchar(30),classid int) engine pallas;
0 rows affected
SQL> create table T_join_p_a101(id int,name varchar(30),classid int) engine pallas;
0 rows affected
SQL> create table T_join_p_a102(id int,name varchar(30),classid int) engine pallas;
0 rows affected
SQL> create table T_join_p_a103(id int,name varchar(30),classid int) engine pallas;
0 rows affected
SQL> create table T_join_p_a104(id int,name varchar(30),classid int) engine pallas;
0 rows affected
SQL> create table T_join_p_a105(id int,name varchar(30),classid int) engine pallas;
0 rows affected
SQL> create table T_join_p_a106(id int,name varchar(30),classid int) engine pallas;
0 rows affected
SQL> create table T_join_p_a107(id int,name varchar(30),classid int) engine pallas;
0 rows affected
SQL> create table T_join_p_a108(id int,name varchar(30),classid int) engine pallas;
0 rows affected
SQL> create table T_join_p_a109(id int,name varchar(30),classid int) engine pallas;
0 rows affected
SQL> create table T_join_p_a110(id int,name varchar(30),classid int) engine pallas;
0 rows affected
SQL> create table T_join_p_a111(id int,name varchar(30),classid int) engine pallas;
0 rows affected
SQL> create table T_join_p_a112(id int,name varchar(30),classid int) engine pallas;
0 rows affected
SQL> create table T_join_p_a113(id int,name varchar(30),classid int) engine pallas;
0 rows affected
SQL> create table T_join_p_a114(id int,name varchar(30),classid int) engine pallas;
0 rows affected
SQL> create table T_join_p_a115(id int,name varchar(30),classid int) engine pallas;
0 rows affected
SQL> create table T_join_p_a116(id int,name varchar(30),classid int) engine pallas;
0 rows affected
SQL> create table T_join_p_a117(id int,name varchar(30),classid int) engine pallas;
0 rows affected
SQL> create table T_join_p_a118(id int,name varchar(30),classid int) engine pallas;
0 rows affected
SQL> create table T_join_p_a119(id int,name varchar(30),classid int) engine pallas;
0 rows affected
SQL> create table T_join_p_a120(id int,name varchar(30),classid int) engine pallas;
0 rows affected
SQL> create table T_join_p_a121(id int,name varchar(30),classid int) engine pallas;
0 rows affected
SQL> create table T_join_p_a122(id int,name varchar(30),classid int) engine pallas;
0 rows affected
SQL> create table T_join_p_a123(id int,name varchar(30),classid int) engine pallas;
0 rows affected
SQL> create table T_join_p_a124(id int,name varchar(30),classid int) engine pallas;
0 rows affected
SQL> create table T_join_p_a125(id int,name varchar(30),classid int) engine pallas;
0 rows affected
SQL> create table T_join_p_a126(id int,name varchar(30),classid int) engine pallas;
0 rows affected
SQL> create table T_join_p_a127(id int,name varchar(30),classid int) engine pallas;
0 rows affected
SQL> create table T_join_p_a128(id int,name varchar(30),classid int) engine pallas;
0 rows affected
SQL> 
SQL> 
SQL> --每张pallas表插入一条数据
SQL> insert into T_join_p_a1 values(1,'zhangsan1',1);
1 row affected
SQL> insert into T_join_p_a2 values(1,'zhangsan2',2);
1 row affected
SQL> insert into T_join_p_a3 values(1,'zhangsan3',3);
1 row affected
SQL> insert into T_join_p_a4 values(1,'zhangsan4',4);
1 row affected
SQL> insert into T_join_p_a5 values(1,'zhangsan5',5);
1 row affected
SQL> insert into T_join_p_a6 values(1,'zhangsan6',6);
1 row affected
SQL> insert into T_join_p_a7 values(1,'zhangsan7',7);
1 row affected
SQL> insert into T_join_p_a8 values(1,'zhangsan8',8);
1 row affected
SQL> insert into T_join_p_a9 values(1,'zhangsan9',9);
1 row affected
SQL> insert into T_join_p_a10 values(1,'zhangsan10',10);
1 row affected
SQL> insert into T_join_p_a11 values(1,'zhangsan11',11);
1 row affected
SQL> insert into T_join_p_a12 values(1,'zhangsan12',12);
1 row affected
SQL> insert into T_join_p_a13 values(1,'zhangsan13',13);
1 row affected
SQL> insert into T_join_p_a14 values(1,'zhangsan14',14);
1 row affected
SQL> insert into T_join_p_a15 values(1,'zhangsan15',15);
1 row affected
SQL> insert into T_join_p_a16 values(1,'zhangsan16',16);
1 row affected
SQL> insert into T_join_p_a17 values(1,'zhangsan17',17);
1 row affected
SQL> insert into T_join_p_a18 values(1,'zhangsan18',18);
1 row affected
SQL> insert into T_join_p_a19 values(1,'zhangsan19',19);
1 row affected
SQL> insert into T_join_p_a20 values(1,'zhangsan20',20);
1 row affected
SQL> insert into T_join_p_a21 values(1,'zhangsan21',21);
1 row affected
SQL> insert into T_join_p_a22 values(1,'zhangsan22',22);
1 row affected
SQL> insert into T_join_p_a23 values(1,'zhangsan23',23);
1 row affected
SQL> insert into T_join_p_a24 values(1,'zhangsan24',24);
1 row affected
SQL> insert into T_join_p_a25 values(1,'zhangsan25',25);
1 row affected
SQL> insert into T_join_p_a26 values(1,'zhangsan26',26);
1 row affected
SQL> insert into T_join_p_a27 values(1,'zhangsan27',27);
1 row affected
SQL> insert into T_join_p_a28 values(1,'zhangsan28',28);
1 row affected
SQL> insert into T_join_p_a29 values(1,'zhangsan29',29);
1 row affected
SQL> insert into T_join_p_a30 values(1,'zhangsan30',30);
1 row affected
SQL> insert into T_join_p_a31 values(1,'zhangsan31',31);
1 row affected
SQL> insert into T_join_p_a32 values(1,'zhangsan32',32);
1 row affected
SQL> insert into T_join_p_a33 values(1,'zhangsan33',33);
1 row affected
SQL> insert into T_join_p_a34 values(1,'zhangsan34',34);
1 row affected
SQL> insert into T_join_p_a35 values(1,'zhangsan35',35);
1 row affected
SQL> insert into T_join_p_a36 values(1,'zhangsan36',36);
1 row affected
SQL> insert into T_join_p_a37 values(1,'zhangsan37',37);
1 row affected
SQL> insert into T_join_p_a38 values(1,'zhangsan38',38);
1 row affected
SQL> insert into T_join_p_a39 values(1,'zhangsan39',39);
1 row affected
SQL> insert into T_join_p_a40 values(1,'zhangsan40',40);
1 row affected
SQL> insert into T_join_p_a41 values(1,'zhangsan41',41);
1 row affected
SQL> insert into T_join_p_a42 values(1,'zhangsan42',42);
1 row affected
SQL> insert into T_join_p_a43 values(1,'zhangsan43',43);
1 row affected
SQL> insert into T_join_p_a44 values(1,'zhangsan44',44);
1 row affected
SQL> insert into T_join_p_a45 values(1,'zhangsan45',45);
1 row affected
SQL> insert into T_join_p_a46 values(1,'zhangsan46',46);
1 row affected
SQL> insert into T_join_p_a47 values(1,'zhangsan47',47);
1 row affected
SQL> insert into T_join_p_a48 values(1,'zhangsan48',48);
1 row affected
SQL> insert into T_join_p_a49 values(1,'zhangsan49',49);
1 row affected
SQL> insert into T_join_p_a50 values(1,'zhangsan50',50);
1 row affected
SQL> insert into T_join_p_a51 values(1,'zhangsan51',51);
1 row affected
SQL> insert into T_join_p_a52 values(1,'zhangsan52',52);
1 row affected
SQL> insert into T_join_p_a53 values(1,'zhangsan53',53);
1 row affected
SQL> insert into T_join_p_a54 values(1,'zhangsan54',54);
1 row affected
SQL> insert into T_join_p_a55 values(1,'zhangsan55',55);
1 row affected
SQL> insert into T_join_p_a56 values(1,'zhangsan56',56);
1 row affected
SQL> insert into T_join_p_a57 values(1,'zhangsan57',57);
1 row affected
SQL> insert into T_join_p_a58 values(1,'zhangsan58',58);
1 row affected
SQL> insert into T_join_p_a59 values(1,'zhangsan59',59);
1 row affected
SQL> insert into T_join_p_a60 values(1,'zhangsan60',60);
1 row affected
SQL> insert into T_join_p_a61 values(1,'zhangsan61',61);
1 row affected
SQL> insert into T_join_p_a62 values(1,'zhangsan62',62);
1 row affected
SQL> insert into T_join_p_a63 values(1,'zhangsan63',63);
1 row affected
SQL> insert into T_join_p_a64 values(1,'zhangsan64',64);
1 row affected
SQL> insert into T_join_p_a65 values(1,'zhangsan65',65);
1 row affected
SQL> insert into T_join_p_a66 values(1,'zhangsan66',66);
1 row affected
SQL> insert into T_join_p_a67 values(1,'zhangsan67',67);
1 row affected
SQL> insert into T_join_p_a68 values(1,'zhangsan68',68);
1 row affected
SQL> insert into T_join_p_a69 values(1,'zhangsan69',69);
1 row affected
SQL> insert into T_join_p_a70 values(1,'zhangsan70',70);
1 row affected
SQL> insert into T_join_p_a71 values(1,'zhangsan71',71);
1 row affected
SQL> insert into T_join_p_a72 values(1,'zhangsan72',72);
1 row affected
SQL> insert into T_join_p_a73 values(1,'zhangsan73',73);
1 row affected
SQL> insert into T_join_p_a74 values(1,'zhangsan74',74);
1 row affected
SQL> insert into T_join_p_a75 values(1,'zhangsan75',75);
1 row affected
SQL> insert into T_join_p_a76 values(1,'zhangsan76',76);
1 row affected
SQL> insert into T_join_p_a77 values(1,'zhangsan77',77);
1 row affected
SQL> insert into T_join_p_a78 values(1,'zhangsan78',78);
1 row affected
SQL> insert into T_join_p_a79 values(1,'zhangsan79',79);
1 row affected
SQL> insert into T_join_p_a80 values(1,'zhangsan80',80);
1 row affected
SQL> insert into T_join_p_a81 values(1,'zhangsan81',81);
1 row affected
SQL> insert into T_join_p_a82 values(1,'zhangsan82',82);
1 row affected
SQL> insert into T_join_p_a83 values(1,'zhangsan83',83);
1 row affected
SQL> insert into T_join_p_a84 values(1,'zhangsan84',84);
1 row affected
SQL> insert into T_join_p_a85 values(1,'zhangsan85',85);
1 row affected
SQL> insert into T_join_p_a86 values(1,'zhangsan86',86);
1 row affected
SQL> insert into T_join_p_a87 values(1,'zhangsan87',87);
1 row affected
SQL> insert into T_join_p_a88 values(1,'zhangsan88',88);
1 row affected
SQL> insert into T_join_p_a89 values(1,'zhangsan89',89);
1 row affected
SQL> insert into T_join_p_a90 values(1,'zhangsan90',90);
1 row affected
SQL> insert into T_join_p_a91 values(1,'zhangsan91',91);
1 row affected
SQL> insert into T_join_p_a92 values(1,'zhangsan92',92);
1 row affected
SQL> insert into T_join_p_a93 values(1,'zhangsan93',93);
1 row affected
SQL> insert into T_join_p_a94 values(1,'zhangsan94',94);
1 row affected
SQL> insert into T_join_p_a95 values(1,'zhangsan95',95);
1 row affected
SQL> insert into T_join_p_a96 values(1,'zhangsan96',96);
1 row affected
SQL> insert into T_join_p_a97 values(1,'zhangsan97',97);
1 row affected
SQL> insert into T_join_p_a98 values(1,'zhangsan98',98);
1 row affected
SQL> insert into T_join_p_a99 values(1,'zhangsan99',99);
1 row affected
SQL> insert into T_join_p_a100 values(1,'zhangsan100',100);
1 row affected
SQL> insert into T_join_p_a101 values(1,'zhangsan101',101);
1 row affected
SQL> insert into T_join_p_a102 values(1,'zhangsan102',102);
1 row affected
SQL> insert into T_join_p_a103 values(1,'zhangsan103',103);
1 row affected
SQL> insert into T_join_p_a104 values(1,'zhangsan104',104);
1 row affected
SQL> insert into T_join_p_a105 values(1,'zhangsan105',105);
1 row affected
SQL> insert into T_join_p_a106 values(1,'zhangsan106',106);
1 row affected
SQL> insert into T_join_p_a107 values(1,'zhangsan107',107);
1 row affected
SQL> insert into T_join_p_a108 values(1,'zhangsan108',108);
1 row affected
SQL> insert into T_join_p_a109 values(1,'zhangsan109',109);
1 row affected
SQL> insert into T_join_p_a110 values(1,'zhangsan110',110);
1 row affected
SQL> insert into T_join_p_a111 values(1,'zhangsan111',111);
1 row affected
SQL> insert into T_join_p_a112 values(1,'zhangsan112',112);
1 row affected
SQL> insert into T_join_p_a113 values(1,'zhangsan113',113);
1 row affected
SQL> insert into T_join_p_a114 values(1,'zhangsan114',114);
1 row affected
SQL> insert into T_join_p_a115 values(1,'zhangsan115',115);
1 row affected
SQL> insert into T_join_p_a116 values(1,'zhangsan116',116);
1 row affected
SQL> insert into T_join_p_a117 values(1,'zhangsan117',117);
1 row affected
SQL> insert into T_join_p_a118 values(1,'zhangsan118',118);
1 row affected
SQL> insert into T_join_p_a119 values(1,'zhangsan119',119);
1 row affected
SQL> insert into T_join_p_a120 values(1,'zhangsan120',120);
1 row affected
SQL> insert into T_join_p_a121 values(1,'zhangsan121',121);
1 row affected
SQL> insert into T_join_p_a122 values(1,'zhangsan122',122);
1 row affected
SQL> insert into T_join_p_a123 values(1,'zhangsan123',123);
1 row affected
SQL> insert into T_join_p_a124 values(1,'zhangsan124',124);
1 row affected
SQL> insert into T_join_p_a125 values(1,'zhangsan125',125);
1 row affected
SQL> insert into T_join_p_a126 values(1,'zhangsan126',126);
1 row affected
SQL> insert into T_join_p_a127 values(1,'zhangsan127',127);
1 row affected
SQL> insert into T_join_p_a128 values(1,'zhangsan128',128);
1 row affected
SQL> 
SQL> 
SQL> --执行32张pallas表join
SQL> SELECT  p1.id,p2.name,p5.classid FROM  T_join_p_a1  p1
   > JOIN T_join_p_a2  p2 ON  p1.id=p2.id
   > JOIN T_join_p_a3  p3 ON  p1.id=p3.id
   > JOIN T_join_p_a4  p4 ON  p1.id=p4.id
   > JOIN T_join_p_a5  p5 ON  p1.id=p5.id
   > JOIN T_join_p_a6  p6 ON  p1.id=p6.id
   > JOIN T_join_p_a7  p7 ON  p1.id=p7.id
   > JOIN T_join_p_a8  p8 ON  p1.id=p8.id
   > JOIN T_join_p_a9  p9 ON  p1.id=p9.id
   > JOIN T_join_p_a10  p10 ON  p1.id=p10.id
   > JOIN T_join_p_a11  p11 ON  p1.id=p11.id
   > JOIN T_join_p_a12  p12 ON  p1.id=p12.id
   > JOIN T_join_p_a13  p13 ON  p1.id=p13.id
   > JOIN T_join_p_a14  p14 ON  p1.id=p14.id
   > JOIN T_join_p_a15  p15 ON  p1.id=p15.id
   > JOIN T_join_p_a16  p16 ON  p1.id=p16.id
   > JOIN T_join_p_a17  p17 ON  p1.id=p17.id
   > JOIN T_join_p_a18  p18 ON  p1.id=p18.id
   > JOIN T_join_p_a19  p19 ON  p1.id=p19.id
   > JOIN T_join_p_a20  p20 ON  p1.id=p20.id
   > JOIN T_join_p_a21  p21 ON  p1.id=p21.id
   > JOIN T_join_p_a22  p22 ON  p1.id=p22.id
   > JOIN T_join_p_a23  p23 ON  p1.id=p23.id
   > JOIN T_join_p_a24  p24 ON  p1.id=p24.id
   > JOIN T_join_p_a25  p25 ON  p1.id=p25.id
   > JOIN T_join_p_a26  p26 ON  p1.id=p26.id
   > JOIN T_join_p_a27  p27 ON  p1.id=p27.id
   > JOIN T_join_p_a28  p28 ON  p1.id=p28.id
   > JOIN T_join_p_a29  p29 ON  p1.id=p29.id
   > JOIN T_join_p_a30  p30 ON  p1.id=p30.id
   > JOIN T_join_p_a31  p31 ON  p1.id=p31.id
   > JOIN T_join_p_a32  p32 ON  p1.id=p32.id;
+----+-----------+---------+
| ID | NAME      | CLASSID |
+----+-----------+---------+
| 1  | zhangsan2 | 5       |
+----+-----------+---------+
1 row selected.
SQL> 
SQL> 
SQL> 
SQL> --执行64张pallas表join
SQL> SELECT  p1.id,p2.name,p5.classid,p56.name  FROM  T_join_p_a1  p1
   > JOIN T_join_p_a2  p2 ON  p1.id=p2.id
   > JOIN T_join_p_a3  p3 ON  p1.id=p3.id
   > JOIN T_join_p_a4  p4 ON  p1.id=p4.id
   > JOIN T_join_p_a5  p5 ON  p1.id=p5.id
   > JOIN T_join_p_a6  p6 ON  p1.id=p6.id
   > JOIN T_join_p_a7  p7 ON  p1.id=p7.id
   > JOIN T_join_p_a8  p8 ON  p1.id=p8.id
   > JOIN T_join_p_a9  p9 ON  p1.id=p9.id
   > JOIN T_join_p_a10  p10 ON  p1.id=p10.id
   > JOIN T_join_p_a11  p11 ON  p1.id=p11.id
   > JOIN T_join_p_a12  p12 ON  p1.id=p12.id
   > JOIN T_join_p_a13  p13 ON  p1.id=p13.id
   > JOIN T_join_p_a14  p14 ON  p1.id=p14.id
   > JOIN T_join_p_a15  p15 ON  p1.id=p15.id
   > JOIN T_join_p_a16  p16 ON  p1.id=p16.id
   > JOIN T_join_p_a17  p17 ON  p1.id=p17.id
   > JOIN T_join_p_a18  p18 ON  p1.id=p18.id
   > JOIN T_join_p_a19  p19 ON  p1.id=p19.id
   > JOIN T_join_p_a20  p20 ON  p1.id=p20.id
   > JOIN T_join_p_a21  p21 ON  p1.id=p21.id
   > JOIN T_join_p_a22  p22 ON  p1.id=p22.id
   > JOIN T_join_p_a23  p23 ON  p1.id=p23.id
   > JOIN T_join_p_a24  p24 ON  p1.id=p24.id
   > JOIN T_join_p_a25  p25 ON  p1.id=p25.id
   > JOIN T_join_p_a26  p26 ON  p1.id=p26.id
   > JOIN T_join_p_a27  p27 ON  p1.id=p27.id
   > JOIN T_join_p_a28  p28 ON  p1.id=p28.id
   > JOIN T_join_p_a29  p29 ON  p1.id=p29.id
   > JOIN T_join_p_a30  p30 ON  p1.id=p30.id
   > JOIN T_join_p_a31  p31 ON  p1.id=p31.id
   > JOIN T_join_p_a32  p32 ON  p1.id=p32.id
   > JOIN T_join_p_a33  p33 ON  p1.id=p33.id
   > JOIN T_join_p_a34  p34 ON  p1.id=p34.id
   > JOIN T_join_p_a35  p35 ON  p1.id=p35.id
   > JOIN T_join_p_a36  p36 ON  p1.id=p36.id
   > JOIN T_join_p_a37  p37 ON  p1.id=p37.id
   > JOIN T_join_p_a38  p38 ON  p1.id=p38.id
   > JOIN T_join_p_a39  p39 ON  p1.id=p39.id
   > JOIN T_join_p_a40  p40 ON  p1.id=p40.id
   > JOIN T_join_p_a41  p41 ON  p1.id=p41.id
   > JOIN T_join_p_a42  p42 ON  p1.id=p42.id
   > JOIN T_join_p_a43  p43 ON  p1.id=p43.id
   > JOIN T_join_p_a44  p44 ON  p1.id=p44.id
   > JOIN T_join_p_a45  p45 ON  p1.id=p45.id
   > JOIN T_join_p_a46  p46 ON  p1.id=p46.id
   > JOIN T_join_p_a47  p47 ON  p1.id=p47.id
   > JOIN T_join_p_a48  p48 ON  p1.id=p48.id
   > JOIN T_join_p_a49  p49 ON  p1.id=p49.id
   > JOIN T_join_p_a50  p50 ON  p1.id=p50.id
   > JOIN T_join_p_a51  p51 ON  p1.id=p51.id
   > JOIN T_join_p_a52  p52 ON  p1.id=p52.id
   > JOIN T_join_p_a53  p53 ON  p1.id=p53.id
   > JOIN T_join_p_a54  p54 ON  p1.id=p54.id
   > JOIN T_join_p_a55  p55 ON  p1.id=p55.id
   > JOIN T_join_p_a56  p56 ON  p1.id=p56.id
   > JOIN T_join_p_a57  p57 ON  p1.id=p57.id
   > JOIN T_join_p_a58  p58 ON  p1.id=p58.id
   > JOIN T_join_p_a59  p59 ON  p1.id=p59.id
   > JOIN T_join_p_a60  p60 ON  p1.id=p60.id
   > JOIN T_join_p_a61  p61 ON  p1.id=p61.id
   > JOIN T_join_p_a62  p62 ON  p1.id=p62.id
   > JOIN T_join_p_a63  p63 ON  p1.id=p63.id
   > JOIN T_join_p_a64  p64 ON  p1.id=p64.id;
+----+-----------+---------+------------+
| ID | NAME      | CLASSID | NAME       |
+----+-----------+---------+------------+
| 1  | zhangsan2 | 5       | zhangsan56 |
+----+-----------+---------+------------+
1 row selected.
SQL> 
SQL> 
SQL> 
SQL> --执行128张pallas表join
SQL> SELECT  p1.id,p2.name,p5.classid,p56.name,p100.id,p119.name  FROM  T_join_p_a1  p1
   > JOIN T_join_p_a2  p2 ON  p1.id=p2.id
   > JOIN T_join_p_a3  p3 ON  p1.id=p3.id
   > JOIN T_join_p_a4  p4 ON  p1.id=p4.id
   > JOIN T_join_p_a5  p5 ON  p1.id=p5.id
   > JOIN T_join_p_a6  p6 ON  p1.id=p6.id
   > JOIN T_join_p_a7  p7 ON  p1.id=p7.id
   > JOIN T_join_p_a8  p8 ON  p1.id=p8.id
   > JOIN T_join_p_a9  p9 ON  p1.id=p9.id
   > JOIN T_join_p_a10  p10 ON  p1.id=p10.id
   > JOIN T_join_p_a11  p11 ON  p1.id=p11.id
   > JOIN T_join_p_a12  p12 ON  p1.id=p12.id
   > JOIN T_join_p_a13  p13 ON  p1.id=p13.id
   > JOIN T_join_p_a14  p14 ON  p1.id=p14.id
   > JOIN T_join_p_a15  p15 ON  p1.id=p15.id
   > JOIN T_join_p_a16  p16 ON  p1.id=p16.id
   > JOIN T_join_p_a17  p17 ON  p1.id=p17.id
   > JOIN T_join_p_a18  p18 ON  p1.id=p18.id
   > JOIN T_join_p_a19  p19 ON  p1.id=p19.id
   > JOIN T_join_p_a20  p20 ON  p1.id=p20.id
   > JOIN T_join_p_a21  p21 ON  p1.id=p21.id
   > JOIN T_join_p_a22  p22 ON  p1.id=p22.id
   > JOIN T_join_p_a23  p23 ON  p1.id=p23.id
   > JOIN T_join_p_a24  p24 ON  p1.id=p24.id
   > JOIN T_join_p_a25  p25 ON  p1.id=p25.id
   > JOIN T_join_p_a26  p26 ON  p1.id=p26.id
   > JOIN T_join_p_a27  p27 ON  p1.id=p27.id
   > JOIN T_join_p_a28  p28 ON  p1.id=p28.id
   > JOIN T_join_p_a29  p29 ON  p1.id=p29.id
   > JOIN T_join_p_a30  p30 ON  p1.id=p30.id
   > JOIN T_join_p_a31  p31 ON  p1.id=p31.id
   > JOIN T_join_p_a32  p32 ON  p1.id=p32.id
   > JOIN T_join_p_a33  p33 ON  p1.id=p33.id
   > JOIN T_join_p_a34  p34 ON  p1.id=p34.id
   > JOIN T_join_p_a35  p35 ON  p1.id=p35.id
   > JOIN T_join_p_a36  p36 ON  p1.id=p36.id
   > JOIN T_join_p_a37  p37 ON  p1.id=p37.id
   > JOIN T_join_p_a38  p38 ON  p1.id=p38.id
   > JOIN T_join_p_a39  p39 ON  p1.id=p39.id
   > JOIN T_join_p_a40  p40 ON  p1.id=p40.id
   > JOIN T_join_p_a41  p41 ON  p1.id=p41.id
   > JOIN T_join_p_a42  p42 ON  p1.id=p42.id
   > JOIN T_join_p_a43  p43 ON  p1.id=p43.id
   > JOIN T_join_p_a44  p44 ON  p1.id=p44.id
   > JOIN T_join_p_a45  p45 ON  p1.id=p45.id
   > JOIN T_join_p_a46  p46 ON  p1.id=p46.id
   > JOIN T_join_p_a47  p47 ON  p1.id=p47.id
   > JOIN T_join_p_a48  p48 ON  p1.id=p48.id
   > JOIN T_join_p_a49  p49 ON  p1.id=p49.id
   > JOIN T_join_p_a50  p50 ON  p1.id=p50.id
   > JOIN T_join_p_a51  p51 ON  p1.id=p51.id
   > JOIN T_join_p_a52  p52 ON  p1.id=p52.id
   > JOIN T_join_p_a53  p53 ON  p1.id=p53.id
   > JOIN T_join_p_a54  p54 ON  p1.id=p54.id
   > JOIN T_join_p_a55  p55 ON  p1.id=p55.id
   > JOIN T_join_p_a56  p56 ON  p1.id=p56.id
   > JOIN T_join_p_a57  p57 ON  p1.id=p57.id
   > JOIN T_join_p_a58  p58 ON  p1.id=p58.id
   > JOIN T_join_p_a59  p59 ON  p1.id=p59.id
   > JOIN T_join_p_a60  p60 ON  p1.id=p60.id
   > JOIN T_join_p_a61  p61 ON  p1.id=p61.id
   > JOIN T_join_p_a62  p62 ON  p1.id=p62.id
   > JOIN T_join_p_a63  p63 ON  p1.id=p63.id
   > JOIN T_join_p_a64  p64 ON  p1.id=p64.id
   > JOIN T_join_p_a65  p65 ON  p1.id=p65.id
   > JOIN T_join_p_a66  p66 ON  p1.id=p66.id
   > JOIN T_join_p_a67  p67 ON  p1.id=p67.id
   > JOIN T_join_p_a68  p68 ON  p1.id=p68.id
   > JOIN T_join_p_a69  p69 ON  p1.id=p69.id
   > JOIN T_join_p_a60  p60 ON  p1.id=p60.id
   > JOIN T_join_p_a61  p61 ON  p1.id=p61.id
   > JOIN T_join_p_a62  p62 ON  p1.id=p62.id
   > JOIN T_join_p_a63  p63 ON  p1.id=p63.id
   > JOIN T_join_p_a64  p64 ON  p1.id=p64.id
   > JOIN T_join_p_a65  p65 ON  p1.id=p65.id
   > JOIN T_join_p_a66  p66 ON  p1.id=p66.id
   > JOIN T_join_p_a67  p67 ON  p1.id=p67.id
   > JOIN T_join_p_a68  p68 ON  p1.id=p68.id
   > JOIN T_join_p_a69  p69 ON  p1.id=p69.id
   > JOIN T_join_p_a70  p70 ON  p1.id=p70.id
   > JOIN T_join_p_a71  p71 ON  p1.id=p71.id
   > JOIN T_join_p_a72  p72 ON  p1.id=p72.id
   > JOIN T_join_p_a73  p73 ON  p1.id=p73.id
   > JOIN T_join_p_a74  p74 ON  p1.id=p74.id
   > JOIN T_join_p_a75  p75 ON  p1.id=p75.id
   > JOIN T_join_p_a76  p76 ON  p1.id=p76.id
   > JOIN T_join_p_a77  p77 ON  p1.id=p77.id
   > JOIN T_join_p_a78  p78 ON  p1.id=p78.id
   > JOIN T_join_p_a79  p79 ON  p1.id=p79.id
   > JOIN T_join_p_a80  p80 ON  p1.id=p80.id
   > JOIN T_join_p_a81  p81 ON  p1.id=p81.id
   > JOIN T_join_p_a82  p82 ON  p1.id=p82.id
   > JOIN T_join_p_a83  p83 ON  p1.id=p83.id
   > JOIN T_join_p_a84  p84 ON  p1.id=p84.id
   > JOIN T_join_p_a85  p85 ON  p1.id=p85.id
   > JOIN T_join_p_a86  p86 ON  p1.id=p86.id
   > JOIN T_join_p_a87  p87 ON  p1.id=p87.id
   > JOIN T_join_p_a88  p88 ON  p1.id=p88.id
   > JOIN T_join_p_a89  p89 ON  p1.id=p89.id
   > JOIN T_join_p_a90  p90 ON  p1.id=p90.id
   > JOIN T_join_p_a91  p91 ON  p1.id=p91.id
   > JOIN T_join_p_a92  p92 ON  p1.id=p92.id
   > JOIN T_join_p_a93  p93 ON  p1.id=p93.id
   > JOIN T_join_p_a94  p94 ON  p1.id=p94.id
   > JOIN T_join_p_a95  p95 ON  p1.id=p95.id
   > JOIN T_join_p_a96  p96 ON  p1.id=p96.id
   > JOIN T_join_p_a97  p97 ON  p1.id=p97.id
   > JOIN T_join_p_a98  p98 ON  p1.id=p98.id
   > JOIN T_join_p_a99  p99 ON  p1.id=p99.id
   > JOIN T_join_p_a100  p100 ON  p1.id=p100.id
   > JOIN T_join_p_a101  p101 ON  p1.id=p101.id
   > JOIN T_join_p_a102  p102 ON  p1.id=p102.id
   > JOIN T_join_p_a103  p103 ON  p1.id=p103.id
   > JOIN T_join_p_a104  p104 ON  p1.id=p104.id
   > JOIN T_join_p_a105  p105 ON  p1.id=p105.id
   > JOIN T_join_p_a106  p106 ON  p1.id=p106.id
   > JOIN T_join_p_a107  p107 ON  p1.id=p107.id
   > JOIN T_join_p_a108  p108 ON  p1.id=p108.id
   > JOIN T_join_p_a109  p109 ON  p1.id=p109.id
   > JOIN T_join_p_a110  p110 ON  p1.id=p110.id
   > JOIN T_join_p_a111  p111 ON  p1.id=p111.id
   > JOIN T_join_p_a112  p112 ON  p1.id=p112.id
   > JOIN T_join_p_a113  p113 ON  p1.id=p113.id
   > JOIN T_join_p_a114  p114 ON  p1.id=p114.id
   > JOIN T_join_p_a115  p115 ON  p1.id=p115.id
   > JOIN T_join_p_a116  p116 ON  p1.id=p116.id
   > JOIN T_join_p_a117  p117 ON  p1.id=p117.id
   > JOIN T_join_p_a118  p118 ON  p1.id=p118.id
   > JOIN T_join_p_a119  p119 ON  p1.id=p119.id
   > JOIN T_join_p_a120  p120 ON  p1.id=p120.id
   > JOIN T_join_p_a121  p121 ON  p1.id=p121.id
   > JOIN T_join_p_a122  p122 ON  p1.id=p122.id
   > JOIN T_join_p_a123  p123 ON  p1.id=p123.id
   > JOIN T_join_p_a124  p124 ON  p1.id=p124.id
   > JOIN T_join_p_a125  p125 ON  p1.id=p125.id
   > JOIN T_join_p_a126  p126 ON  p1.id=p126.id
   > JOIN T_join_p_a127  p127 ON  p1.id=p127.id
   > JOIN T_join_p_a128  p128 ON  p1.id=p128.id;
+----+-----------+---------+------------+----+-------------+
| ID | NAME      | CLASSID | NAME       | ID | NAME        |
+----+-----------+---------+------------+----+-------------+
| 1  | zhangsan2 | 5       | zhangsan56 | 1  | zhangsan119 |
+----+-----------+---------+------------+----+-------------+
1 row selected.
SQL> 
SQL> 
SQL> -- 执行16张pallas表和16张hdfs表join
SQL> SELECT  p1.id,h2.name,p5.classid,p12.name,h10.id,h16.name  FROM  T_join_p_a1  p1
   > JOIN T_join_p_a2  p2 ON  p1.id=p2.id
   > JOIN T_join_p_a3  p3 ON  p1.id=p3.id
   > JOIN T_join_p_a4  p4 ON  p1.id=p4.id
   > JOIN T_join_p_a5  p5 ON  p1.id=p5.id
   > JOIN T_join_p_a6  p6 ON  p1.id=p6.id
   > JOIN T_join_p_a7  p7 ON  p1.id=p7.id
   > JOIN T_join_p_a8  p8 ON  p1.id=p8.id
   > JOIN T_join_p_a9  p9 ON  p1.id=p9.id
   > JOIN T_join_p_a10  p10 ON  p1.id=p10.id
   > JOIN T_join_p_a11  p11 ON  p1.id=p11.id
   > JOIN T_join_p_a12  p12 ON  p1.id=p12.id
   > JOIN T_join_p_a13  p13 ON  p1.id=p13.id
   > JOIN T_join_p_a14  p14 ON  p1.id=p14.id
   > JOIN T_join_p_a15  p15 ON  p1.id=p15.id
   > JOIN T_join_p_a16  p16 ON  p1.id=p16.id
   > JOIN T_join_h_a1  h1 ON p1.id=h1.id
   > JOIN T_join_h_a2  h2 ON p1.id=h2.id
   > JOIN T_join_h_a3  h3 ON p1.id=h3.id
   > JOIN T_join_h_a4  h4 ON p1.id=h4.id
   > JOIN T_join_h_a5  h5 ON p1.id=h5.id
   > JOIN T_join_h_a6  h6 ON p1.id=h6.id
   > JOIN T_join_h_a7  h7 ON p1.id=h7.id
   > JOIN T_join_h_a8  h8 ON p1.id=h8.id
   > JOIN T_join_h_a9  h9 ON p1.id=h9.id
   > JOIN T_join_h_a10 h10 ON p1.id=h10.id
   > JOIN T_join_h_a11 h11 ON p1.id=h11.id
   > JOIN T_join_h_a12 h12 ON p1.id=h12.id
   > JOIN T_join_h_a13 h13 ON p1.id=h13.id
   > JOIN T_join_h_a14 h14 ON p1.id=h14.id
   > JOIN T_join_h_a15 h15 ON p1.id=h15.id
   > JOIN T_join_h_a16 h16 ON p1.id=h16.id;
+----+-----------+---------+------------+----+------------+
| ID | NAME      | CLASSID | NAME       | ID | NAME       |
+----+-----------+---------+------------+----+------------+
| 1  | zhangsan2 | 5       | zhangsan12 | 1  | zhangsan16 |
+----+-----------+---------+------------+----+------------+
1 row selected.
SQL> 
SQL> 
SQL> 
SQL> 
SQL> -- 执行32张pallas表和32张hdfs表join
SQL> SELECT  p1.id,p2.name,p5.classid,p32.name,h24.id,h32.name  FROM  T_join_p_a1  p1
   > JOIN T_join_p_a2  p2 ON  p1.id=p2.id
   > JOIN T_join_p_a3  p3 ON  p1.id=p3.id
   > JOIN T_join_p_a4  p4 ON  p1.id=p4.id
   > JOIN T_join_p_a5  p5 ON  p1.id=p5.id
   > JOIN T_join_p_a6  p6 ON  p1.id=p6.id
   > JOIN T_join_p_a7  p7 ON  p1.id=p7.id
   > JOIN T_join_p_a8  p8 ON  p1.id=p8.id
   > JOIN T_join_p_a9  p9 ON  p1.id=p9.id
   > JOIN T_join_p_a10  p10 ON  p1.id=p10.id
   > JOIN T_join_p_a11  p11 ON  p1.id=p11.id
   > JOIN T_join_p_a12  p12 ON  p1.id=p12.id
   > JOIN T_join_p_a13  p13 ON  p1.id=p13.id
   > JOIN T_join_p_a14  p14 ON  p1.id=p14.id
   > JOIN T_join_p_a15  p15 ON  p1.id=p15.id
   > JOIN T_join_p_a16  p16 ON  p1.id=p16.id
   > JOIN T_join_p_a17  p17 ON  p1.id=p17.id
   > JOIN T_join_p_a18  p18 ON  p1.id=p18.id
   > JOIN T_join_p_a19  p19 ON  p1.id=p19.id
   > JOIN T_join_p_a20  p20 ON  p1.id=p20.id
   > JOIN T_join_p_a21  p21 ON  p1.id=p21.id
   > JOIN T_join_p_a22  p22 ON  p1.id=p22.id
   > JOIN T_join_p_a23  p23 ON  p1.id=p23.id
   > JOIN T_join_p_a24  p24 ON  p1.id=p24.id
   > JOIN T_join_p_a25  p25 ON  p1.id=p25.id
   > JOIN T_join_p_a26  p26 ON  p1.id=p26.id
   > JOIN T_join_p_a27  p27 ON  p1.id=p27.id
   > JOIN T_join_p_a28  p28 ON  p1.id=p28.id
   > JOIN T_join_p_a29  p29 ON  p1.id=p29.id
   > JOIN T_join_p_a30  p30 ON  p1.id=p30.id
   > JOIN T_join_p_a31  p31 ON  p1.id=p31.id
   > JOIN T_join_p_a32  p32 ON  p1.id=p32.id
   > JOIN T_join_h_a1  h1 ON p1.id=h1.id
   > JOIN T_join_h_a2  h2 ON p1.id=h2.id
   > JOIN T_join_h_a3  h3 ON p1.id=h3.id
   > JOIN T_join_h_a4  h4 ON p1.id=h4.id
   > JOIN T_join_h_a5  h5 ON p1.id=h5.id
   > JOIN T_join_h_a6  h6 ON p1.id=h6.id
   > JOIN T_join_h_a7  h7 ON p1.id=h7.id
   > JOIN T_join_h_a8  h8 ON p1.id=h8.id
   > JOIN T_join_h_a9  h9 ON p1.id=h9.id
   > JOIN T_join_h_a10 h10 ON p1.id=h10.id
   > JOIN T_join_h_a11 h11 ON p1.id=h11.id
   > JOIN T_join_h_a12 h12 ON p1.id=h12.id
   > JOIN T_join_h_a13 h13 ON p1.id=h13.id
   > JOIN T_join_h_a14 h14 ON p1.id=h14.id
   > JOIN T_join_h_a15 h15 ON p1.id=h15.id
   > JOIN T_join_h_a16 h16 ON p1.id=h16.id
   > JOIN T_join_h_a17 h17 ON p1.id=h17.id
   > JOIN T_join_h_a18 h18 ON p1.id=h18.id
   > JOIN T_join_h_a19 h19 ON p1.id=h19.id
   > JOIN T_join_h_a20 h20 ON p1.id=h20.id
   > JOIN T_join_h_a21 h21 ON p1.id=h21.id
   > JOIN T_join_h_a22 h22 ON p1.id=h22.id
   > JOIN T_join_h_a23 h23 ON p1.id=h23.id
   > JOIN T_join_h_a24 h24 ON p1.id=h24.id
   > JOIN T_join_h_a25 h25 ON p1.id=h25.id
   > JOIN T_join_h_a26 h26 ON p1.id=h26.id
   > JOIN T_join_h_a27 h27 ON p1.id=h27.id
   > JOIN T_join_h_a28 h28 ON p1.id=h28.id
   > JOIN T_join_h_a29 h29 ON p1.id=h29.id
   > JOIN T_join_h_a30 h30 ON p1.id=h30.id
   > JOIN T_join_h_a31 h31 ON p1.id=h31.id
   > JOIN T_join_h_a32 h32 ON p1.id=h32.id;
+----+-----------+---------+------------+----+------------+
| ID | NAME      | CLASSID | NAME       | ID | NAME       |
+----+-----------+---------+------------+----+------------+
| 1  | zhangsan2 | 5       | zhangsan32 | 1  | zhangsan32 |
+----+-----------+---------+------------+----+------------+
1 row selected.
SQL> 
SQL> -- 执行64张pallas表和64张hdfs表join
SQL> SELECT  p1.id,p2.name,p5.classid,p56.name,h10.id,h39.name  FROM  T_join_p_a1  p1
   > JOIN T_join_p_a2  p2 ON  p1.id=p2.id
   > JOIN T_join_p_a3  p3 ON  p1.id=p3.id
   > JOIN T_join_p_a4  p4 ON  p1.id=p4.id
   > JOIN T_join_p_a5  p5 ON  p1.id=p5.id
   > JOIN T_join_p_a6  p6 ON  p1.id=p6.id
   > JOIN T_join_p_a7  p7 ON  p1.id=p7.id
   > JOIN T_join_p_a8  p8 ON  p1.id=p8.id
   > JOIN T_join_p_a9  p9 ON  p1.id=p9.id
   > JOIN T_join_p_a10  p10 ON  p1.id=p10.id
   > JOIN T_join_p_a11  p11 ON  p1.id=p11.id
   > JOIN T_join_p_a12  p12 ON  p1.id=p12.id
   > JOIN T_join_p_a13  p13 ON  p1.id=p13.id
   > JOIN T_join_p_a14  p14 ON  p1.id=p14.id
   > JOIN T_join_p_a15  p15 ON  p1.id=p15.id
   > JOIN T_join_p_a16  p16 ON  p1.id=p16.id
   > JOIN T_join_p_a17  p17 ON  p1.id=p17.id
   > JOIN T_join_p_a18  p18 ON  p1.id=p18.id
   > JOIN T_join_p_a19  p19 ON  p1.id=p19.id
   > JOIN T_join_p_a20  p20 ON  p1.id=p20.id
   > JOIN T_join_p_a21  p21 ON  p1.id=p21.id
   > JOIN T_join_p_a22  p22 ON  p1.id=p22.id
   > JOIN T_join_p_a23  p23 ON  p1.id=p23.id
   > JOIN T_join_p_a24  p24 ON  p1.id=p24.id
   > JOIN T_join_p_a25  p25 ON  p1.id=p25.id
   > JOIN T_join_p_a26  p26 ON  p1.id=p26.id
   > JOIN T_join_p_a27  p27 ON  p1.id=p27.id
   > JOIN T_join_p_a28  p28 ON  p1.id=p28.id
   > JOIN T_join_p_a29  p29 ON  p1.id=p29.id
   > JOIN T_join_p_a30  p30 ON  p1.id=p30.id
   > JOIN T_join_p_a31  p31 ON  p1.id=p31.id
   > JOIN T_join_p_a32  p32 ON  p1.id=p32.id
   > JOIN T_join_p_a33  p33 ON  p1.id=p33.id
   > JOIN T_join_p_a34  p34 ON  p1.id=p34.id
   > JOIN T_join_p_a35  p35 ON  p1.id=p35.id
   > JOIN T_join_p_a36  p36 ON  p1.id=p36.id
   > JOIN T_join_p_a37  p37 ON  p1.id=p37.id
   > JOIN T_join_p_a38  p38 ON  p1.id=p38.id
   > JOIN T_join_p_a39  p39 ON  p1.id=p39.id
   > JOIN T_join_p_a40  p40 ON  p1.id=p40.id
   > JOIN T_join_p_a41  p41 ON  p1.id=p41.id
   > JOIN T_join_p_a42  p42 ON  p1.id=p42.id
   > JOIN T_join_p_a43  p43 ON  p1.id=p43.id
   > JOIN T_join_p_a44  p44 ON  p1.id=p44.id
   > JOIN T_join_p_a45  p45 ON  p1.id=p45.id
   > JOIN T_join_p_a46  p46 ON  p1.id=p46.id
   > JOIN T_join_p_a47  p47 ON  p1.id=p47.id
   > JOIN T_join_p_a48  p48 ON  p1.id=p48.id
   > JOIN T_join_p_a49  p49 ON  p1.id=p49.id
   > JOIN T_join_p_a50  p50 ON  p1.id=p50.id
   > JOIN T_join_p_a51  p51 ON  p1.id=p51.id
   > JOIN T_join_p_a52  p52 ON  p1.id=p52.id
   > JOIN T_join_p_a53  p53 ON  p1.id=p53.id
   > JOIN T_join_p_a54  p54 ON  p1.id=p54.id
   > JOIN T_join_p_a55  p55 ON  p1.id=p55.id
   > JOIN T_join_p_a56  p56 ON  p1.id=p56.id
   > JOIN T_join_p_a57  p57 ON  p1.id=p57.id
   > JOIN T_join_p_a58  p58 ON  p1.id=p58.id
   > JOIN T_join_p_a59  p59 ON  p1.id=p59.id
   > JOIN T_join_p_a60  p60 ON  p1.id=p60.id
   > JOIN T_join_p_a61  p61 ON  p1.id=p61.id
   > JOIN T_join_p_a62  p62 ON  p1.id=p62.id
   > JOIN T_join_p_a63  p63 ON  p1.id=p63.id
   > JOIN T_join_p_a64  p64 ON  p1.id=p64.id
   > JOIN T_join_p_a65  p65 ON  p1.id=p65.id
   > JOIN T_join_p_a66  p66 ON  p1.id=p66.id
   > JOIN T_join_p_a67  p67 ON  p1.id=p67.id
   > JOIN T_join_p_a68  p68 ON  p1.id=p68.id
   > JOIN T_join_p_a69  p69 ON  p1.id=p69.id
   > JOIN T_join_p_a60  p60 ON  p1.id=p60.id
   > JOIN T_join_p_a61  p61 ON  p1.id=p61.id
   > JOIN T_join_p_a62  p62 ON  p1.id=p62.id
   > JOIN T_join_p_a63  p63 ON  p1.id=p63.id
   > JOIN T_join_p_a64  p64 ON  p1.id=p64.id
   > JOIN T_join_h_a1  h1 ON p1.id=h1.id
   > JOIN T_join_h_a2  h2 ON p1.id=h2.id
   > JOIN T_join_h_a3  h3 ON p1.id=h3.id
   > JOIN T_join_h_a4  h4 ON p1.id=h4.id
   > JOIN T_join_h_a5  h5 ON p1.id=h5.id
   > JOIN T_join_h_a6  h6 ON p1.id=h6.id
   > JOIN T_join_h_a7  h7 ON p1.id=h7.id
   > JOIN T_join_h_a8  h8 ON p1.id=h8.id
   > JOIN T_join_h_a9  h9 ON p1.id=h9.id
   > JOIN T_join_h_a10 h10 ON p1.id=h10.id
   > JOIN T_join_h_a11 h11 ON p1.id=h11.id
   > JOIN T_join_h_a12 h12 ON p1.id=h12.id
   > JOIN T_join_h_a13 h13 ON p1.id=h13.id
   > JOIN T_join_h_a14 h14 ON p1.id=h14.id
   > JOIN T_join_h_a15 h15 ON p1.id=h15.id
   > JOIN T_join_h_a16 h16 ON p1.id=h16.id
   > JOIN T_join_h_a17 h17 ON p1.id=h17.id
   > JOIN T_join_h_a18 h18 ON p1.id=h18.id
   > JOIN T_join_h_a19 h19 ON p1.id=h19.id
   > JOIN T_join_h_a20 h20 ON p1.id=h20.id
   > JOIN T_join_h_a21 h21 ON p1.id=h21.id
   > JOIN T_join_h_a22 h22 ON p1.id=h22.id
   > JOIN T_join_h_a23 h23 ON p1.id=h23.id
   > JOIN T_join_h_a24 h24 ON p1.id=h24.id
   > JOIN T_join_h_a25 h25 ON p1.id=h25.id
   > JOIN T_join_h_a26 h26 ON p1.id=h26.id
   > JOIN T_join_h_a27 h27 ON p1.id=h27.id
   > JOIN T_join_h_a28 h28 ON p1.id=h28.id
   > JOIN T_join_h_a29 h29 ON p1.id=h29.id
   > JOIN T_join_h_a30 h30 ON p1.id=h30.id
   > JOIN T_join_h_a31 h31 ON p1.id=h31.id
   > JOIN T_join_h_a32 h32 ON p1.id=h32.id
   > JOIN T_join_h_a33 h33 ON p1.id=h33.id
   > JOIN T_join_h_a34 h34 ON p1.id=h34.id
   > JOIN T_join_h_a35 h35 ON p1.id=h35.id
   > JOIN T_join_h_a36 h36 ON p1.id=h36.id
   > JOIN T_join_h_a37 h37 ON p1.id=h37.id
   > JOIN T_join_h_a38 h38 ON p1.id=h38.id
   > JOIN T_join_h_a39 h39 ON p1.id=h39.id
   > JOIN T_join_h_a40 h40 ON p1.id=h40.id
   > JOIN T_join_h_a41 h41 ON p1.id=h41.id
   > JOIN T_join_h_a42 h42 ON p1.id=h42.id
   > JOIN T_join_h_a43 h43 ON p1.id=h43.id
   > JOIN T_join_h_a44 h44 ON p1.id=h44.id
   > JOIN T_join_h_a45 h45 ON p1.id=h45.id
   > JOIN T_join_h_a46 h46 ON p1.id=h46.id
   > JOIN T_join_h_a47 h47 ON p1.id=h47.id
   > JOIN T_join_h_a48 h48 ON p1.id=h48.id
   > JOIN T_join_h_a49 h49 ON p1.id=h49.id
   > JOIN T_join_h_a50 h50 ON p1.id=h50.id
   > JOIN T_join_h_a51 h51 ON p1.id=h51.id
   > JOIN T_join_h_a52 h52 ON p1.id=h52.id
   > JOIN T_join_h_a53 h53 ON p1.id=h53.id
   > JOIN T_join_h_a54 h54 ON p1.id=h54.id
   > JOIN T_join_h_a55 h55 ON p1.id=h55.id
   > JOIN T_join_h_a56 h56 ON p1.id=h56.id
   > JOIN T_join_h_a57 h57 ON p1.id=h57.id
   > JOIN T_join_h_a58 h58 ON p1.id=h58.id
   > JOIN T_join_h_a59 h59 ON p1.id=h59.id
   > JOIN T_join_h_a60 h60 ON p1.id=h60.id
   > JOIN T_join_h_a61 h61 ON p1.id=h61.id
   > JOIN T_join_h_a62 h62 ON p1.id=h62.id
   > JOIN T_join_h_a63 h63 ON p1.id=h63.id
   > JOIN T_join_h_a64 h64 ON p1.id=h64.id;
+----+-----------+---------+------------+----+------------+
| ID | NAME      | CLASSID | NAME       | ID | NAME       |
+----+-----------+---------+------------+----+------------+
| 1  | zhangsan2 | 5       | zhangsan56 | 1  | zhangsan39 |
+----+-----------+---------+------------+----+------------+
1 row selected.
SQL> exit
Disconnected.
