SQLCli Release 0.0.74
SQL> connect admin/123456
Database connected.
SQL> start external_table_basic_type_hdfs_csv_varchar.sql
SQL> --    Description: varchar边界值测试,varchar的范围64000
   > --    Date:         2020-06-23
   > --    Author:       丁婷
   > --    hdfs external csv格式
SQL> set echo on 
SQL> 
SQL> -- 删除t_external_hdfs_csv_varchar_001表
SQL> drop table if exists t_external_hdfs_csv_varchar_001;
0 rows affected
SQL> 
SQL> -- 创建表t_external_hdfs_csv_varchar_001，测试创建长度大于64000，实际创建成功
SQL> create external table t_external_hdfs_csv_varchar_001(
   > a1 varchar(64001)
   > )location('hdfs://node73:8020/user/testdb73/external_file/csv_type/varchar_001.csv')
   > format 'csv' (delimiter ',');
0 rows affected
SQL> 
SQL> 
SQL> -- 删除t_external_hdfs_csv_varchar_002表
SQL> drop table if exists t_external_hdfs_csv_varchar_002;
0 rows affected
SQL> 
SQL> -- 创建表t_external_hdfs_csv_varchar_002，测试长度为64000，数据大小为100000，使用成功
SQL> create external table t_external_hdfs_csv_varchar_002(
   > a1 varchar(64000) 
   > )location('hdfs://node73:8020/user/testdb73/external_file/csv_type/varchar_001.csv')
   > format 'csv' (delimiter ',');
0 rows affected
SQL>   
SQL> --查询t_external_hdfs_csv_varchar_002的数据
SQL> select length(a1) from t_external_hdfs_csv_varchar_002;
+--------+
| C1     |
+--------+
| 100000 |
+--------+
1 row selected.
SQL> 
SQL> 
SQL> -- 删除t_external_hdfs_csv_varchar_003表
SQL> drop table if exists t_external_hdfs_csv_varchar_003;
0 rows affected
SQL> 
SQL> -- 创建表t_external_hdfs_csv_varchar_003，测试值带双引号,"asdf"
SQL> create external table t_external_hdfs_csv_varchar_003(
   > a1 varchar(30)  
   > )location('hdfs://node73:8020/user/testdb73/external_file/csv_type/varchar_003.csv')
   > format 'csv' (delimiter ',');
0 rows affected
SQL>   
SQL> --查询t_external_hdfs_csv_varchar_003的数据,实际结果返回asdf
SQL> select * from t_external_hdfs_csv_varchar_003;
+------+
| A1   |
+------+
| asdf |
+------+
1 row selected.
SQL> 
SQL> 
SQL> -- 删除t_external_hdfs_csv_varchar_004表
SQL> drop table if exists t_external_hdfs_csv_varchar_004;
0 rows affected
SQL> 
SQL> -- 创建表t_external_hdfs_csv_varchar_004，测试值为单引号，值为'asdf'
SQL> create external table t_external_hdfs_csv_varchar_004(
   > a1 varchar(30)   
   > )location('hdfs://node73:8020/user/testdb73/external_file/csv_type/varchar_004.csv')
   > format 'csv' (delimiter ',');
0 rows affected
SQL>   
SQL> --查询t_external_hdfs_csv_varchar_004的数据,返回结果为'asdf'
SQL> select * from t_external_hdfs_csv_varchar_004;
+--------+
| A1     |
+--------+
| 'asdf' |
+--------+
1 row selected.
SQL> 
SQL> 
SQL> -- 删除t_external_hdfs_csv_varchar_005表
SQL> drop table if exists t_external_hdfs_csv_varchar_005;
0 rows affected
SQL> 
SQL> -- 创建表t_external_hdfs_csv_varchar_005，测试值不带引号，为asdf
SQL> create external table t_external_hdfs_csv_varchar_005(
   > a1 varchar(30)  
   > )location('hdfs://node73:8020/user/testdb73/external_file/csv_type/varchar_005.csv')
   > format 'csv' (delimiter ',');
0 rows affected
SQL>   
SQL> --查询t_external_hdfs_csv_varchar_005的数据,实际返回结果为asdf
SQL> select * from t_external_hdfs_csv_varchar_005;
+------+
| A1   |
+------+
| asdf |
+------+
1 row selected.
SQL> 
SQL> 
SQL> 
SQL> -- 删除t_external_hdfs_csv_varchar_007表
SQL> drop table if exists t_external_hdfs_csv_varchar_007;
0 rows affected
SQL> 
SQL> -- 创建表t_external_hdfs_csv_varchar_007，测试varvarchar中文字符，值为'你好'
SQL> create external table t_external_hdfs_csv_varchar_007(
   > a1 varchar(30)  
   > )location('hdfs://node73:8020/user/testdb73/external_file/csv_type/varchar_zhongwen.csv')
   > format 'csv' (delimiter ',');
0 rows affected
SQL>   
SQL> --查询t_external_hdfs_csv_varchar_007的数据,实际返回你好
SQL> select * from t_external_hdfs_csv_varchar_007;
+------+
| A1   |
+------+
| 你好 |
+------+
1 row selected.
SQL> 
SQL> 
SQL> -- 删除t_external_hdfs_csv_varchar_008表
SQL> drop table if exists t_external_hdfs_csv_varchar_008;
0 rows affected
SQL> 
SQL> -- 创建表t_external_hdfs_csv_varchar_008，测试varvarchar中英文字符，值为'你好asdf'
SQL> create external table t_external_hdfs_csv_varchar_008(
   > a1 varchar(30)  
   > )location('hdfs://node73:8020/user/testdb73/external_file/csv_type/varchar_zhongyinghunhe.csv')
   > format 'csv' (delimiter ',');
0 rows affected
SQL>   
SQL> --查询t_external_hdfs_csv_varchar_008的数据，返回值为你好asdf
SQL> select * from t_external_hdfs_csv_varchar_008;
+----------+
| A1       |
+----------+
| 你好asdf |
+----------+
1 row selected.
SQL> 
SQL> 
SQL> -- 删除t_external_hdfs_csv_varchar_009表
SQL> drop table if exists t_external_hdfs_csv_varchar_009;
0 rows affected
SQL> 
SQL> -- 创建表t_external_hdfs_csv_varchar_009，测试varvarchar英文特殊字符，值为'#$%^'
SQL> create external table t_external_hdfs_csv_varchar_009(
   > a1 varchar(30)  
   > )location('hdfs://node73:8020/user/testdb73/external_file/csv_type/varchar_yingwenzifu.csv')
   > format 'csv' (delimiter ',');
0 rows affected
SQL>   
SQL> --查询t_external_hdfs_csv_varchar_009的数据，实际返回为#$%^
SQL> select * from t_external_hdfs_csv_varchar_009;
+------+
| A1   |
+------+
| #$%^ |
+------+
1 row selected.
SQL> 
SQL> 
SQL> -- 删除t_external_hdfs_csv_varchar_010表
SQL> drop table if exists t_external_hdfs_csv_varchar_010;
0 rows affected
SQL> 
SQL> -- 创建表t_external_hdfs_csv_varchar_010，测试varvarchar中文特殊字符，值为'@#￥%……'
SQL> create external table t_external_hdfs_csv_varchar_010(
   > a1 varchar(30)  
   > )location('hdfs://node73:8020/user/testdb73/external_file/csv_type/varchar_zhongwenzifu.csv')
   > format 'csv' (delimiter ',');
0 rows affected
SQL>   
SQL> --查询t_external_hdfs_csv_varchar_010的数据，实际返回为@#￥%……
SQL> select * from t_external_hdfs_csv_varchar_010;
+---------+
| A1      |
+---------+
| @#￥%…… |
+---------+
1 row selected.
SQL> 
SQL> -- 删除t_external_hdfs_csv_varchar_011表
SQL> drop table if exists t_external_hdfs_csv_varchar_011;
0 rows affected
SQL> 
SQL> -- 创建表t_external_hdfs_csv_varchar_011，测试varchar为数字，值为'123456789'
SQL> create external table t_external_hdfs_csv_varchar_011(
   > a1 varchar(30)  
   > )location('hdfs://node73:8020/user/testdb73/external_file/csv_type/varchar_007.csv')
   > format 'csv' (delimiter ',');
0 rows affected
SQL>   
SQL> --查询t_external_hdfs_csv_varchar_011的数据，实际返回为'123456789'
SQL> select * from t_external_hdfs_csv_varchar_011;
+-------------+
| A1          |
+-------------+
| '123456789' |
+-------------+
1 row selected.
SQL> 
SQL> -- 创建表t_external_hdfs_csv_varchar_012，测试date类型，时间为2020-05-08
SQL> create external table t_external_hdfs_csv_varchar_012(
   > a1 varchar(30)  
   > )location('hdfs://node73:8020/user/testdb73/external_file/csv_type/type_date.csv')
   > format 'csv' (delimiter ',');
java.sql.SQLSyntaxErrorException: object name already exists: T_EXTERNAL_HDFS_CSV_VARCHAR_012 in statement [create external table t_external_hdfs_csv_varchar_012(
a1 varchar(30)  
)location('hdfs://node73:8020/user/testdb73/external_file/csv_type/type_date.csv')
format 'csv' (delimiter ',')]
SQL>   
SQL> --查询t_external_hdfs_csv_varchar_012的数据，实际返回为2020-05-08
SQL> select * from t_external_hdfs_csv_varchar_012;
+------------+
| A1         |
+------------+
| 2020-05-08 |
+------------+
1 row selected.
SQL> 
SQL> 
SQL> -- 删除t_external_hdfs_csv_varchar_013表
SQL> drop table if exists t_external_hdfs_csv_varchar_013;
0 rows affected
SQL> 
SQL> -- 创建表t_external_hdfs_csv_varchar_013，测试timestamp类型,时间为2020-01-01 00:00:01
SQL> create external table t_external_hdfs_csv_varchar_013(
   > a1 varchar(30)  
   > )location('hdfs://node73:8020/user/testdb73/external_file/csv_type/type_timestamp.csv')
   > format 'csv' (delimiter ',');
0 rows affected
SQL>   
SQL> --查询t_external_hdfs_csv_varchar_013的数据，实际返回 为2020-05-08 12:19:01
SQL> select * from t_external_hdfs_csv_varchar_013;
+---------------------+
| A1                  |
+---------------------+
| 2020-05-08 12:19:01 |
+---------------------+
1 row selected.
SQL> 
SQL> 
SQL> -- 删除t_external_hdfs_csv_varchar_015表
SQL> drop table if exists t_external_hdfs_csv_varchar_015;
0 rows affected
SQL> 
SQL> -- 创建表t_external_hdfs_csv_varchar_015，测试空值
SQL> create external table t_external_hdfs_csv_varchar_015(
   > a1 varchar(30)  
   > )location('hdfs://node73:8020/user/testdb73/external_file/csv_type/type_kongzhi.csv')
   > format 'csv' (delimiter ',');
0 rows affected
SQL>   
SQL> --查询t_external_hdfs_csv_varchar_015的数据，实际返回为''
SQL> select * from t_external_hdfs_csv_varchar_015;
+----+
| A1 |
+----+
| '' |
+----+
1 row selected.
SQL>  
SQL>  
SQL> -- 删除t_external_hdfs_csv_varchar_016表
SQL> drop table if exists t_external_hdfs_csv_varchar_016;
0 rows affected
SQL> 
SQL> -- 创建表t_external_hdfs_csv_varchar_016，测试空格 
SQL> create external table t_external_hdfs_csv_varchar_016(
   > a1 varchar(30)  
   > )location('hdfs://node73:8020/user/testdb73/external_file/csv_type/type_kongge.csv')
   > format 'csv' (delimiter ',');
0 rows affected
SQL>   
SQL> --查询t_external_hdfs_csv_varchar_016的数据,实际返回为' '
SQL> select * from t_external_hdfs_csv_varchar_016;
+-----+
| A1  |
+-----+
| ' ' |
+-----+
1 row selected.
SQL> 
SQL> 
SQL> -- 删除t_external_hdfs_csv_varchar_017表
SQL> drop table if exists t_external_hdfs_csv_varchar_017;
0 rows affected
SQL> 
SQL> -- 创建表t_external_hdfs_csv_varchar_017，测试null 
SQL> create external table t_external_hdfs_csv_varchar_017(
   > a1 varchar(30)  
   > )location('hdfs://node73:8020/user/testdb73/external_file/csv_type/type_null.csv')
   > format 'csv' (delimiter ',');
0 rows affected
SQL>   
SQL> --查询t_external_hdfs_csv_varchar_017的数据，实际返回为null
SQL> select * from t_external_hdfs_csv_varchar_017;
+------+
| A1   |
+------+
| null |
+------+
1 row selected.
SQL> 
SQL> 
SQL> -- 删除t_external_hdfs_csv_varchar_018表
SQL> drop table if exists t_external_hdfs_csv_varchar_018;
0 rows affected
SQL> 
SQL> -- 创建表t_external_hdfs_csv_varchar_018，测试NULL  
SQL> create external table t_external_hdfs_csv_varchar_018(
   > a1 varchar(30)  
   > )location('hdfs://node73:8020/user/testdb73/external_file/csv_type/type_NULL.csv')
   > format 'csv' (delimiter ',');
0 rows affected
SQL>   
SQL> --查询t_external_hdfs_csv_varchar_018的数据，实际返回为NULL
SQL> select * from t_external_hdfs_csv_varchar_018;
+------+
| A1   |
+------+
| NULL |
+------+
1 row selected.
SQL> 
SQL> 
SQL> -- 删除t_external_hdfs_csv_varchar_019表
SQL> drop table if exists t_external_hdfs_csv_varchar_019;
0 rows affected
SQL> 
SQL> -- 创建表t_external_hdfs_csv_varchar_019，测试int类型，值为1147483647
SQL> create external table t_external_hdfs_csv_varchar_019(
   > a1 varchar(30)  
   > )location('hdfs://node73:8020/user/testdb73/external_file/csv_type/varchar_008.csv')
   > format 'csv' (delimiter ',');
0 rows affected
SQL>   
SQL> --查询t_external_hdfs_csv_varchar_019的数据,实际返回为1147483647
SQL> select * from t_external_hdfs_csv_varchar_019;
+------------+
| A1         |
+------------+
| 1147483647 |
+------------+
1 row selected.
SQL> 
SQL> -- 删除t_external_hdfs_csv_varchar_020表
SQL> drop table if exists t_external_hdfs_csv_varchar_020;
0 rows affected
SQL> 
SQL> -- 创建表t_external_hdfs_csv_varchar_020，测试double类型，值为 1147483647.2
SQL> create external table t_external_hdfs_csv_varchar_020(
   > a1 varchar(30)  
   > )location('hdfs://node73:8020/user/testdb73/external_file/csv_type/varchar_009.csv')
   > format 'csv' (delimiter ',');
0 rows affected
SQL>   
SQL> --查询t_external_hdfs_csv_varchar_020的数据，实际返回为 1147483647.2
SQL> select * from t_external_hdfs_csv_varchar_020;
+--------------+
| A1           |
+--------------+
| 1147483647.2 |
+--------------+
1 row selected.
SQL> 
SQL> 
SQL> -- 删除t_external_hdfs_csv_varchar_021表
SQL> drop table if exists t_external_hdfs_csv_varchar_021;
0 rows affected
SQL> 
SQL> -- 创建表t_external_hdfs_csv_varchar_021，测试boolean类型，值为false
SQL> create external table t_external_hdfs_csv_varchar_021(
   > a1 varchar(30)  
   > )location('hdfs://node73:8020/user/testdb73/external_file/csv_type/boolean_false.csv')
   > format 'csv' (delimiter ',');
0 rows affected
SQL>   
SQL> --查询t_external_hdfs_csv_varchar_021的数据，实际返回为false
SQL> select * from t_external_hdfs_csv_varchar_021;
+-------+
| A1    |
+-------+
| false |
+-------+
1 row selected.
SQL> 
SQL> 
SQL> -- 删除t_external_hdfs_csv_varchar_022表
SQL> drop table if exists t_external_hdfs_csv_varchar_022;
0 rows affected
SQL> 
SQL> -- 创建表t_external_hdfs_csv_varchar_022，测试boolean类型，值为true
SQL> create external table t_external_hdfs_csv_varchar_022(
   > a1 varchar(30)  
   > )location('hdfs://node73:8020/user/testdb73/external_file/csv_type/boolean_true.csv')
   > format 'csv' (delimiter ',');
0 rows affected
SQL>   
SQL> --查询t_external_hdfs_csv_varchar_022的数据,实际返回为true
SQL> select * from t_external_hdfs_csv_varchar_022;
+------+
| A1   |
+------+
| true |
+------+
1 row selected.
SQL> 
SQL> -- 删除 t_external_hdfs_csv_varchar_023 表
SQL> drop table if exists t_external_hdfs_csv_varchar_023;
0 rows affected
SQL> 
SQL> -- 创建表 t_external_hdfs_csv_varchar_023，测试长度为10，字符长度为20
SQL> create external table t_external_hdfs_csv_varchar_023(
   > a1 varchar(10)
   > )location('hdfs://node73:8020/user/testdb73/external_file/csv_type/varchar_002.csv')
   > format 'csv' (delimiter ',');
0 rows affected
SQL>   
SQL> --查询 t_external_hdfs_csv_varchar_023 的数据,实际返回1234567890
SQL> select * from t_external_hdfs_csv_varchar_023;
+------------+
| A1         |
+------------+
| 1234567890 |
+------------+
1 row selected.
SQL> exit
Disconnected.
