SQLCli Release 0.0.55
SQL> connect admin/123456
Database connected.
SQL> start date/date.sql
SQL> --Description：date data type
   > --Date：2020-05-22
   > --Author：李爱敏
SQL> set echo on
SQL> set timing on
Running time elapsed:      0.00 Seconds
SQL> 
SQL> -- date数据类型验证
   > --删除表
SQL> drop table T_TYPE_DATE if exists;
0 rows affected
Running time elapsed:      0.12 Seconds
SQL> 
SQL> --创建T_TYPE_DATE表
SQL> create table T_TYPE_DATE(
   > a1 date
   > );
0 rows affected
Running time elapsed:      0.39 Seconds
SQL> 
SQL> --验证date的最小值0001-01-01
SQL> insert into T_TYPE_DATE values(to_date('0001-01-01','yyyy-mm-dd'));
1 row affected
Running time elapsed:      0.79 Seconds
SQL> --查询表T_TYPE_DATE
SQL> select * from T_TYPE_DATE;
+-------+
| A1    |
+-------+
| 1-1-1 |
+-------+
1 row selected.
Running time elapsed:      0.33 Seconds
SQL> 
SQL> --验证date的最小值-1，是否报错
SQL> insert into T_TYPE_DATE values(to_date('-0001-12-31','yyyy-mm-dd'));
1 row affected
Running time elapsed:      0.54 Seconds
SQL> --查询表T_TYPE_DATE
SQL> select * from T_TYPE_DATE;
+--------+
| A1     |
+--------+
| <null> |
| 1-1-1  |
+--------+
2 rows selected.
Running time elapsed:      1.15 Seconds
SQL> 
SQL> --验证date的最大值9999-12-31
SQL> insert into T_TYPE_DATE values(to_date('9999-12-31','yyyy-mm-dd'));
1 row affected
Running time elapsed:      0.62 Seconds
SQL> --查询表T_TYPE_DATE
SQL> select * from T_TYPE_DATE;
+------------+
| A1         |
+------------+
| 9999-12-31 |
| <null>     |
| 1-1-1      |
+------------+
3 rows selected.
Running time elapsed:      0.91 Seconds
SQL> 
SQL> --验证date的最大值+1，是否报错
SQL> insert into T_TYPE_DATE values(to_date('10000-01-01','yyyy-mm-dd'));
1 row affected
Running time elapsed:      0.99 Seconds
SQL> --查询表T_TYPE_DATE
SQL> select * from T_TYPE_DATE;
+------------+
| A1         |
+------------+
| 10000-1-1  |
| 9999-12-31 |
| <null>     |
| 1-1-1      |
+------------+
4 rows selected.
Running time elapsed:      1.51 Seconds
SQL> 
SQL> --验证闰年2月份最后一天日期
SQL> insert into T_TYPE_DATE values(to_date('2000-02-29','yyyy-mm-dd'));
1 row affected
Running time elapsed:      0.54 Seconds
SQL> --查询表T_TYPE_DATE
SQL> select * from T_TYPE_DATE;
+------------+
| A1         |
+------------+
| 2000-2-29  |
| 10000-1-1  |
| 9999-12-31 |
| <null>     |
| 1-1-1      |
+------------+
5 rows selected.
Running time elapsed:      1.79 Seconds
SQL> 
SQL> --验证平年2月份最后一天日期
SQL> insert into T_TYPE_DATE values(to_date('2001-02-28','yyyy-mm-dd'));
1 row affected
Running time elapsed:      0.54 Seconds
SQL> --查询表T_TYPE_DATE
SQL> select * from T_TYPE_DATE;
+------------+
| A1         |
+------------+
| 2001-2-28  |
| 2000-2-29  |
| 10000-1-1  |
| 9999-12-31 |
| <null>     |
| 1-1-1      |
+------------+
6 rows selected.
Running time elapsed:      1.79 Seconds
SQL> 
SQL> --大于28号时是否报错
SQL> insert into T_TYPE_DATE values(to_date('2001-02-29','yyyy-mm-dd'));
1 row affected
Running time elapsed:      0.60 Seconds
SQL> --查询表T_TYPE_DATE
SQL> select * from T_TYPE_DATE;
+------------+
| A1         |
+------------+
| <null>     |
| 2001-2-28  |
| 2000-2-29  |
| 10000-1-1  |
| 9999-12-31 |
| <null>     |
| 1-1-1      |
+------------+
7 rows selected.
Running time elapsed:      2.16 Seconds
SQL> 
SQL> --年，月，日超出范围
   > --验证月份超出范围
SQL> insert into T_TYPE_DATE values(to_date('1988-13-01','yyyy-mm-dd'));
1 row affected
Running time elapsed:      0.51 Seconds
SQL> --查询表T_TYPE_DATE
SQL> select * from T_TYPE_DATE;
+------------+
| A1         |
+------------+
| <null>     |
| <null>     |
| 2001-2-28  |
| 2000-2-29  |
| 10000-1-1  |
| 9999-12-31 |
| <null>     |
| 1-1-1      |
+------------+
8 rows selected.
Running time elapsed:      2.36 Seconds
SQL> 
SQL> --验证日期超出范围
SQL> insert into T_TYPE_DATE values(to_date('1988-12-35','yyyy-mm-dd'));
1 row affected
Running time elapsed:      0.58 Seconds
SQL> --查询表T_TYPE_DATE
SQL> select * from T_TYPE_DATE;
+------------+
| A1         |
+------------+
| <null>     |
| <null>     |
| <null>     |
| 2001-2-28  |
| 2000-2-29  |
| 10000-1-1  |
| 9999-12-31 |
| <null>     |
| 1-1-1      |
+------------+
9 rows selected.
Running time elapsed:      2.79 Seconds
SQL> 
SQL> --验证date的格式
   > --验证date格式：yyyy-mm-dd
SQL> insert into T_TYPE_DATE values(to_date('1994-02-08','yyyy-mm-dd'));
1 row affected
Running time elapsed:      0.51 Seconds
SQL> --查询表T_TYPE_DATE
SQL> select * from T_TYPE_DATE;
+------------+
| A1         |
+------------+
| 1994-2-8   |
| <null>     |
| <null>     |
| <null>     |
| 2001-2-28  |
| 2000-2-29  |
| 10000-1-1  |
| 9999-12-31 |
| <null>     |
| 1-1-1      |
+------------+
10 rows selected.
Running time elapsed:      3.52 Seconds
SQL> insert into T_TYPE_DATE values(to_date('1994-2-8','yyyy-mm-dd'));
1 row affected
Running time elapsed:      0.92 Seconds
SQL> --查询表T_TYPE_DATE
SQL> select * from T_TYPE_DATE;
+------------+
| A1         |
+------------+
| 1994-2-8   |
| 1994-2-8   |
| <null>     |
| <null>     |
| <null>     |
| 2001-2-28  |
| 2000-2-29  |
| 10000-1-1  |
| 9999-12-31 |
| <null>     |
| 1-1-1      |
+------------+
11 rows selected.
Running time elapsed:      3.61 Seconds
SQL> 
SQL> --验证date格式：yy-mm-dd
SQL> insert into T_TYPE_DATE values(to_timestamp('94-01-01','yy-mm-dd')); --年份用yy表示时，自动补齐为1994
1 row affected
Running time elapsed:      0.58 Seconds
SQL> --查询表T_TYPE_DATE
SQL> select * from T_TYPE_DATE;
+------------+
| A1         |
+------------+
| 1994-1-1   |
| 1994-2-8   |
| 1994-2-8   |
| <null>     |
| <null>     |
| <null>     |
| 2001-2-28  |
| 2000-2-29  |
| 10000-1-1  |
| 9999-12-31 |
| <null>     |
| 1-1-1      |
+------------+
12 rows selected.
Running time elapsed:      3.07 Seconds
SQL> 
SQL> --验证date格式：yyyymmdd
SQL> insert into T_TYPE_DATE values(to_date('19940208','yyyymmdd'));
1 row affected
Running time elapsed:      1.93 Seconds
SQL> --查询表T_TYPE_DATE
SQL> select * from T_TYPE_DATE;
+------------+
| A1         |
+------------+
| 1994-2-8   |
| 1994-1-1   |
| 1994-2-8   |
| 1994-2-8   |
| <null>     |
| <null>     |
| <null>     |
| 2001-2-28  |
| 2000-2-29  |
| 10000-1-1  |
| 9999-12-31 |
| <null>     |
| 1-1-1      |
+------------+
13 rows selected.
Running time elapsed:      3.37 Seconds
SQL> 
SQL> --验证date格式：yyyy/mm/dd
SQL> insert into T_TYPE_DATE values(to_date('1994/02/18','yyyy/mm/dd'));
1 row affected
Running time elapsed:      0.88 Seconds
SQL> --查询表T_TYPE_DATE
SQL> select * from T_TYPE_DATE;
+------------+
| A1         |
+------------+
| 1994-2-18  |
| 1994-2-8   |
| 1994-1-1   |
| 1994-2-8   |
| 1994-2-8   |
| <null>     |
| <null>     |
| <null>     |
| 2001-2-28  |
| 2000-2-29  |
| 10000-1-1  |
| 9999-12-31 |
| <null>     |
| 1-1-1      |
+------------+
14 rows selected.
Running time elapsed:      4.83 Seconds
SQL> 
SQL> --年，月，日缺失
   > --缺失年份
SQL> insert into T_TYPE_DATE values(to_timestamp('11-26','mm-dd')); --缺失年份时默认为1970
1 row affected
Running time elapsed:      0.67 Seconds
SQL> --查询表T_TYPE_DATE
SQL> select * from T_TYPE_DATE;
+------------+
| A1         |
+------------+
| 1970-11-26 |
| 1994-2-18  |
| 1994-2-8   |
| 1994-1-1   |
| 1994-2-8   |
| 1994-2-8   |
| <null>     |
| <null>     |
| <null>     |
| 2001-2-28  |
| 2000-2-29  |
| 10000-1-1  |
| 9999-12-31 |
| <null>     |
| 1-1-1      |
+------------+
15 rows selected.
Running time elapsed:      4.83 Seconds
SQL> 
SQL> --缺失月份
SQL> insert into T_TYPE_DATE values(to_timestamp('1994-18','yyyy-dd')); --缺失月份时默认是1月
1 row affected
Running time elapsed:      0.61 Seconds
SQL> --查询表T_TYPE_DATE
SQL> select * from T_TYPE_DATE;
+------------+
| A1         |
+------------+
| 1994-1-18  |
| 1970-11-26 |
| 1994-2-18  |
| 1994-2-8   |
| 1994-1-1   |
| 1994-2-8   |
| 1994-2-8   |
| <null>     |
| <null>     |
| <null>     |
| 2001-2-28  |
| 2000-2-29  |
| 10000-1-1  |
| 9999-12-31 |
| <null>     |
| 1-1-1      |
+------------+
16 rows selected.
Running time elapsed:      4.77 Seconds
SQL> 
SQL> --缺失日期
SQL> insert into T_TYPE_DATE values(to_timestamp('1994-02','yyyy-mm')); --缺失日时默认是1日
1 row affected
Running time elapsed:      0.59 Seconds
SQL> --查询表T_TYPE_DATE
SQL> select * from T_TYPE_DATE;
+------------+
| A1         |
+------------+
| 1994-2-1   |
| 1994-1-18  |
| 1970-11-26 |
| 1994-2-18  |
| 1994-2-8   |
| 1994-1-1   |
| 1994-2-8   |
| 1994-2-8   |
| <null>     |
| <null>     |
| <null>     |
| 2001-2-28  |
| 2000-2-29  |
| 10000-1-1  |
| 9999-12-31 |
| <null>     |
| 1-1-1      |
+------------+
17 rows selected.
Running time elapsed:      4.92 Seconds
SQL> 
SQL> --验证插入int类型
SQL> insert into T_TYPE_DATE values(20200208);
java.sql.SQLException: S1000 General error Caused by [cannot resolve 'CAST(20200208 AS DATE)' due to data type mismatch: cannot cast int to date;;
'UnresolvedInlineTable [A1], [Buffer(cast(20200208 as date))]
]
Running time elapsed:      1.85 Seconds
SQL> --查询表T_TYPE_DATE
SQL> select * from T_TYPE_DATE;
+------------+
| A1         |
+------------+
| 1994-2-1   |
| 1994-1-18  |
| 1970-11-26 |
| 1994-2-18  |
| 1994-2-8   |
| 1994-1-1   |
| 1994-2-8   |
| 1994-2-8   |
| <null>     |
| <null>     |
| <null>     |
| 2001-2-28  |
| 2000-2-29  |
| 10000-1-1  |
| 9999-12-31 |
| <null>     |
| 1-1-1      |
+------------+
17 rows selected.
Running time elapsed:      4.84 Seconds
SQL> 
SQL> --验证插入double类型
SQL> insert into T_TYPE_DATE values(20100505.102345);
java.sql.SQLException: S1000 General error Caused by [cannot resolve 'CAST(20100505.102345BD AS DATE)' due to data type mismatch: cannot cast decimal(14,6) to date;;
'UnresolvedInlineTable [A1], [Buffer(cast(20100505.102345 as date))]
]
Running time elapsed:      0.03 Seconds
SQL> --查询表T_TYPE_DATE
SQL> select * from T_TYPE_DATE;
+------------+
| A1         |
+------------+
| 1994-2-1   |
| 1994-1-18  |
| 1970-11-26 |
| 1994-2-18  |
| 1994-2-8   |
| 1994-1-1   |
| 1994-2-8   |
| 1994-2-8   |
| <null>     |
| <null>     |
| <null>     |
| 2001-2-28  |
| 2000-2-29  |
| 10000-1-1  |
| 9999-12-31 |
| <null>     |
| 1-1-1      |
+------------+
17 rows selected.
Running time elapsed:      4.89 Seconds
SQL> 
SQL> --验证插入varchar类型，插入数字'20100111'
SQL> insert into T_TYPE_DATE values('20100111');
1 row affected
Running time elapsed:      1.26 Seconds
SQL> --查询表T_TYPE_DATE
SQL> select * from T_TYPE_DATE;
+------------+
| A1         |
+------------+
| <null>     |
| 1994-2-1   |
| 1994-1-18  |
| 1970-11-26 |
| 1994-2-18  |
| 1994-2-8   |
| 1994-1-1   |
| 1994-2-8   |
| 1994-2-8   |
| <null>     |
| <null>     |
| <null>     |
| 2001-2-28  |
| 2000-2-29  |
| 10000-1-1  |
| 9999-12-31 |
| <null>     |
| 1-1-1      |
+------------+
18 rows selected.
Running time elapsed:      4.84 Seconds
SQL> 
SQL> --验证插入varchar类型，插入英文字母'AAAbcd'
SQL> insert into T_TYPE_DATE values('AAAbcd');
1 row affected
Running time elapsed:      0.50 Seconds
SQL> --查询表T_TYPE_DATE
SQL> select * from T_TYPE_DATE;
+------------+
| A1         |
+------------+
| <null>     |
| <null>     |
| 1994-2-1   |
| 1994-1-18  |
| 1970-11-26 |
| 1994-2-18  |
| 1994-2-8   |
| 1994-1-1   |
| 1994-2-8   |
| 1994-2-8   |
| <null>     |
| <null>     |
| <null>     |
| 2001-2-28  |
| 2000-2-29  |
| 10000-1-1  |
| 9999-12-31 |
| <null>     |
| 1-1-1      |
+------------+
19 rows selected.
Running time elapsed:      4.95 Seconds
SQL> 
SQL> --验证插入varchar类型，插入汉字'北京'
SQL> insert into T_TYPE_DATE values('北京');
1 row affected
Running time elapsed:      0.51 Seconds
SQL> --查询表T_TYPE_DATE
SQL> select * from T_TYPE_DATE;
+------------+
| A1         |
+------------+
| <null>     |
| <null>     |
| <null>     |
| 1994-2-1   |
| 1994-1-18  |
| 1970-11-26 |
| 1994-2-18  |
| 1994-2-8   |
| 1994-1-1   |
| 1994-2-8   |
| 1994-2-8   |
| <null>     |
| <null>     |
| <null>     |
| 2001-2-28  |
| 2000-2-29  |
| 10000-1-1  |
| 9999-12-31 |
| <null>     |
| 1-1-1      |
+------------+
20 rows selected.
Running time elapsed:      5.75 Seconds
SQL> 
SQL> --验证插入timestamp类型，格式yyyy-mm-dd hh24:mi:ss
SQL> insert into T_TYPE_DATE values(TO_TIMESTAMP('2020-05-08 12:19:01', 'yyyy-mm-dd hh24:mi:ss'));
1 row affected
Running time elapsed:      0.48 Seconds
SQL> --查询表T_TYPE_DATE
SQL> select * from T_TYPE_DATE;
+------------+
| A1         |
+------------+
| 2020-5-8   |
| <null>     |
| <null>     |
| <null>     |
| 1994-2-1   |
| 1994-1-18  |
| 1970-11-26 |
| 1994-2-18  |
| 1994-2-8   |
| 1994-1-1   |
| 1994-2-8   |
| 1994-2-8   |
| <null>     |
| <null>     |
| <null>     |
| 2001-2-28  |
| 2000-2-29  |
| 10000-1-1  |
| 9999-12-31 |
| <null>     |
| 1-1-1      |
+------------+
21 rows selected.
Running time elapsed:      5.60 Seconds
SQL> 
SQL> --验证插入boolean类型，插入true
SQL> insert into T_TYPE_DATE values(true);
java.sql.SQLException: S1000 General error Caused by [cannot resolve 'CAST(true AS DATE)' due to data type mismatch: cannot cast boolean to date;;
'UnresolvedInlineTable [A1], [Buffer(cast(true as date))]
]
Running time elapsed:      0.09 Seconds
SQL> --查询表T_TYPE_DATE
SQL> select * from T_TYPE_DATE;
+------------+
| A1         |
+------------+
| 2020-5-8   |
| <null>     |
| <null>     |
| <null>     |
| 1994-2-1   |
| 1994-1-18  |
| 1970-11-26 |
| 1994-2-18  |
| 1994-2-8   |
| 1994-1-1   |
| 1994-2-8   |
| 1994-2-8   |
| <null>     |
| <null>     |
| <null>     |
| 2001-2-28  |
| 2000-2-29  |
| 10000-1-1  |
| 9999-12-31 |
| <null>     |
| 1-1-1      |
+------------+
21 rows selected.
Running time elapsed:      5.63 Seconds
SQL> 
SQL> --验证插入boolean类型，插入false
SQL> insert into T_TYPE_DATE values(false);
java.sql.SQLException: S1000 General error Caused by [cannot resolve 'CAST(false AS DATE)' due to data type mismatch: cannot cast boolean to date;;
'UnresolvedInlineTable [A1], [Buffer(cast(false as date))]
]
Running time elapsed:      0.03 Seconds
SQL> --查询表T_TYPE_DATE
SQL> select * from T_TYPE_DATE;
+------------+
| A1         |
+------------+
| 2020-5-8   |
| <null>     |
| <null>     |
| <null>     |
| 1994-2-1   |
| 1994-1-18  |
| 1970-11-26 |
| 1994-2-18  |
| 1994-2-8   |
| 1994-1-1   |
| 1994-2-8   |
| 1994-2-8   |
| <null>     |
| <null>     |
| <null>     |
| 2001-2-28  |
| 2000-2-29  |
| 10000-1-1  |
| 9999-12-31 |
| <null>     |
| 1-1-1      |
+------------+
21 rows selected.
Running time elapsed:      5.84 Seconds
SQL> 
SQL> --验证插入空值''                                                   
SQL> insert into T_TYPE_DATE values('');     
1 row affected
Running time elapsed:      0.69 Seconds
SQL> --查询表T_TYPE_DATE
SQL> select * from T_TYPE_DATE;
+------------+
| A1         |
+------------+
| <null>     |
| 2020-5-8   |
| <null>     |
| <null>     |
| <null>     |
| 1994-2-1   |
| 1994-1-18  |
| 1970-11-26 |
| 1994-2-18  |
| 1994-2-8   |
| 1994-1-1   |
| 1994-2-8   |
| 1994-2-8   |
| <null>     |
| <null>     |
| <null>     |
| 2001-2-28  |
| 2000-2-29  |
| 10000-1-1  |
| 9999-12-31 |
| <null>     |
| 1-1-1      |
+------------+
22 rows selected.
Running time elapsed:      5.53 Seconds
SQL> 
SQL> --验证插入空格' '                                                   
SQL> insert into T_TYPE_DATE values(' ');     
1 row affected
Running time elapsed:      0.45 Seconds
SQL> --查询表T_TYPE_DATE
SQL> select * from T_TYPE_DATE;
+------------+
| A1         |
+------------+
| <null>     |
| <null>     |
| 2020-5-8   |
| <null>     |
| <null>     |
| <null>     |
| 1994-2-1   |
| 1994-1-18  |
| 1970-11-26 |
| 1994-2-18  |
| 1994-2-8   |
| 1994-1-1   |
| 1994-2-8   |
| 1994-2-8   |
| <null>     |
| <null>     |
| <null>     |
| 2001-2-28  |
| 2000-2-29  |
| 10000-1-1  |
| 9999-12-31 |
| <null>     |
| 1-1-1      |
+------------+
23 rows selected.
Running time elapsed:      5.90 Seconds
SQL> 
SQL> --验证插入null                                                    
SQL> insert into T_TYPE_DATE values(null);  
1 row affected
Running time elapsed:      0.55 Seconds
SQL> --查询表T_TYPE_DATE
SQL> select * from T_TYPE_DATE;  
+------------+
| A1         |
+------------+
| <null>     |
| <null>     |
| <null>     |
| 2020-5-8   |
| <null>     |
| <null>     |
| <null>     |
| 1994-2-1   |
| 1994-1-18  |
| 1970-11-26 |
| 1994-2-18  |
| 1994-2-8   |
| 1994-1-1   |
| 1994-2-8   |
| 1994-2-8   |
| <null>     |
| <null>     |
| <null>     |
| 2001-2-28  |
| 2000-2-29  |
| 10000-1-1  |
| 9999-12-31 |
| <null>     |
| 1-1-1      |
+------------+
24 rows selected.
Running time elapsed:      6.16 Seconds
SQL> 
SQL> --验证插入NULL                                                   
SQL> insert into T_TYPE_DATE values(NULL);  
1 row affected
Running time elapsed:      0.54 Seconds
SQL> --查询表T_TYPE_DATE
SQL> select * from T_TYPE_DATE;
+------------+
| A1         |
+------------+
| <null>     |
| <null>     |
| <null>     |
| <null>     |
| 2020-5-8   |
| <null>     |
| <null>     |
| <null>     |
| 1994-2-1   |
| 1994-1-18  |
| 1970-11-26 |
| 1994-2-18  |
| 1994-2-8   |
| 1994-1-1   |
| 1994-2-8   |
| 1994-2-8   |
| <null>     |
| <null>     |
| <null>     |
| 2001-2-28  |
| 2000-2-29  |
| 10000-1-1  |
| 9999-12-31 |
| <null>     |
| 1-1-1      |
+------------+
25 rows selected.
Running time elapsed:      7.22 Seconds
SQL> 
SQL> --验证插入0000-00-00
SQL> insert into T_TYPE_TIMESTAMP values(to_date('0000-00-00','yyyy-mm-dd'));
java.sql.SQLSyntaxErrorException: user lacks privilege or object not found: T_TYPE_TIMESTAMP in statement [insert into T_TYPE_TIMESTAMP values(to_date('0000-00-00','yyyy-mm-dd'))]
Running time elapsed:      0.01 Seconds
SQL> --查询表T_TYPE_DATE
SQL> select * from T_TYPE_DATE;
+------------+
| A1         |
+------------+
| <null>     |
| <null>     |
| <null>     |
| <null>     |
| 2020-5-8   |
| <null>     |
| <null>     |
| <null>     |
| 1994-2-1   |
| 1994-1-18  |
| 1970-11-26 |
| 1994-2-18  |
| 1994-2-8   |
| 1994-1-1   |
| 1994-2-8   |
| 1994-2-8   |
| <null>     |
| <null>     |
| <null>     |
| 2001-2-28  |
| 2000-2-29  |
| 10000-1-1  |
| 9999-12-31 |
| <null>     |
| 1-1-1      |
+------------+
25 rows selected.
Running time elapsed:      6.37 Seconds
SQL> 
SQL> --会话变量：ALLOW_INVALID_DATES
   > --开启，无效日期直接报invalid date/time error
SQL> insert into T_TYPE_DATE values(to_date('1967-13-01','yyyy-mm-dd'));
1 row affected
Running time elapsed:      0.65 Seconds
SQL> --查询表T_TYPE_DATE
SQL> select * from T_TYPE_DATE;
+------------+
| A1         |
+------------+
| <null>     |
| <null>     |
| <null>     |
| <null>     |
| <null>     |
| 2020-5-8   |
| <null>     |
| <null>     |
| <null>     |
| 1994-2-1   |
| 1994-1-18  |
| 1970-11-26 |
| 1994-2-18  |
| 1994-2-8   |
| 1994-1-1   |
| 1994-2-8   |
| 1994-2-8   |
| <null>     |
| <null>     |
| <null>     |
| 2001-2-28  |
| 2000-2-29  |
| 10000-1-1  |
| 9999-12-31 |
| <null>     |
| 1-1-1      |
+------------+
26 rows selected.
Running time elapsed:      6.71 Seconds
SQL> 
SQL> --禁用，无效日期转换为0000-00-00，并报warning
SQL> insert into T_TYPE_DATE values(to_date('1967-13-01','yyyy-mm-dd'));
1 row affected
Running time elapsed:      0.86 Seconds
SQL> --查询表T_TYPE_DATE
SQL> select * from T_TYPE_DATE;
+------------+
| A1         |
+------------+
| <null>     |
| <null>     |
| <null>     |
| <null>     |
| <null>     |
| <null>     |
| 2020-5-8   |
| <null>     |
| <null>     |
| <null>     |
| 1994-2-1   |
| 1994-1-18  |
| 1970-11-26 |
| 1994-2-18  |
| 1994-2-8   |
| 1994-1-1   |
| 1994-2-8   |
| 1994-2-8   |
| <null>     |
| <null>     |
| <null>     |
| 2001-2-28  |
| 2000-2-29  |
| 10000-1-1  |
| 9999-12-31 |
| <null>     |
| 1-1-1      |
+------------+
27 rows selected.
Running time elapsed:      8.59 Seconds
Running time elapsed:    167.44 Seconds
